{"type": "FeatureCollection", "features": [{"type": "Feature", "geometry": {"type": "Polygon", "coordinates": [[[-78.613526, 35.774672], [-78.613993, 35.777679], [-78.605957, 35.774772], [-78.599496, 35.772711], [-78.598116, 35.772363], [-78.594539, 35.771479], [-78.591176, 35.77254], [-78.584602, 35.772074], [-78.583272, 35.771051], [-78.583442, 35.768063], [-78.582116, 35.765106], [-78.583, 35.76254], [-78.58294, 35.75837], [-78.585707, 35.760503], [-78.589951, 35.758821], [-78.591772, 35.757148], [-78.596497, 35.75702], [-78.597963, 35.758296], [-78.598234, 35.758731], [-78.598242, 35.758955], [-78.598886, 35.760084], [-78.600075, 35.760254], [-78.602354, 35.762476], [-78.60844, 35.762996], [-78.609019, 35.763468], [-78.612414, 35.770503], [-78.614434, 35.769772], [-78.613526, 35.774672]]]}, "properties": {"id": "37183052002", "name": "Census Tract 520.02", "median_ratio": 0.8921, "relative_to_county": -6.2, "sales": 37, "enough_sales": true}}, {"type": "Feature", "geometry": {"type": "Polygon", "coordinates": [[[-78.802851, 35.776299], [-78.79896, 35.783442], [-78.797286, 35.785125], [-78.79522, 35.786295], [-78.793348, 35.786874], [-78.788194, 35.787421], [-78.783293, 35.787861], [-78.781204, 35.788035], [-78.781229, 35.785083], [-78.781244, 35.783061], [-78.780447, 35.782501], [-78.780561, 35.780109], [-78.781641, 35.778654], [-78.781662, 35.775043], [-78.781754, 35.771179], [-78.782572, 35.771312], [-78.792878, 35.771628], [-78.795215, 35.771701], [-78.796809, 35.771865], [-78.797452, 35.772239], [-78.800779, 35.775522], [-78.802851, 35.776299]]]}, "properties": {"id": "37183053507", "name": "Census Tract 535.07", "median_ratio": 0.9487, "relative_to_county": -0.2, "sales": 34, "enough_sales": true}}, {"type": "Feature", "geometry": {"type": "Polygon", "coordinates": [[[-78.645779, 35.878996], [-78.64272, 35.878431], [-78.638116, 35.878826], [-78.634717, 35.879919], [-78.625097, 35.879552], [-78.623241, 35.875279], [-78.62228, 35.872921], [-78.624906, 35.870608], [-78.626806, 35.870518], [-78.627433, 35.870442], [-78.632763, 35.868001], [-78.634337, 35.866886], [-78.636959, 35.861485], [-78.638066, 35.861462], [-78.637561, 35.863037], [-78.63753, 35.864877], [-78.638597, 35.867883], [-78.641736, 35.871564], [-78.642282, 35.872201], [-78.644728, 35.875164], [-78.645779, 35.878996]]]}, "properties": {"id": "37183054006", "name": "Census Tract 540.06", "median_ratio": 0.8832, "relative_to_county": -7.1, "sales": 29, "enough_sales": true}}, {"type": "Feature", "geometry": {"type": "Polygon", "coordinates": [[[-78.699925, 35.885346], [-78.698717, 35.886533], [-78.695068, 35.888883], [-78.692855, 35.887808], [-78.692208, 35.887464], [-78.690844, 35.886163], [-78.689796, 35.883325], [-78.68991, 35.880164], [-78.69033, 35.874723], [-78.690887, 35.873886], [-78.691357, 35.873269], [-78.694012, 35.869705], [-78.69498, 35.86918], [-78.698821, 35.86837], [-78.699242, 35.869083], [-78.697198, 35.872952], [-78.69869, 35.873693], [-78.698425, 35.876826], [-78.699634, 35.877853], [-78.701019, 35.883099], [-78.699925, 35.885346]]]}, "properties": {"id": "37183053713", "name": "Census Tract 537.13", "median_ratio": null, "relative_to_county": null, "sales": 3, "enough_sales": false}}, {"type": "Feature", "geometry": {"type": "Polygon", "coordinates": [[[-78.779907, 35.739692], [-78.776225, 35.74134], [-78.770282, 35.741686], [-78.763857, 35.74316], [-78.7577, 35.745311], [-78.75472, 35.74552], [-78.755735, 35.742801], [-78.75662, 35.740356], [-78.75688, 35.738722], [-78.758271, 35.733736], [-78.758283, 35.731708], [-78.761277, 35.726839], [-78.762382, 35.726455], [-78.765262, 35.726417], [-78.767325, 35.726558], [-78.76931, 35.727614], [-78.7734, 35.72816], [-78.77719, 35.729197], [-78.776924, 35.730738], [-78.780094, 35.738158], [-78.779907, 35.739692]]]}, "properties": {"id": "37183053004", "name": "Census Tract 530.04", "median_ratio": 0.9066, "relative_to_county": -4.6, "sales": 31, "enough_sales": true}}, {"type": "Feature", "geometry": {"type": "Polygon", "coordinates": [[[-78.799039, 35.767629], [-78.795758, 35.768221], [-78.79544, 35.769472], [-78.795334, 35.769908], [-78.795215, 35.771701], [-78.792878, 35.771628], [-78.782572, 35.771312], [-78.781754, 35.771179], [-78.782133, 35.768201], [-78.783451, 35.764834], [-78.783415, 35.761858], [-78.78306, 35.757919], [-78.786706, 35.757158], [-78.791443, 35.757438], [-78.795989, 35.755825], [-78.797443, 35.75735], [-78.797429, 35.759608], [-78.798999, 35.76057], [-78.798649, 35.760937], [-78.798109, 35.763448], [-78.79908, 35.765486], [-78.799039, 35.767629]]]}, "properties": {"id": "37183053519", "name": "Census Tract 535.19", "median_ratio": 0.929, "relative_to_county": -2.3, "sales": 42, "enough_sales": true}}, {"type": "Feature", "geometry": {"type": "Polygon", "coordinates": [[[-78.862909, 35.814788], [-78.861673, 35.816286], [-78.855194, 35.817241], [-78.848914, 35.81576], [-78.847476, 35.816282], [-78.847457, 35.815678], [-78.847849, 35.81424], [-78.848002, 35.813636], [-78.848233, 35.812109], [-78.84821, 35.811649], [-78.847767, 35.808914], [-78.848743, 35.805361], [-78.848623, 35.80333], [-78.848663, 35.7982], [-78.847088, 35.792778], [-78.847219, 35.791431], [-78.850037, 35.790161], [-78.857413, 35.789348], [-78.856972, 35.791418], [-78.857096, 35.791767], [-78.85721, 35.791914], [-78.857353, 35.792043], [-78.857535, 35.792171], [-78.857768, 35.792314], [-78.85802, 35.792457], [-78.858141, 35.792526], [-78.85773, 35.793775], [-78.857665, 35.796896], [-78.858811, 35.800569], [-78.861333, 35.802031], [-78.861568, 35.807873], [-78.86362, 35.810857], [-78.862909, 35.814788]]]}, "properties": {"id": "37183053604", "name": "Census Tract 536.04", "median_ratio": 0.9087, "relative_to_county": -4.4, "sales": 40, "enough_sales": true}}, {"type": "Feature", "geometry": {"type": "Polygon", "coordinates": [[[-78.632022, 35.669282], [-78.631194, 35.673072], [-78.629839, 35.674232], [-78.628525, 35.675031], [-78.627534, 35.675586], [-78.625067, 35.676976], [-78.618813, 35.683935], [-78.617595, 35.686125], [-78.617353, 35.686543], [-78.616523, 35.696463], [-78.616759, 35.697726], [-78.618764, 35.703868], [-78.620163, 35.708245], [-78.623579, 35.710071], [-78.622863, 35.710794], [-78.618273, 35.708412], [-78.613338, 35.70651], [-78.611923, 35.700505], [-78.611495, 35.699531], [-78.604937, 35.689107], [-78.60406, 35.686251], [-78.603451, 35.676956], [-78.603389, 35.675437], [-78.603472, 35.673171], [-78.604048, 35.670709], [-78.6046, 35.669359], [-78.607117, 35.663819], [-78.609777, 35.660874], [-78.610863, 35.661877], [-78.611416, 35.662239], [-78.613567, 35.662381], [-78.617369, 35.664196], [-78.625576, 35.665883], [-78.627832, 35.667692], [-78.631418, 35.668469], [-78.632022, 35.669282]]]}, "properties": {"id": "37183052812", "name": "Census Tract 528.12", "median_ratio": 0.9401, "relative_to_county": -1.1, "sales": 60, "enough_sales": true}}, {"type": "Feature", "geometry": {"type": "Polygon", "coordinates": [[[-78.690032, 35.598326], [-78.686315, 35.609424], [-78.6838, 35.615769], [-78.682464, 35.619386], [-78.678889, 35.624891], [-78.677454, 35.626387], [-78.673863, 35.632609], [-78.671348, 35.634562], [-78.667528, 35.62788], [-78.667416, 35.62553], [-78.668372, 35.620998], [-78.66801, 35.615929], [-78.666124, 35.612483], [-78.660954, 35.606247], [-78.654975, 35.601539], [-78.650579, 35.595948], [-78.643165, 35.589557], [-78.641966, 35.58879], [-78.671219, 35.583803], [-78.673486, 35.583693], [-78.677033, 35.584255], [-78.678171, 35.584631], [-78.679062, 35.585008], [-78.679669, 35.585304], [-78.681161, 35.586106], [-78.690524, 35.591038], [-78.690032, 35.598326]]]}, "properties": {"id": "37183052905", "name": "Census Tract 529.05", "median_ratio": 0.9372, "relative_to_county": -1.4, "sales": 38, "enough_sales": true}}, {"type": "Feature", "geometry": {"type": "Polygon", "coordinates": [[[-78.718144, 35.753447], [-78.717435, 35.755251], [-78.717122, 35.756049], [-78.710334, 35.752991], [-78.706603, 35.752194], [-78.701177, 35.751791], [-78.698328, 35.751833], [-78.6947, 35.752138], [-78.694735, 35.75185], [-78.69491, 35.750295], [-78.695811, 35.746621], [-78.695837, 35.74652], [-78.70046, 35.748194], [-78.701185, 35.748374], [-78.705531, 35.749405], [-78.708138, 35.749863], [-78.717759, 35.748878], [-78.718122, 35.751339], [-78.718144, 35.753447]]]}, "properties": {"id": "37183052306", "name": "Census Tract 523.06", "median_ratio": 0.9521, "relative_to_county": 0.2, "sales": 26, "enough_sales": true}}, {"type": "Feature", "geometry": {"type": "Polygon", "coordinates": [[[-78.646179, 35.799558], [-78.645955, 35.804079], [-78.646174, 35.804545], [-78.643724, 35.807521], [-78.643301, 35.808952], [-78.642496, 35.809224], [-78.640453, 35.8107], [-78.639501, 35.812477], [-78.636662, 35.815188], [-78.635776, 35.817048], [-78.633364, 35.819184], [-78.634128, 35.821155], [-78.633341, 35.820275], [-78.62882, 35.8172], [-78.627569, 35.816311], [-78.625869, 35.815931], [-78.622378, 35.814517], [-78.619673, 35.813902], [-78.616741, 35.813147], [-78.615463, 35.81418], [-78.612141, 35.81471], [-78.610096, 35.814208], [-78.611447, 35.811055], [-78.610898, 35.810251], [-78.622662, 35.804972], [-78.623836, 35.804694], [-78.624316, 35.80461], [-78.629875, 35.803845], [-78.640134, 35.799335], [-78.641537, 35.798197], [-78.642481, 35.796678], [-78.645094, 35.79783], [-78.646307, 35.797885], [-78.646179, 35.799558]]]}, "properties": {"id": "37183051800", "name": "Census Tract 518", "median_ratio": 0.9139, "relative_to_county": -3.9, "sales": 76, "enough_sales": true}}, {"type": "Feature", "geometry": {"type": "Polygon", "coordinates": [[[-78.669679, 35.791775], [-78.670266, 35.793017], [-78.665237, 35.792677], [-78.662824, 35.791738], [-78.662794, 35.792028], [-78.660077, 35.797904], [-78.660208, 35.799844], [-78.658531, 35.799256], [-78.655438, 35.796367], [-78.652878, 35.795729], [-78.653205, 35.794033], [-78.651454, 35.790643], [-78.651017, 35.78866], [-78.650785, 35.786379], [-78.650558, 35.780903], [-78.652125, 35.781106], [-78.6575, 35.784016], [-78.660646, 35.785403], [-78.661348, 35.785672], [-78.662431, 35.7861], [-78.664029, 35.786653], [-78.67099, 35.788399], [-78.669679, 35.791775]]]}, "properties": {"id": "37183051200", "name": "Census Tract 512", "median_ratio": null, "relative_to_county": null, "sales": 14, "enough_sales": false}}, {"type": "Feature", "geometry": {"type": "Polygon", "coordinates": [[[-78.698821, 35.86837], [-78.69498, 35.86918], [-78.694012, 35.869705], [-78.691357, 35.873269], [-78.690887, 35.873886], [-78.69033, 35.874723], [-78.68991, 35.880164], [-78.689796, 35.883325], [-78.690844, 35.886163], [-78.690676, 35.886284], [-78.687528, 35.887858], [-78.684848, 35.889253], [-78.684257, 35.889478], [-78.683753, 35.889551], [-78.682068, 35.889593], [-78.679788, 35.889668], [-78.679432, 35.886212], [-78.679051, 35.882956], [-78.678737, 35.879166], [-78.679474, 35.872971], [-78.680489, 35.86515], [-78.680499, 35.865077], [-78.680666, 35.863755], [-78.680716, 35.862923], [-78.680671, 35.861632], [-78.68057, 35.859519], [-78.682385, 35.860758], [-78.686503, 35.8614], [-78.689777, 35.861225], [-78.695135, 35.862147], [-78.696542, 35.863763], [-78.698821, 35.86837]]]}, "properties": {"id": "37183053714", "name": "Census Tract 537.14", "median_ratio": 0.905, "relative_to_county": -4.8, "sales": 53, "enough_sales": true}}, {"type": "Feature", "geometry": {"type": "Polygon", "coordinates": [[[-78.645518, 35.78964], [-78.642481, 35.796678], [-78.641537, 35.798197], [-78.640134, 35.799335], [-78.629875, 35.803845], [-78.624316, 35.80461], [-78.623836, 35.804694], [-78.624034, 35.804306], [-78.625826, 35.799378], [-78.629374, 35.797565], [-78.6313, 35.794438], [-78.632697, 35.792148], [-78.634275, 35.790408], [-78.634401, 35.788116], [-78.636032, 35.78786], [-78.638639, 35.788055], [-78.642237, 35.788235], [-78.642927, 35.788385], [-78.644153, 35.788633], [-78.64581, 35.788648], [-78.645518, 35.78964]]]}, "properties": {"id": "37183050400", "name": "Census Tract 504", "median_ratio": 0.9462, "relative_to_county": -0.5, "sales": 24, "enough_sales": true}}, {"type": "Feature", "geometry": {"type": "Polygon", "coordinates": [[[-78.637373, 35.763182], [-78.63151, 35.763347], [-78.631525, 35.76568], [-78.628353, 35.765672], [-78.62833, 35.767938], [-78.628594, 35.771085], [-78.630647, 35.771029], [-78.631537, 35.772732], [-78.626009, 35.772621], [-78.622277, 35.772544], [-78.621507, 35.772503], [-78.616877, 35.768384], [-78.615289, 35.765464], [-78.614113, 35.762096], [-78.616069, 35.761625], [-78.617193, 35.760888], [-78.618809, 35.757729], [-78.623841, 35.75794], [-78.631109, 35.757615], [-78.634392, 35.756639], [-78.634826, 35.758567], [-78.637373, 35.763182]]]}, "properties": {"id": "37183050800", "name": "Census Tract 508", "median_ratio": null, "relative_to_county": null, "sales": 9, "enough_sales": false}}, {"type": "Feature", "geometry": {"type": "Polygon", "coordinates": [[[-78.617603, 35.817655], [-78.616188, 35.819023], [-78.61224, 35.821348], [-78.610193, 35.822693], [-78.608717, 35.824403], [-78.607514, 35.827303], [-78.605943, 35.834804], [-78.604573, 35.834543], [-78.602233, 35.83465], [-78.59433, 35.835743], [-78.593104, 35.835621], [-78.591291, 35.835337], [-78.589773, 35.835586], [-78.582987, 35.837632], [-78.581187, 35.837327], [-78.581179, 35.836777], [-78.58239, 35.83502], [-78.583798, 35.832816], [-78.586154, 35.826017], [-78.587346, 35.824167], [-78.589137, 35.822353], [-78.591756, 35.820712], [-78.595848, 35.818812], [-78.604965, 35.814398], [-78.605111, 35.81433], [-78.611447, 35.811055], [-78.610096, 35.814208], [-78.612141, 35.81471], [-78.615463, 35.81418], [-78.616741, 35.813147], [-78.619673, 35.813902], [-78.617603, 35.817655]]]}, "properties": {"id": "37183052705", "name": "Census Tract 527.05", "median_ratio": 0.9564, "relative_to_county": 0.6, "sales": 39, "enough_sales": true}}, {"type": "Feature", "geometry": {"type": "Polygon", "coordinates": [[[-78.681612, 35.842782], [-78.681119, 35.843174], [-78.680933, 35.843354], [-78.680232, 35.844419], [-78.68057, 35.859519], [-78.677842, 35.857047], [-78.671573, 35.856547], [-78.667314, 35.857845], [-78.66294, 35.856639], [-78.661172, 35.855492], [-78.661533, 35.855346], [-78.663148, 35.854424], [-78.664088, 35.851722], [-78.663245, 35.84858], [-78.660932, 35.847519], [-78.663071, 35.845405], [-78.662054, 35.841471], [-78.663687, 35.839999], [-78.664007, 35.838149], [-78.66637, 35.838215], [-78.668929, 35.839497], [-78.671652, 35.838136], [-78.673861, 35.837988], [-78.674912, 35.836719], [-78.676178, 35.836754], [-78.676986, 35.836787], [-78.679071, 35.837709], [-78.684255, 35.841338], [-78.681612, 35.842782]]]}, "properties": {"id": "37183052505", "name": "Census Tract 525.05", "median_ratio": 0.9514, "relative_to_county": 0.1, "sales": 34, "enough_sales": true}}, {"type": "Feature", "geometry": {"type": "Polygon", "coordinates": [[[-78.712882, 35.859727], [-78.712224, 35.862194], [-78.711987, 35.862564], [-78.711861, 35.862704], [-78.709989, 35.861434], [-78.706403, 35.858917], [-78.700281, 35.854689], [-78.699796, 35.854342], [-78.692674, 35.849408], [-78.688122, 35.845691], [-78.688245, 35.845549], [-78.688553, 35.844638], [-78.695372, 35.845634], [-78.699916, 35.841985], [-78.701521, 35.842007], [-78.704018, 35.841447], [-78.705347, 35.84121], [-78.707384, 35.840958], [-78.710185, 35.842649], [-78.711957, 35.844875], [-78.710487, 35.846598], [-78.711254, 35.85212], [-78.711379, 35.854283], [-78.712349, 35.856646], [-78.712759, 35.857771], [-78.712882, 35.859727]]]}, "properties": {"id": "37183052507", "name": "Census Tract 525.07", "median_ratio": 0.9433, "relative_to_county": -0.8, "sales": 21, "enough_sales": true}}, {"type": "Feature", "geometry": {"type": "Polygon", "coordinates": [[[-78.661828, 35.836958], [-78.656307, 35.836452], [-78.64608, 35.835366], [-78.63859, 35.834526], [-78.634146, 35.833958], [-78.632118, 35.83334], [-78.630072, 35.832016], [-78.628783, 35.830435], [-78.630139, 35.82878], [-78.628536, 35.825665], [-78.629591, 35.823117], [-78.62882, 35.8172], [-78.633341, 35.820275], [-78.634128, 35.821155], [-78.635944, 35.824297], [-78.637846, 35.823647], [-78.637726, 35.821586], [-78.641383, 35.822053], [-78.646475, 35.823714], [-78.649182, 35.825944], [-78.651151, 35.827859], [-78.65521, 35.828321], [-78.655292, 35.831861], [-78.65993, 35.834853], [-78.661828, 35.836958]]]}, "properties": {"id": "37183052603", "name": "Census Tract 526.03", "median_ratio": 0.9231, "relative_to_county": -2.9, "sales": 29, "enough_sales": true}}, {"type": "Feature", "geometry": {"type": "Polygon", "coordinates": [[[-78.835157, 35.730463], [-78.832319, 35.731273], [-78.832942, 35.734147], [-78.832563, 35.735807], [-78.829653, 35.73681], [-78.828203, 35.737792], [-78.821651, 35.743224], [-78.820375, 35.745243], [-78.819965, 35.745584], [-78.816424, 35.746122], [-78.816268, 35.745977], [-78.815204, 35.743975], [-78.812138, 35.742239], [-78.812098, 35.742085], [-78.80569, 35.740838], [-78.798335, 35.73892], [-78.792612, 35.737344], [-78.810236, 35.72781], [-78.813629, 35.726217], [-78.814646, 35.725846], [-78.819405, 35.724559], [-78.822973, 35.723632], [-78.823506, 35.723821], [-78.825668, 35.724733], [-78.827283, 35.725622], [-78.829182, 35.726801], [-78.832053, 35.727638], [-78.833706, 35.728037], [-78.834474, 35.728245], [-78.836179, 35.728958], [-78.835157, 35.730463]]]}, "properties": {"id": "37183053419", "name": "Census Tract 534.19", "median_ratio": 0.9742, "relative_to_county": 2.5, "sales": 35, "enough_sales": true}}, {"type": "Feature", "geometry": {"type": "Polygon", "coordinates": [[[-78.87089, 35.787758], [-78.866888, 35.788756], [-78.859898, 35.788983], [-78.85776, 35.789284], [-78.851422, 35.782998], [-78.849657, 35.781219], [-78.848783, 35.780046], [-78.84302, 35.771191], [-78.8427, 35.767571], [-78.844206, 35.769565], [-78.846012, 35.773723], [-78.849073, 35.772922], [-78.853125, 35.77369], [-78.855562, 35.773093], [-78.859549, 35.776141], [-78.860008, 35.777015], [-78.865004, 35.777419], [-78.867526, 35.778291], [-78.868153, 35.778423], [-78.8722, 35.779454], [-78.87089, 35.787758]]]}, "properties": {"id": "37183053408", "name": "Census Tract 534.08", "median_ratio": 0.9509, "relative_to_county": 0.0, "sales": 38, "enough_sales": true}}, {"type": "Feature", "geometry": {"type": "Polygon", "coordinates": [[[-78.491854, 35.836468], [-78.488711, 35.835584], [-78.484361, 35.836453], [-78.481879, 35.836872], [-78.477619, 35.836418], [-78.473669, 35.835114], [-78.468695, 35.832443], [-78.457371, 35.830442], [-78.453729, 35.831386], [-78.449773, 35.831907], [-78.451039, 35.830434], [-78.451939, 35.822038], [-78.451456, 35.816372], [-78.452571, 35.810634], [-78.452506, 35.806824], [-78.452591, 35.806659], [-78.455536, 35.807695], [-78.457162, 35.807852], [-78.458466, 35.807663], [-78.464856, 35.805691], [-78.466721, 35.80484], [-78.472576, 35.799771], [-78.474764, 35.798973], [-78.487454, 35.798227], [-78.485255, 35.807708], [-78.484643, 35.808725], [-78.484519, 35.808874], [-78.488227, 35.809549], [-78.487665, 35.812031], [-78.48743, 35.813076], [-78.487163, 35.814259], [-78.4865, 35.817144], [-78.485906, 35.819671], [-78.486864, 35.823338], [-78.489066, 35.828192], [-78.49029, 35.830891], [-78.491839, 35.834924], [-78.491854, 35.836468]]]}, "properties": {"id": "37183054112", "name": "Census Tract 541.12", "median_ratio": 0.97, "relative_to_county": 2.0, "sales": 63, "enough_sales": true}}, {"type": "Feature", "geometry": {"type": "Polygon", "coordinates": [[[-78.791669, 35.924915], [-78.785606, 35.923701], [-78.77537, 35.921651], [-78.772002, 35.920979], [-78.764407, 35.919456], [-78.762864, 35.919147], [-78.75914, 35.918401], [-78.759107, 35.917312], [-78.760823, 35.915244], [-78.761136, 35.912457], [-78.762839, 35.908557], [-78.756326, 35.910593], [-78.755012, 35.910638], [-78.743204, 35.908857], [-78.737655, 35.909479], [-78.734131, 35.910065], [-78.728396, 35.911002], [-78.728378, 35.908049], [-78.728402, 35.907362], [-78.728168, 35.905382], [-78.726872, 35.903566], [-78.726568, 35.903079], [-78.724617, 35.898181], [-78.724758, 35.89814], [-78.725854, 35.898149], [-78.727078, 35.898785], [-78.729729, 35.900212], [-78.731954, 35.900927], [-78.736085, 35.900684], [-78.739156, 35.901133], [-78.741389, 35.902228], [-78.743573, 35.902623], [-78.746492, 35.902383], [-78.751309, 35.903085], [-78.755662, 35.904235], [-78.759207, 35.903249], [-78.761578, 35.902043], [-78.76576, 35.901678], [-78.771124, 35.905214], [-78.781826, 35.912574], [-78.785954, 35.915374], [-78.801972, 35.926972], [-78.791669, 35.924915]]]}, "properties": {"id": "37183053717", "name": "Census Tract 537.17", "median_ratio": 0.9522, "relative_to_county": 0.2, "sales": 85, "enough_sales": true}}, {"type": "Feature", "geometry": {"type": "Polygon", "coordinates": [[[-78.747634, 35.540179], [-78.74707, 35.540897], [-78.741428, 35.549162], [-78.740583, 35.555742], [-78.740224, 35.557149], [-78.738423, 35.560441], [-78.736174, 35.562074], [-78.731159, 35.557537], [-78.725817, 35.555137], [-78.724688, 35.554168], [-78.720969, 35.555658], [-78.718531, 35.555719], [-78.715089, 35.55611], [-78.707637, 35.557979], [-78.704751, 35.559647], [-78.70271, 35.56036], [-78.699244, 35.559764], [-78.691748, 35.557516], [-78.696742, 35.542331], [-78.69691, 35.541298], [-78.695841, 35.537292], [-78.694824, 35.533252], [-78.694364, 35.530079], [-78.698566, 35.527174], [-78.708902, 35.519458], [-78.724636, 35.524374], [-78.736752, 35.528136], [-78.738234, 35.528597], [-78.744552, 35.530565], [-78.744607, 35.530725], [-78.74482, 35.531333], [-78.745967, 35.534552], [-78.746305, 35.535642], [-78.746455, 35.536234], [-78.746624, 35.536936], [-78.746871, 35.537999], [-78.746971, 35.538425], [-78.747397, 35.539777], [-78.747634, 35.540179]]]}, "properties": {"id": "37183053115", "name": "Census Tract 531.15", "median_ratio": 0.9498, "relative_to_county": -0.1, "sales": 34, "enough_sales": true}}, {"type": "Feature", "geometry": {"type": "Polygon", "coordinates": [[[-78.567169, 35.953884], [-78.563395, 35.960242], [-78.562442, 35.965102], [-78.562651, 35.966192], [-78.56266, 35.967087], [-78.562524, 35.967447], [-78.56237, 35.96772], [-78.561817, 35.968612], [-78.561209, 35.969644], [-78.558639, 35.970452], [-78.560721, 35.975637], [-78.559232, 35.975192], [-78.552797, 35.974688], [-78.552284, 35.974309], [-78.551756, 35.97479], [-78.550148, 35.975585], [-78.541276, 35.978395], [-78.539321, 35.979045], [-78.541793, 35.965461], [-78.542224, 35.960943], [-78.541893, 35.958782], [-78.540039, 35.953025], [-78.539175, 35.949152], [-78.539146, 35.945932], [-78.539876, 35.945927], [-78.552649, 35.945291], [-78.551125, 35.950514], [-78.549935, 35.953178], [-78.546205, 35.956468], [-78.545833, 35.95788], [-78.546583, 35.960328], [-78.549962, 35.96436], [-78.550486, 35.96432], [-78.554809, 35.96079], [-78.555447, 35.955567], [-78.556013, 35.954429], [-78.559126, 35.951908], [-78.562322, 35.951363], [-78.563758, 35.951633], [-78.567169, 35.953884]]]}, "properties": {"id": "37183054212", "name": "Census Tract 542.12", "median_ratio": 0.9569, "relative_to_county": 0.7, "sales": 61, "enough_sales": true}}, {"type": "Feature", "geometry": {"type": "Polygon", "coordinates": [[[-78.841545, 35.843176], [-78.836475, 35.846008], [-78.830043, 35.837692], [-78.826999, 35.830529], [-78.826252, 35.825072], [-78.823791, 35.820912], [-78.823627, 35.820675], [-78.823916, 35.820471], [-78.824127, 35.820143], [-78.825665, 35.818874], [-78.827642, 35.820689], [-78.828274, 35.821563], [-78.830055, 35.822994], [-78.831757, 35.823199], [-78.836626, 35.825924], [-78.837946, 35.82678], [-78.838471, 35.827389], [-78.838677, 35.827818], [-78.838836, 35.828549], [-78.838785, 35.830543], [-78.83884, 35.833307], [-78.840964, 35.836379], [-78.841334, 35.83681], [-78.845614, 35.840661], [-78.841545, 35.843176]]]}, "properties": {"id": "37183053612", "name": "Census Tract 536.12", "median_ratio": 0.961, "relative_to_county": 1.1, "sales": 24, "enough_sales": true}}, {"type": "Feature", "geometry": {"type": "Polygon", "coordinates": [[[-78.573668, 35.842956], [-78.569354, 35.844896], [-78.564343, 35.847363], [-78.56316, 35.848467], [-78.562151, 35.846312], [-78.561479, 35.846408], [-78.559996, 35.84661], [-78.556459, 35.848192], [-78.555805, 35.848818], [-78.551243, 35.849342], [-78.550957, 35.848217], [-78.552128, 35.844842], [-78.550879, 35.843766], [-78.546832, 35.842919], [-78.547229, 35.840634], [-78.549065, 35.834952], [-78.548903, 35.834282], [-78.555526, 35.834033], [-78.556504, 35.833946], [-78.560086, 35.832684], [-78.563073, 35.831589], [-78.569242, 35.831196], [-78.569156, 35.834965], [-78.570613, 35.837352], [-78.573668, 35.842956]]]}, "properties": {"id": "37183054117", "name": "Census Tract 541.17", "median_ratio": 0.9652, "relative_to_county": 1.5, "sales": 58, "enough_sales": true}}, {"type": "Feature", "geometry": {"type": "Polygon", "coordinates": [[[-78.680271, 35.743091], [-78.675112, 35.747008], [-78.670059, 35.750309], [-78.667576, 35.752797], [-78.665509, 35.751662], [-78.663259, 35.752022], [-78.659559, 35.751033], [-78.657343, 35.746871], [-78.656136, 35.746364], [-78.655773, 35.746283], [-78.653423, 35.746668], [-78.650587, 35.74896], [-78.649044, 35.748813], [-78.648949, 35.743334], [-78.649327, 35.740906], [-78.650589, 35.735515], [-78.651321, 35.731989], [-78.651305, 35.731267], [-78.660089, 35.731372], [-78.660109, 35.731289], [-78.661686, 35.731338], [-78.663303, 35.731419], [-78.662533, 35.735889], [-78.662739, 35.73594], [-78.662651, 35.736409], [-78.663268, 35.736852], [-78.667554, 35.739345], [-78.669303, 35.740342], [-78.671911, 35.741756], [-78.680353, 35.742998], [-78.680271, 35.743091]]]}, "properties": {"id": "37183054501", "name": "Census Tract 545.01", "median_ratio": 0.9599, "relative_to_county": 1.0, "sales": 85, "enough_sales": true}}, {"type": "Feature", "geometry": {"type": "Polygon", "coordinates": [[[-78.724919, 35.859895], [-78.72548, 35.861708], [-78.725258, 35.863202], [-78.723578, 35.867513], [-78.723566, 35.867548], [-78.723458, 35.867757], [-78.72345, 35.867776], [-78.723283, 35.869641], [-78.722983, 35.870213], [-78.720854, 35.868702], [-78.711987, 35.862564], [-78.712224, 35.862194], [-78.712882, 35.859727], [-78.712759, 35.857771], [-78.712349, 35.856646], [-78.71657, 35.856023], [-78.717522, 35.858596], [-78.718785, 35.858463], [-78.721729, 35.85681], [-78.722248, 35.8564], [-78.722698, 35.855776], [-78.725586, 35.857203], [-78.724919, 35.859895]]]}, "properties": {"id": "37183053728", "name": "Census Tract 537.28", "median_ratio": 0.9259, "relative_to_county": -2.6, "sales": 33, "enough_sales": true}}, {"type": "Feature", "geometry": {"type": "Polygon", "coordinates": [[[-78.693459, 35.810658], [-78.690635, 35.815477], [-78.684169, 35.816262], [-78.682361, 35.815441], [-78.677564, 35.814088], [-78.673318, 35.814632], [-78.669102, 35.815959], [-78.670356, 35.813872], [-78.673611, 35.810705], [-78.673764, 35.808379], [-78.674678, 35.804338], [-78.6763, 35.802848], [-78.676121, 35.802225], [-78.676142, 35.801062], [-78.683831, 35.801116], [-78.685281, 35.801256], [-78.687448, 35.80183], [-78.691543, 35.803098], [-78.693612, 35.803628], [-78.693459, 35.810658]]]}, "properties": {"id": "37183051502", "name": "Census Tract 515.02", "median_ratio": 0.9614, "relative_to_county": 1.1, "sales": 26, "enough_sales": true}}, {"type": "Feature", "geometry": {"type": "Polygon", "coordinates": [[[-78.678737, 35.879166], [-78.679051, 35.882956], [-78.674927, 35.882557], [-78.671969, 35.884205], [-78.668555, 35.885041], [-78.667312, 35.886368], [-78.666794, 35.886622], [-78.661959, 35.885517], [-78.66002, 35.884529], [-78.657393, 35.882551], [-78.655679, 35.881783], [-78.654324, 35.881652], [-78.648631, 35.882055], [-78.650532, 35.877147], [-78.647841, 35.874316], [-78.650665, 35.872416], [-78.650544, 35.868645], [-78.652377, 35.868485], [-78.655221, 35.87063], [-78.658966, 35.872244], [-78.663602, 35.870765], [-78.664902, 35.870806], [-78.671167, 35.87261], [-78.679474, 35.872971], [-78.678737, 35.879166]]]}, "properties": {"id": "37183053729", "name": "Census Tract 537.29", "median_ratio": 0.9498, "relative_to_county": -0.1, "sales": 54, "enough_sales": true}}, {"type": "Feature", "geometry": {"type": "Polygon", "coordinates": [[[-78.891573, 35.686875], [-78.89118, 35.687395], [-78.885973, 35.689977], [-78.881004, 35.692445], [-78.874428, 35.695702], [-78.855545, 35.705067], [-78.843907, 35.711016], [-78.840303, 35.71422], [-78.835136, 35.704946], [-78.834111, 35.702501], [-78.833637, 35.699815], [-78.834087, 35.686125], [-78.833611, 35.6833], [-78.833296, 35.681961], [-78.833033, 35.68081], [-78.832741, 35.679472], [-78.832631, 35.678606], [-78.832836, 35.676799], [-78.835253, 35.666745], [-78.836012, 35.661359], [-78.834271, 35.654863], [-78.840105, 35.655059], [-78.848464, 35.6576], [-78.853427, 35.660574], [-78.853651, 35.66513], [-78.860901, 35.670099], [-78.860956, 35.670153], [-78.863668, 35.673432], [-78.863388, 35.676505], [-78.86408, 35.679125], [-78.865282, 35.680376], [-78.86781, 35.678594], [-78.875016, 35.677251], [-78.875043, 35.677257], [-78.879631, 35.680396], [-78.882033, 35.680478], [-78.883889, 35.681215], [-78.885457, 35.681547], [-78.886484, 35.682564], [-78.887499, 35.685222], [-78.888602, 35.686041], [-78.89158, 35.686366], [-78.891573, 35.686875]]]}, "properties": {"id": "37183053432", "name": "Census Tract 534.32", "median_ratio": 0.9492, "relative_to_county": -0.1, "sales": 67, "enough_sales": true}}, {"type": "Feature", "geometry": {"type": "Polygon", "coordinates": [[[-78.699921, 35.783908], [-78.697731, 35.786979], [-78.6949, 35.795164], [-78.691249, 35.794316], [-78.688157, 35.79302], [-78.685021, 35.791193], [-78.682079, 35.789448], [-78.674774, 35.786604], [-78.675989, 35.784627], [-78.67887, 35.782127], [-78.682378, 35.783635], [-78.685564, 35.784899], [-78.687053, 35.78501], [-78.698322, 35.783661], [-78.699921, 35.783908]]]}, "properties": {"id": "37183051101", "name": "Census Tract 511.01", "median_ratio": null, "relative_to_county": null, "sales": 3, "enough_sales": false}}, {"type": "Feature", "geometry": {"type": "Polygon", "coordinates": [[[-78.613556, 35.779037], [-78.613472, 35.779825], [-78.608084, 35.779579], [-78.598439, 35.780067], [-78.595906, 35.780754], [-78.593428, 35.782169], [-78.588705, 35.786462], [-78.587724, 35.787823], [-78.586703, 35.789898], [-78.586204, 35.79092], [-78.582889, 35.789826], [-78.57823, 35.790101], [-78.577942, 35.783725], [-78.579225, 35.781702], [-78.576745, 35.781211], [-78.576247, 35.778681], [-78.579606, 35.777897], [-78.580163, 35.777868], [-78.580426, 35.777802], [-78.580716, 35.777609], [-78.581114, 35.777016], [-78.581393, 35.776892], [-78.58332, 35.776242], [-78.583367, 35.77382], [-78.583272, 35.771051], [-78.584602, 35.772074], [-78.591176, 35.77254], [-78.594539, 35.771479], [-78.598116, 35.772363], [-78.599496, 35.772711], [-78.605957, 35.774772], [-78.613993, 35.777679], [-78.613556, 35.779037]]]}, "properties": {"id": "37183052001", "name": "Census Tract 520.01", "median_ratio": null, "relative_to_county": null, "sales": 11, "enough_sales": false}}, {"type": "Feature", "geometry": {"type": "Polygon", "coordinates": [[[-78.683673, 35.928193], [-78.681662, 35.928815], [-78.681216, 35.931716], [-78.678446, 35.93294], [-78.676251, 35.933407], [-78.672962, 35.932275], [-78.670038, 35.930423], [-78.668315, 35.93039], [-78.665533, 35.933394], [-78.662214, 35.931793], [-78.656859, 35.931576], [-78.653476, 35.931047], [-78.648767, 35.928297], [-78.649007, 35.92477], [-78.649021, 35.918878], [-78.649198, 35.917763], [-78.651468, 35.911484], [-78.651808, 35.910002], [-78.653013, 35.905656], [-78.653087, 35.904913], [-78.65285, 35.902514], [-78.652203, 35.900898], [-78.661628, 35.902653], [-78.662949, 35.902578], [-78.664359, 35.902443], [-78.665219, 35.902338], [-78.678217, 35.901623], [-78.678528, 35.901667], [-78.681047, 35.902036], [-78.681622, 35.90768], [-78.681771, 35.912796], [-78.681774, 35.914544], [-78.682034, 35.919502], [-78.683673, 35.928193]]]}, "properties": {"id": "37183053807", "name": "Census Tract 538.07", "median_ratio": 0.8899, "relative_to_county": -6.4, "sales": 45, "enough_sales": true}}, {"type": "Feature", "geometry": {"type": "Polygon", "coordinates": [[[-78.778354, 35.543915], [-78.778215, 35.544537], [-78.777147, 35.546146], [-78.776791, 35.546806], [-78.776573, 35.548351], [-78.776141, 35.552101], [-78.776496, 35.552954], [-78.777264, 35.555417], [-78.776779, 35.55808], [-78.77475, 35.564383], [-78.774307, 35.5665], [-78.774006, 35.567054], [-78.772533, 35.569208], [-78.77126, 35.571017], [-78.770339, 35.572587], [-78.769649, 35.57411], [-78.769959, 35.575055], [-78.770645, 35.57673], [-78.771999, 35.580042], [-78.772435, 35.582805], [-78.772513, 35.585159], [-78.772878, 35.586849], [-78.772924, 35.587079], [-78.77316, 35.588561], [-78.773176, 35.588658], [-78.77382, 35.592568], [-78.767713, 35.594307], [-78.766516, 35.594602], [-78.760167, 35.596398], [-78.759208, 35.596791], [-78.757673, 35.590098], [-78.75686, 35.582909], [-78.754779, 35.582997], [-78.75228, 35.582277], [-78.751645, 35.58209], [-78.751532, 35.582057], [-78.747108, 35.581256], [-78.745514, 35.580812], [-78.738945, 35.578728], [-78.738172, 35.578576], [-78.734911, 35.578438], [-78.735027, 35.577574], [-78.735034, 35.577512], [-78.735038, 35.577477], [-78.735041, 35.577441], [-78.735182, 35.572429], [-78.735097, 35.568952], [-78.736174, 35.562074], [-78.738423, 35.560441], [-78.740224, 35.557149], [-78.740583, 35.555742], [-78.741428, 35.549162], [-78.74707, 35.540897], [-78.747634, 35.540179], [-78.747397, 35.539777], [-78.746971, 35.538425], [-78.746871, 35.537999], [-78.746624, 35.536936], [-78.746455, 35.536234], [-78.746305, 35.535642], [-78.745967, 35.534552], [-78.74482, 35.531333], [-78.744607, 35.530725], [-78.749007, 35.531941], [-78.750897, 35.532529], [-78.754133, 35.533542], [-78.754911, 35.533782], [-78.757608, 35.534622], [-78.760498, 35.535521], [-78.772336, 35.539199], [-78.778867, 35.541238], [-78.778354, 35.543915]]]}, "properties": {"id": "37183053114", "name": "Census Tract 531.14", "median_ratio": 0.9528, "relative_to_county": 0.2, "sales": 171, "enough_sales": true}}, {"type": "Feature", "geometry": {"type": "Polygon", "coordinates": [[[-78.892142, 35.736386], [-78.883585, 35.737451], [-78.87714, 35.737281], [-78.876349, 35.735934], [-78.878775, 35.733482], [-78.877863, 35.731289], [-78.875361, 35.730831], [-78.874218, 35.727642], [-78.876116, 35.725582], [-78.876744, 35.724677], [-78.877304, 35.723209], [-78.8755, 35.72283], [-78.871315, 35.721359], [-78.869798, 35.720507], [-78.87345, 35.717957], [-78.875737, 35.713638], [-78.876653, 35.712348], [-78.880211, 35.708826], [-78.881819, 35.711341], [-78.886788, 35.722337], [-78.891382, 35.729794], [-78.891858, 35.731061], [-78.892169, 35.732398], [-78.892142, 35.736386]]]}, "properties": {"id": "37183053433", "name": "Census Tract 534.33", "median_ratio": 0.9567, "relative_to_county": 0.6, "sales": 74, "enough_sales": true}}, {"type": "Feature", "geometry": {"type": "Polygon", "coordinates": [[[-78.926609, 35.801528], [-78.92646, 35.801867], [-78.926442, 35.801906], [-78.923271, 35.809104], [-78.922215, 35.811512], [-78.92219, 35.811568], [-78.920599, 35.81518], [-78.920535, 35.815326], [-78.918583, 35.819769], [-78.918128, 35.820174], [-78.915261, 35.820531], [-78.91483, 35.820725], [-78.912961, 35.822577], [-78.910213, 35.823723], [-78.907573, 35.822607], [-78.902295, 35.822297], [-78.90244, 35.821108], [-78.902473, 35.81884], [-78.903471, 35.810552], [-78.90283, 35.80787], [-78.90512, 35.805769], [-78.906017, 35.803744], [-78.906466, 35.803805], [-78.910958, 35.80212], [-78.91419, 35.801306], [-78.916902, 35.798444], [-78.91887, 35.796545], [-78.922195, 35.794491], [-78.923868, 35.79366], [-78.930891, 35.794377], [-78.926609, 35.801528]]]}, "properties": {"id": "37183053410", "name": "Census Tract 534.10", "median_ratio": 0.9082, "relative_to_county": -4.5, "sales": 73, "enough_sales": true}}, {"type": "Feature", "geometry": {"type": "Polygon", "coordinates": [[[-78.681047, 35.902036], [-78.678528, 35.901667], [-78.678217, 35.901623], [-78.665219, 35.902338], [-78.664359, 35.902443], [-78.662949, 35.902578], [-78.662747, 35.89697], [-78.663566, 35.894212], [-78.663876, 35.89264], [-78.663245, 35.891183], [-78.659947, 35.888271], [-78.659308, 35.88648], [-78.659643, 35.884992], [-78.66002, 35.884529], [-78.661959, 35.885517], [-78.666794, 35.886622], [-78.667312, 35.886368], [-78.668555, 35.885041], [-78.671969, 35.884205], [-78.674927, 35.882557], [-78.679051, 35.882956], [-78.679432, 35.886212], [-78.679788, 35.889668], [-78.680569, 35.897293], [-78.681047, 35.902036]]]}, "properties": {"id": "37183053722", "name": "Census Tract 537.22", "median_ratio": 0.9127, "relative_to_county": -4.0, "sales": 46, "enough_sales": true}}, {"type": "Feature", "geometry": {"type": "Polygon", "coordinates": [[[-78.700857, 35.783096], [-78.699921, 35.783908], [-78.698322, 35.783661], [-78.687053, 35.78501], [-78.687148, 35.780318], [-78.687316, 35.778277], [-78.690165, 35.773742], [-78.693016, 35.772854], [-78.693484, 35.773274], [-78.695223, 35.776887], [-78.700718, 35.781964], [-78.700857, 35.783096]]]}, "properties": {"id": "37183052408", "name": "Census Tract 524.08", "median_ratio": 0.8918, "relative_to_county": -6.2, "sales": 22, "enough_sales": true}}, {"type": "Feature", "geometry": {"type": "Polygon", "coordinates": [[[-78.705604, 35.809798], [-78.705802, 35.811275], [-78.704908, 35.818855], [-78.704969, 35.820974], [-78.705781, 35.822723], [-78.706967, 35.823893], [-78.697608, 35.833722], [-78.695059, 35.835106], [-78.694335, 35.835449], [-78.684255, 35.841338], [-78.679071, 35.837709], [-78.676986, 35.836787], [-78.676178, 35.836754], [-78.678746, 35.831465], [-78.680948, 35.829072], [-78.682025, 35.828277], [-78.683671, 35.826424], [-78.690635, 35.815477], [-78.693459, 35.810658], [-78.693612, 35.803628], [-78.694655, 35.803715], [-78.706978, 35.803835], [-78.705604, 35.809798]]]}, "properties": {"id": "37183052504", "name": "Census Tract 525.04", "median_ratio": 0.8978, "relative_to_county": -5.6, "sales": 71, "enough_sales": true}}, {"type": "Feature", "geometry": {"type": "Polygon", "coordinates": [[[-78.515343, 35.970007], [-78.514835, 35.971227], [-78.511798, 35.974488], [-78.511122, 35.975571], [-78.509707, 35.979415], [-78.509181, 35.980849], [-78.507279, 35.983668], [-78.506142, 35.984732], [-78.500626, 35.982565], [-78.496053, 35.982628], [-78.493824, 35.981716], [-78.487266, 35.980453], [-78.485759, 35.981654], [-78.483079, 35.98273], [-78.481097, 35.983482], [-78.478834, 35.983652], [-78.475571, 35.982916], [-78.475701, 35.982814], [-78.478051, 35.982249], [-78.481875, 35.97738], [-78.485518, 35.97401], [-78.487807, 35.969957], [-78.488368, 35.969737], [-78.488747, 35.969352], [-78.488712, 35.969044], [-78.491865, 35.969759], [-78.493541, 35.969862], [-78.495579, 35.96952], [-78.50138, 35.967472], [-78.501557, 35.967437], [-78.507446, 35.965959], [-78.508265, 35.965772], [-78.510441, 35.965483], [-78.513802, 35.965649], [-78.515876, 35.966039], [-78.515343, 35.970007]]]}, "properties": {"id": "37183054224", "name": "Census Tract 542.24", "median_ratio": 0.964, "relative_to_county": 1.4, "sales": 60, "enough_sales": true}}, {"type": "Feature", "geometry": {"type": "Polygon", "coordinates": [[[-78.62723, 35.891458], [-78.625313, 35.893267], [-78.622581, 35.893899], [-78.618877, 35.895412], [-78.612804, 35.895911], [-78.611655, 35.896347], [-78.611063, 35.896784], [-78.603716, 35.903076], [-78.601265, 35.901301], [-78.59912, 35.897039], [-78.599158, 35.896634], [-78.600521, 35.89387], [-78.60233, 35.891147], [-78.602607, 35.890061], [-78.602447, 35.889548], [-78.601417, 35.887852], [-78.60108, 35.887436], [-78.60058, 35.886017], [-78.600763, 35.886049], [-78.604362, 35.887114], [-78.60493, 35.889333], [-78.607659, 35.888895], [-78.610187, 35.884885], [-78.611419, 35.884816], [-78.614548, 35.886838], [-78.619598, 35.887154], [-78.621891, 35.885776], [-78.624122, 35.881689], [-78.625825, 35.881201], [-78.627502, 35.886615], [-78.62723, 35.891458]]]}, "properties": {"id": "37183054011", "name": "Census Tract 540.11", "median_ratio": 0.9502, "relative_to_county": -0.0, "sales": 27, "enough_sales": true}}, {"type": "Feature", "geometry": {"type": "Polygon", "coordinates": [[[-78.704734, 35.859847], [-78.699126, 35.861373], [-78.698094, 35.8627], [-78.696794, 35.862565], [-78.69547, 35.862237], [-78.695135, 35.862147], [-78.689777, 35.861225], [-78.686503, 35.8614], [-78.682385, 35.860758], [-78.68057, 35.859519], [-78.680232, 35.844419], [-78.680933, 35.843354], [-78.686565, 35.844936], [-78.688122, 35.845691], [-78.692674, 35.849408], [-78.699796, 35.854342], [-78.700281, 35.854689], [-78.706403, 35.858917], [-78.704734, 35.859847]]]}, "properties": {"id": "37183052506", "name": "Census Tract 525.06", "median_ratio": 0.9518, "relative_to_county": 0.1, "sales": 23, "enough_sales": true}}, {"type": "Feature", "geometry": {"type": "Polygon", "coordinates": [[[-78.849609, 35.73222], [-78.848586, 35.734225], [-78.847647, 35.735407], [-78.839595, 35.748752], [-78.83544, 35.747618], [-78.837917, 35.741887], [-78.84211, 35.737815], [-78.840076, 35.733948], [-78.839161, 35.734028], [-78.838597, 35.734125], [-78.83758, 35.734421], [-78.836052, 35.735041], [-78.834495, 35.735398], [-78.832563, 35.735807], [-78.832942, 35.734147], [-78.832319, 35.731273], [-78.835157, 35.730463], [-78.836179, 35.728958], [-78.834474, 35.728245], [-78.833706, 35.728037], [-78.832053, 35.727638], [-78.829182, 35.726801], [-78.827283, 35.725622], [-78.825668, 35.724733], [-78.823506, 35.723821], [-78.825674, 35.722905], [-78.826364, 35.722721], [-78.829472, 35.721757], [-78.8338, 35.719688], [-78.836522, 35.717839], [-78.840303, 35.71422], [-78.842829, 35.718999], [-78.846139, 35.723768], [-78.848649, 35.725251], [-78.852943, 35.726765], [-78.849609, 35.73222]]]}, "properties": {"id": "37183053436", "name": "Census Tract 534.36", "median_ratio": 0.9831, "relative_to_county": 3.4, "sales": 38, "enough_sales": true}}, {"type": "Feature", "geometry": {"type": "Polygon", "coordinates": [[[-78.628783, 35.830435], [-78.626412, 35.834217], [-78.626224, 35.835917], [-78.625332, 35.842258], [-78.626141, 35.842934], [-78.626322, 35.844962], [-78.624193, 35.848557], [-78.62328, 35.851493], [-78.621868, 35.851042], [-78.614508, 35.850564], [-78.612367, 35.850238], [-78.607799, 35.850149], [-78.605879, 35.850107], [-78.603768, 35.84982], [-78.604539, 35.847543], [-78.605049, 35.845118], [-78.605175, 35.83892], [-78.605777, 35.835607], [-78.605943, 35.834804], [-78.607514, 35.827303], [-78.608717, 35.824403], [-78.610193, 35.822693], [-78.61224, 35.821348], [-78.616188, 35.819023], [-78.617603, 35.817655], [-78.619673, 35.813902], [-78.622378, 35.814517], [-78.625869, 35.815931], [-78.627569, 35.816311], [-78.62882, 35.8172], [-78.629591, 35.823117], [-78.628536, 35.825665], [-78.630139, 35.82878], [-78.628783, 35.830435]]]}, "properties": {"id": "37183052701", "name": "Census Tract 527.01", "median_ratio": 0.8803, "relative_to_county": -7.4, "sales": 51, "enough_sales": true}}, {"type": "Feature", "geometry": {"type": "Polygon", "coordinates": [[[-78.693016, 35.772854], [-78.690165, 35.773742], [-78.687316, 35.778277], [-78.687148, 35.780318], [-78.687053, 35.78501], [-78.685564, 35.784899], [-78.682378, 35.783635], [-78.67887, 35.782127], [-78.675529, 35.780726], [-78.678978, 35.776662], [-78.680879, 35.775512], [-78.683208, 35.773355], [-78.685248, 35.772216], [-78.689478, 35.770002], [-78.690673, 35.77233], [-78.693016, 35.772854]]]}, "properties": {"id": "37183052409", "name": "Census Tract 524.09", "median_ratio": null, "relative_to_county": null, "sales": 0, "enough_sales": false}}, {"type": "Feature", "geometry": {"type": "Polygon", "coordinates": [[[-78.75821, 35.921558], [-78.754135, 35.926447], [-78.753885, 35.927111], [-78.750746, 35.931855], [-78.749899, 35.932925], [-78.748886, 35.933501], [-78.746, 35.93339], [-78.742147, 35.93391], [-78.741673, 35.932942], [-78.739423, 35.927585], [-78.739384, 35.927121], [-78.740888, 35.921712], [-78.741103, 35.920623], [-78.74141, 35.920175], [-78.745402, 35.918473], [-78.746694, 35.918538], [-78.748005, 35.918712], [-78.751011, 35.919114], [-78.752271, 35.919174], [-78.753576, 35.919216], [-78.755461, 35.919519], [-78.75673, 35.919869], [-78.757651, 35.920419], [-78.75821, 35.921558]]]}, "properties": {"id": "37183053719", "name": "Census Tract 537.19", "median_ratio": 0.945, "relative_to_county": -0.6, "sales": 60, "enough_sales": true}}, {"type": "Feature", "geometry": {"type": "Polygon", "coordinates": [[[-78.852783, 35.565726], [-78.846401, 35.568988], [-78.842326, 35.571043], [-78.830765, 35.576884], [-78.821518, 35.580083], [-78.821197, 35.580191], [-78.814525, 35.582416], [-78.813701, 35.582691], [-78.808048, 35.584421], [-78.799813, 35.584337], [-78.799792, 35.579982], [-78.800594, 35.573435], [-78.800605, 35.570002], [-78.801046, 35.568513], [-78.802295, 35.566925], [-78.804255, 35.564597], [-78.804959, 35.563765], [-78.805909, 35.562631], [-78.806742, 35.561579], [-78.808095, 35.557821], [-78.808128, 35.55772], [-78.808396, 35.556927], [-78.808704, 35.556021], [-78.809205, 35.554934], [-78.81214, 35.551576], [-78.823627, 35.555154], [-78.849533, 35.563248], [-78.854583, 35.564831], [-78.852783, 35.565726]]]}, "properties": {"id": "37183053113", "name": "Census Tract 531.13", "median_ratio": 0.9634, "relative_to_county": 1.3, "sales": 62, "enough_sales": true}}, {"type": "Feature", "geometry": {"type": "Polygon", "coordinates": [[[-78.670922, 35.641513], [-78.667911, 35.650129], [-78.667517, 35.652441], [-78.666304, 35.655506], [-78.663303, 35.653997], [-78.660525, 35.652642], [-78.652005, 35.649827], [-78.650549, 35.649057], [-78.646441, 35.646822], [-78.644184, 35.643177], [-78.640823, 35.640535], [-78.641258, 35.636303], [-78.641407, 35.628553], [-78.63915, 35.62478], [-78.639068, 35.620174], [-78.638369, 35.617873], [-78.636251, 35.615474], [-78.633637, 35.611911], [-78.63374, 35.605243], [-78.636278, 35.596792], [-78.635378, 35.594189], [-78.633915, 35.590172], [-78.641966, 35.58879], [-78.643165, 35.589557], [-78.650579, 35.595948], [-78.654975, 35.601539], [-78.660954, 35.606247], [-78.666124, 35.612483], [-78.66801, 35.615929], [-78.668372, 35.620998], [-78.667416, 35.62553], [-78.667528, 35.62788], [-78.671348, 35.634562], [-78.670922, 35.641513]]]}, "properties": {"id": "37183052906", "name": "Census Tract 529.06", "median_ratio": 0.9555, "relative_to_county": 0.5, "sales": 78, "enough_sales": true}}, {"type": "Feature", "geometry": {"type": "Polygon", "coordinates": [[[-78.675989, 35.784627], [-78.674774, 35.786604], [-78.674643, 35.78699], [-78.674461, 35.789151], [-78.673167, 35.78888], [-78.67099, 35.788399], [-78.664029, 35.786653], [-78.662431, 35.7861], [-78.661348, 35.785672], [-78.660646, 35.785403], [-78.660603, 35.781938], [-78.659738, 35.781098], [-78.650154, 35.777581], [-78.651921, 35.777032], [-78.65604, 35.774195], [-78.659494, 35.775656], [-78.665004, 35.778714], [-78.667266, 35.779033], [-78.670325, 35.779271], [-78.675529, 35.780726], [-78.67887, 35.782127], [-78.675989, 35.784627]]]}, "properties": {"id": "37183051102", "name": "Census Tract 511.02", "median_ratio": null, "relative_to_county": null, "sales": 0, "enough_sales": false}}, {"type": "Feature", "geometry": {"type": "Polygon", "coordinates": [[[-78.723525, 35.87076], [-78.718565, 35.872237], [-78.716031, 35.872992], [-78.714781, 35.873254], [-78.707509, 35.873161], [-78.706401, 35.872971], [-78.700932, 35.871982], [-78.700854, 35.871152], [-78.699242, 35.869083], [-78.698821, 35.86837], [-78.696542, 35.863763], [-78.695135, 35.862147], [-78.69547, 35.862237], [-78.696794, 35.862565], [-78.698094, 35.8627], [-78.699126, 35.861373], [-78.704734, 35.859847], [-78.706403, 35.858917], [-78.709989, 35.861434], [-78.711861, 35.862704], [-78.711987, 35.862564], [-78.720854, 35.868702], [-78.722983, 35.870213], [-78.723749, 35.870757], [-78.723525, 35.87076]]]}, "properties": {"id": "37183053726", "name": "Census Tract 537.26", "median_ratio": 0.9812, "relative_to_county": 3.2, "sales": 37, "enough_sales": true}}, {"type": "Feature", "geometry": {"type": "Polygon", "coordinates": [[[-78.457413, 35.92328], [-78.449843, 35.928626], [-78.441096, 35.932803], [-78.429989, 35.937915], [-78.429266, 35.938123], [-78.428345, 35.93876], [-78.427211, 35.939684], [-78.426653, 35.940366], [-78.426167, 35.941197], [-78.422024, 35.949503], [-78.420163, 35.952977], [-78.418983, 35.954139], [-78.412203, 35.957832], [-78.394331, 35.936876], [-78.391939, 35.936538], [-78.354268, 35.931196], [-78.355646, 35.929887], [-78.361458, 35.927686], [-78.371412, 35.92068], [-78.374216, 35.920217], [-78.377482, 35.921108], [-78.379537, 35.920645], [-78.385632, 35.916489], [-78.383331, 35.914534], [-78.386799, 35.913894], [-78.388335, 35.914051], [-78.389838, 35.913899], [-78.392663, 35.911791], [-78.396774, 35.907477], [-78.398523, 35.906287], [-78.40308, 35.904068], [-78.407187, 35.900561], [-78.409012, 35.899715], [-78.417736, 35.897585], [-78.42351, 35.896406], [-78.42622, 35.895433], [-78.429018, 35.892527], [-78.434054, 35.89509], [-78.436709, 35.895662], [-78.445219, 35.898452], [-78.445911, 35.903131], [-78.445926, 35.903243], [-78.446814, 35.909341], [-78.45068, 35.914322], [-78.451214, 35.915036], [-78.452616, 35.916852], [-78.453622, 35.918169], [-78.457413, 35.92328]]]}, "properties": {"id": "37183054214", "name": "Census Tract 542.14", "median_ratio": null, "relative_to_county": null, "sales": 7, "enough_sales": false}}, {"type": "Feature", "geometry": {"type": "Polygon", "coordinates": [[[-78.53419, 35.920999], [-78.533014, 35.922475], [-78.530797, 35.927336], [-78.527712, 35.929012], [-78.523775, 35.932555], [-78.52193, 35.934084], [-78.520485, 35.934665], [-78.518105, 35.934893], [-78.517725, 35.935425], [-78.515113, 35.939343], [-78.514922, 35.940975], [-78.513145, 35.94232], [-78.508919, 35.947503], [-78.508539, 35.949214], [-78.505443, 35.946239], [-78.506672, 35.945143], [-78.50728, 35.941702], [-78.507509, 35.939685], [-78.50752, 35.938852], [-78.507332, 35.937769], [-78.507115, 35.936645], [-78.506706, 35.934487], [-78.506471, 35.933858], [-78.50544, 35.932661], [-78.504687, 35.931212], [-78.504629, 35.929766], [-78.504602, 35.92866], [-78.504556, 35.927397], [-78.504259, 35.925562], [-78.504244, 35.923389], [-78.506153, 35.916094], [-78.506265, 35.915504], [-78.506227, 35.914406], [-78.505116, 35.912576], [-78.510239, 35.91127], [-78.515376, 35.913103], [-78.517678, 35.911085], [-78.523228, 35.910115], [-78.524358, 35.910588], [-78.527194, 35.909158], [-78.527444, 35.909489], [-78.5288, 35.910991], [-78.529227, 35.914128], [-78.529033, 35.914636], [-78.526214, 35.917716], [-78.525402, 35.918428], [-78.523855, 35.919826], [-78.525604, 35.919862], [-78.528229, 35.919872], [-78.530813, 35.919178], [-78.534334, 35.918448], [-78.53419, 35.920999]]]}, "properties": {"id": "37183054217", "name": "Census Tract 542.17", "median_ratio": 0.9701, "relative_to_county": 2.1, "sales": 45, "enough_sales": true}}, {"type": "Feature", "geometry": {"type": "Polygon", "coordinates": [[[-78.510031, 35.884182], [-78.509338, 35.887707], [-78.508749, 35.889885], [-78.508764, 35.889895], [-78.507983, 35.892905], [-78.506609, 35.894724], [-78.506572, 35.896015], [-78.498474, 35.899285], [-78.497059, 35.899857], [-78.48709, 35.903766], [-78.481704, 35.906001], [-78.47956, 35.907534], [-78.474359, 35.913038], [-78.47221, 35.914531], [-78.462367, 35.920013], [-78.459239, 35.921927], [-78.457413, 35.92328], [-78.453622, 35.918169], [-78.452616, 35.916852], [-78.451214, 35.915036], [-78.45068, 35.914322], [-78.446814, 35.909341], [-78.445926, 35.903243], [-78.445911, 35.903131], [-78.445219, 35.898452], [-78.436709, 35.895662], [-78.434054, 35.89509], [-78.429018, 35.892527], [-78.438485, 35.88647], [-78.442865, 35.883205], [-78.446607, 35.881145], [-78.449704, 35.878741], [-78.450969, 35.878032], [-78.46335, 35.877762], [-78.470513, 35.879385], [-78.475012, 35.879684], [-78.477269, 35.879215], [-78.481165, 35.879039], [-78.483636, 35.878518], [-78.486541, 35.878838], [-78.491131, 35.878924], [-78.49339, 35.879474], [-78.498936, 35.880078], [-78.502365, 35.881037], [-78.505195, 35.881811], [-78.51012, 35.883194], [-78.510031, 35.884182]]]}, "properties": {"id": "37183054215", "name": "Census Tract 542.15", "median_ratio": 0.9482, "relative_to_county": -0.3, "sales": 79, "enough_sales": true}}, {"type": "Feature", "geometry": {"type": "Polygon", "coordinates": [[[-78.695811, 35.746621], [-78.69491, 35.750295], [-78.691954, 35.750443], [-78.68907, 35.749546], [-78.686583, 35.750025], [-78.685355, 35.750122], [-78.6836, 35.750982], [-78.679289, 35.750994], [-78.678582, 35.748444], [-78.675112, 35.747008], [-78.680271, 35.743091], [-78.680353, 35.742998], [-78.683217, 35.742782], [-78.68583, 35.742876], [-78.687632, 35.743429], [-78.695837, 35.74652], [-78.695811, 35.746621]]]}, "properties": {"id": "37183052303", "name": "Census Tract 523.03", "median_ratio": 0.9687, "relative_to_county": 1.9, "sales": 21, "enough_sales": true}}, {"type": "Feature", "geometry": {"type": "Polygon", "coordinates": [[[-78.6731, 35.943851], [-78.669497, 35.945359], [-78.662384, 35.945601], [-78.659884, 35.943828], [-78.6584, 35.942851], [-78.648289, 35.943427], [-78.645655, 35.943233], [-78.642847, 35.943772], [-78.641378, 35.945333], [-78.637517, 35.947726], [-78.635146, 35.950637], [-78.632493, 35.952004], [-78.627154, 35.952305], [-78.625734, 35.953111], [-78.622578, 35.956186], [-78.62084, 35.956981], [-78.615965, 35.957811], [-78.614806, 35.957346], [-78.612117, 35.953293], [-78.609386, 35.951486], [-78.609896, 35.950616], [-78.610344, 35.945642], [-78.609744, 35.942491], [-78.61065, 35.939242], [-78.616064, 35.936326], [-78.618309, 35.936305], [-78.626093, 35.933123], [-78.628758, 35.932437], [-78.631149, 35.930614], [-78.636158, 35.925632], [-78.642494, 35.922969], [-78.644571, 35.92438], [-78.649007, 35.92477], [-78.648767, 35.928297], [-78.653476, 35.931047], [-78.656859, 35.931576], [-78.662214, 35.931793], [-78.665533, 35.933394], [-78.668416, 35.934977], [-78.669856, 35.938385], [-78.674471, 35.943921], [-78.6731, 35.943851]]]}, "properties": {"id": "37183053806", "name": "Census Tract 538.06", "median_ratio": 0.9442, "relative_to_county": -0.7, "sales": 49, "enough_sales": true}}, {"type": "Feature", "geometry": {"type": "Polygon", "coordinates": [[[-78.680716, 35.862923], [-78.680666, 35.863755], [-78.680499, 35.865077], [-78.680489, 35.86515], [-78.679474, 35.872971], [-78.671167, 35.87261], [-78.664902, 35.870806], [-78.663602, 35.870765], [-78.658966, 35.872244], [-78.655221, 35.87063], [-78.652377, 35.868485], [-78.650544, 35.868645], [-78.652204, 35.867358], [-78.65438, 35.866628], [-78.657354, 35.866662], [-78.657765, 35.866525], [-78.658684, 35.865536], [-78.659822, 35.860764], [-78.661322, 35.859551], [-78.661172, 35.855492], [-78.66294, 35.856639], [-78.667314, 35.857845], [-78.671573, 35.856547], [-78.677842, 35.857047], [-78.68057, 35.859519], [-78.680671, 35.861632], [-78.680716, 35.862923]]]}, "properties": {"id": "37183053715", "name": "Census Tract 537.15", "median_ratio": 0.9467, "relative_to_county": -0.4, "sales": 42, "enough_sales": true}}, {"type": "Feature", "geometry": {"type": "Polygon", "coordinates": [[[-78.837387, 35.78047], [-78.835889, 35.785098], [-78.835191, 35.785907], [-78.830855, 35.787757], [-78.829342, 35.782472], [-78.827586, 35.781098], [-78.826432, 35.777356], [-78.822794, 35.775699], [-78.818806, 35.773125], [-78.820598, 35.771246], [-78.824173, 35.771073], [-78.826376, 35.771296], [-78.830571, 35.769867], [-78.831204, 35.770785], [-78.832697, 35.771799], [-78.834555, 35.773447], [-78.83725, 35.777917], [-78.837492, 35.779498], [-78.837387, 35.78047]]]}, "properties": {"id": "37183053422", "name": "Census Tract 534.22", "median_ratio": 0.9398, "relative_to_county": -1.1, "sales": 31, "enough_sales": true}}, {"type": "Feature", "geometry": {"type": "Polygon", "coordinates": [[[-78.783451, 35.764834], [-78.782133, 35.768201], [-78.781754, 35.771179], [-78.781662, 35.775043], [-78.781641, 35.778654], [-78.780561, 35.780109], [-78.780447, 35.782501], [-78.778492, 35.782493], [-78.777326, 35.782406], [-78.768566, 35.775781], [-78.767197, 35.775421], [-78.767192, 35.774948], [-78.764077, 35.77228], [-78.764341, 35.768726], [-78.764821, 35.768238], [-78.769824, 35.766004], [-78.771605, 35.766155], [-78.770582, 35.76292], [-78.767301, 35.757917], [-78.768259, 35.75785], [-78.767169, 35.755013], [-78.767453, 35.753997], [-78.767111, 35.75126], [-78.76683, 35.750883], [-78.766639, 35.75069], [-78.766518, 35.750151], [-78.766277, 35.749881], [-78.765907, 35.74959], [-78.765792, 35.749332], [-78.765833, 35.748804], [-78.765708, 35.748629], [-78.763525, 35.744711], [-78.763857, 35.74316], [-78.770282, 35.741686], [-78.776225, 35.74134], [-78.779907, 35.739692], [-78.782858, 35.749139], [-78.782762, 35.755392], [-78.78306, 35.757919], [-78.783415, 35.761858], [-78.783451, 35.764834]]]}, "properties": {"id": "37183053506", "name": "Census Tract 535.06", "median_ratio": 0.9531, "relative_to_county": 0.3, "sales": 50, "enough_sales": true}}, {"type": "Feature", "geometry": {"type": "Polygon", "coordinates": [[[-78.690635, 35.815477], [-78.683671, 35.826424], [-78.682025, 35.828277], [-78.680948, 35.829072], [-78.678746, 35.831465], [-78.676178, 35.836754], [-78.674912, 35.836719], [-78.673861, 35.837988], [-78.669461, 35.835283], [-78.667801, 35.83334], [-78.66565, 35.824448], [-78.664353, 35.821308], [-78.663558, 35.819326], [-78.663198, 35.818598], [-78.662769, 35.817975], [-78.662313, 35.817533], [-78.660805, 35.816652], [-78.661173, 35.816273], [-78.66502, 35.815715], [-78.664917, 35.816139], [-78.667545, 35.815917], [-78.669102, 35.815959], [-78.673318, 35.814632], [-78.677564, 35.814088], [-78.682361, 35.815441], [-78.684169, 35.816262], [-78.690635, 35.815477]]]}, "properties": {"id": "37183051501", "name": "Census Tract 515.01", "median_ratio": 0.9073, "relative_to_county": -4.6, "sales": 35, "enough_sales": true}}, {"type": "Feature", "geometry": {"type": "Polygon", "coordinates": [[[-78.660646, 35.785403], [-78.6575, 35.784016], [-78.652125, 35.781106], [-78.650558, 35.780903], [-78.649181, 35.780813], [-78.646555, 35.780698], [-78.647004, 35.780129], [-78.647031, 35.778536], [-78.646584, 35.77671], [-78.644011, 35.773075], [-78.647958, 35.773222], [-78.648214, 35.77021], [-78.651766, 35.770837], [-78.655503, 35.773129], [-78.65604, 35.774195], [-78.651921, 35.777032], [-78.650154, 35.777581], [-78.659738, 35.781098], [-78.660603, 35.781938], [-78.660646, 35.785403]]]}, "properties": {"id": "37183051000", "name": "Census Tract 510", "median_ratio": null, "relative_to_county": null, "sales": 12, "enough_sales": false}}, {"type": "Feature", "geometry": {"type": "Polygon", "coordinates": [[[-78.652882, 35.682124], [-78.652595, 35.682515], [-78.652426, 35.682775], [-78.652329, 35.682978], [-78.652231, 35.683267], [-78.651483, 35.688256], [-78.650348, 35.688566], [-78.64768, 35.68872], [-78.646799, 35.688598], [-78.646467, 35.688521], [-78.646044, 35.688406], [-78.645925, 35.688373], [-78.64443, 35.689307], [-78.641704, 35.691903], [-78.639285, 35.692332], [-78.636802, 35.692641], [-78.635871, 35.69302], [-78.635091, 35.693437], [-78.634995, 35.693494], [-78.633354, 35.695765], [-78.631177, 35.697956], [-78.629304, 35.699875], [-78.628334, 35.701457], [-78.628115, 35.701894], [-78.626869, 35.704486], [-78.625196, 35.708015], [-78.623579, 35.710071], [-78.620163, 35.708245], [-78.618764, 35.703868], [-78.616759, 35.697726], [-78.616523, 35.696463], [-78.617353, 35.686543], [-78.617595, 35.686125], [-78.618813, 35.683935], [-78.625067, 35.676976], [-78.627534, 35.675586], [-78.628525, 35.675031], [-78.629839, 35.674232], [-78.631194, 35.673072], [-78.632022, 35.669282], [-78.631418, 35.668469], [-78.633572, 35.668476], [-78.635233, 35.667534], [-78.638049, 35.667768], [-78.643277, 35.672065], [-78.64448, 35.674908], [-78.644306, 35.67662], [-78.645185, 35.677704], [-78.648994, 35.67938], [-78.649928, 35.679476], [-78.6502, 35.680378], [-78.650975, 35.680155], [-78.652905, 35.682094], [-78.652882, 35.682124]]]}, "properties": {"id": "37183052801", "name": "Census Tract 528.01", "median_ratio": 0.9548, "relative_to_county": 0.4, "sales": 64, "enough_sales": true}}, {"type": "Feature", "geometry": {"type": "Polygon", "coordinates": [[[-78.644332, 35.847406], [-78.644112, 35.848941], [-78.643372, 35.851011], [-78.64249, 35.853441], [-78.642272, 35.854276], [-78.641252, 35.856147], [-78.638021, 35.855146], [-78.63409, 35.852197], [-78.632632, 35.851682], [-78.62328, 35.851493], [-78.624193, 35.848557], [-78.626322, 35.844962], [-78.626141, 35.842934], [-78.625332, 35.842258], [-78.626224, 35.835917], [-78.626412, 35.834217], [-78.628783, 35.830435], [-78.630072, 35.832016], [-78.632118, 35.83334], [-78.634146, 35.833958], [-78.63859, 35.834526], [-78.64031, 35.836421], [-78.641635, 35.838211], [-78.64266, 35.84032], [-78.643656, 35.84404], [-78.644296, 35.846718], [-78.644332, 35.847406]]]}, "properties": {"id": "37183052602", "name": "Census Tract 526.02", "median_ratio": 0.9326, "relative_to_county": -1.9, "sales": 56, "enough_sales": true}}, {"type": "Feature", "geometry": {"type": "Polygon", "coordinates": [[[-78.632258, 35.780196], [-78.628213, 35.780066], [-78.625756, 35.78], [-78.623549, 35.779911], [-78.62068, 35.779797], [-78.616512, 35.779926], [-78.613472, 35.779825], [-78.613556, 35.779037], [-78.613993, 35.777679], [-78.613526, 35.774672], [-78.614434, 35.769772], [-78.612414, 35.770503], [-78.609019, 35.763468], [-78.60844, 35.762996], [-78.610657, 35.763769], [-78.613488, 35.762878], [-78.614113, 35.762096], [-78.615289, 35.765464], [-78.616877, 35.768384], [-78.621507, 35.772503], [-78.622277, 35.772544], [-78.626009, 35.772621], [-78.631537, 35.772732], [-78.632637, 35.77272], [-78.632258, 35.780196]]]}, "properties": {"id": "37183050700", "name": "Census Tract 507", "median_ratio": 0.9898, "relative_to_county": 4.1, "sales": 33, "enough_sales": true}}, {"type": "Feature", "geometry": {"type": "Polygon", "coordinates": [[[-78.652203, 35.900898], [-78.649221, 35.899968], [-78.644599, 35.896802], [-78.641675, 35.895439], [-78.640823, 35.895139], [-78.639697, 35.894931], [-78.635469, 35.89445], [-78.634935, 35.894422], [-78.62933, 35.894], [-78.628392, 35.893365], [-78.62723, 35.891458], [-78.627502, 35.886615], [-78.625825, 35.881201], [-78.625097, 35.879552], [-78.634717, 35.879919], [-78.638116, 35.878826], [-78.64272, 35.878431], [-78.645779, 35.878996], [-78.646196, 35.882235], [-78.646775, 35.886359], [-78.649534, 35.895304], [-78.650631, 35.897779], [-78.652203, 35.900898]]]}, "properties": {"id": "37183054007", "name": "Census Tract 540.07", "median_ratio": 0.9172, "relative_to_county": -3.5, "sales": 62, "enough_sales": true}}, {"type": "Feature", "geometry": {"type": "Polygon", "coordinates": [[[-78.647004, 35.780129], [-78.646555, 35.780698], [-78.646975, 35.781518], [-78.646119, 35.786211], [-78.64581, 35.788648], [-78.644153, 35.788633], [-78.642927, 35.788385], [-78.642237, 35.788235], [-78.638639, 35.788055], [-78.636032, 35.78786], [-78.634401, 35.788116], [-78.631858, 35.788043], [-78.632258, 35.780196], [-78.632637, 35.77272], [-78.635211, 35.772769], [-78.638495, 35.772882], [-78.644011, 35.773075], [-78.646584, 35.77671], [-78.647031, 35.778536], [-78.647004, 35.780129]]]}, "properties": {"id": "37183050100", "name": "Census Tract 501", "median_ratio": null, "relative_to_county": null, "sales": 12, "enough_sales": false}}, {"type": "Feature", "geometry": {"type": "Polygon", "coordinates": [[[-78.580965, 35.855122], [-78.571793, 35.856079], [-78.565489, 35.856051], [-78.560174, 35.856027], [-78.557856, 35.856018], [-78.55567, 35.855982], [-78.555167, 35.855863], [-78.557681, 35.853701], [-78.559688, 35.851931], [-78.56015, 35.851491], [-78.560818, 35.850822], [-78.562493, 35.849139], [-78.56316, 35.848467], [-78.564343, 35.847363], [-78.569354, 35.844896], [-78.573668, 35.842956], [-78.576029, 35.841897], [-78.578424, 35.844332], [-78.579801, 35.844495], [-78.58039, 35.849881], [-78.580965, 35.855122]]]}, "properties": {"id": "37183054008", "name": "Census Tract 540.08", "median_ratio": 0.9708, "relative_to_county": 2.1, "sales": 23, "enough_sales": true}}, {"type": "Feature", "geometry": {"type": "Polygon", "coordinates": [[[-78.833081, 35.804117], [-78.829341, 35.809643], [-78.828564, 35.810782], [-78.828463, 35.81157], [-78.826697, 35.81627], [-78.82638, 35.818143], [-78.825665, 35.818874], [-78.824127, 35.820143], [-78.823916, 35.820471], [-78.822857, 35.81847], [-78.822547, 35.816804], [-78.822397, 35.816767], [-78.822341, 35.81579], [-78.822591, 35.815025], [-78.824558, 35.812287], [-78.825238, 35.809839], [-78.824095, 35.807093], [-78.819925, 35.803948], [-78.814775, 35.80368], [-78.812646, 35.803612], [-78.809312, 35.802607], [-78.809186, 35.802599], [-78.809183, 35.802542], [-78.799337, 35.79665], [-78.804144, 35.793746], [-78.806495, 35.792979], [-78.808201, 35.792569], [-78.809381, 35.791678], [-78.809727, 35.790744], [-78.809984, 35.783451], [-78.813562, 35.783566], [-78.818333, 35.784721], [-78.826532, 35.78688], [-78.82882, 35.788969], [-78.830018, 35.790173], [-78.831687, 35.790666], [-78.832282, 35.792016], [-78.831648, 35.79528], [-78.833695, 35.80276], [-78.833081, 35.804117]]]}, "properties": {"id": "37183053523", "name": "Census Tract 535.23", "median_ratio": 0.9239, "relative_to_county": -2.8, "sales": 32, "enough_sales": true}}, {"type": "Feature", "geometry": {"type": "Polygon", "coordinates": [[[-78.713411, 35.968949], [-78.711579, 35.974444], [-78.710791, 35.973274], [-78.706993, 35.975038], [-78.704751, 35.97669], [-78.702464, 35.980298], [-78.693554, 35.977041], [-78.687108, 35.9739], [-78.683829, 35.971893], [-78.680109, 35.962074], [-78.678611, 35.960007], [-78.678619, 35.95811], [-78.675571, 35.951345], [-78.675783, 35.950125], [-78.676987, 35.948955], [-78.676795, 35.946503], [-78.674471, 35.943921], [-78.669856, 35.938385], [-78.668416, 35.934977], [-78.665533, 35.933394], [-78.668315, 35.93039], [-78.670038, 35.930423], [-78.672962, 35.932275], [-78.676251, 35.933407], [-78.678446, 35.93294], [-78.681216, 35.931716], [-78.681662, 35.928815], [-78.683673, 35.928193], [-78.687004, 35.927003], [-78.687842, 35.926587], [-78.688979, 35.927595], [-78.692076, 35.931293], [-78.692644, 35.933381], [-78.695617, 35.939571], [-78.69679, 35.94267], [-78.698817, 35.945449], [-78.702257, 35.948732], [-78.702165, 35.949995], [-78.701723, 35.951803], [-78.703741, 35.956257], [-78.705431, 35.961629], [-78.706611, 35.964619], [-78.70856, 35.966411], [-78.711782, 35.967547], [-78.713411, 35.968949]]]}, "properties": {"id": "37183053803", "name": "Census Tract 538.03", "median_ratio": 0.9129, "relative_to_county": -4.0, "sales": 43, "enough_sales": true}}, {"type": "Feature", "geometry": {"type": "Polygon", "coordinates": [[[-78.641258, 35.636303], [-78.640823, 35.640535], [-78.636174, 35.63953], [-78.627209, 35.638969], [-78.619772, 35.636339], [-78.616191, 35.636007], [-78.613554, 35.635909], [-78.614093, 35.637061], [-78.614445, 35.638606], [-78.614879, 35.649147], [-78.614621, 35.651944], [-78.614193, 35.653509], [-78.613336, 35.656336], [-78.613284, 35.656523], [-78.613223, 35.656752], [-78.612854, 35.65771], [-78.612506, 35.658313], [-78.609777, 35.660874], [-78.609771, 35.660679], [-78.609663, 35.660548], [-78.609552, 35.660498], [-78.609526, 35.66047], [-78.60944, 35.66044], [-78.609349, 35.660316], [-78.609348, 35.660268], [-78.609391, 35.660187], [-78.609382, 35.660133], [-78.609238, 35.660093], [-78.609106, 35.659963], [-78.608921, 35.659859], [-78.608839, 35.659842], [-78.607749, 35.659175], [-78.607508, 35.658987], [-78.607229, 35.658848], [-78.607135, 35.658787], [-78.607059, 35.658659], [-78.60706, 35.658539], [-78.607148, 35.65839], [-78.60725, 35.655285], [-78.60975, 35.652319], [-78.606991, 35.651949], [-78.604347, 35.650589], [-78.604236, 35.649748], [-78.603923, 35.646846], [-78.601551, 35.646523], [-78.600901, 35.643139], [-78.600911, 35.641834], [-78.599533, 35.641424], [-78.600314, 35.639804], [-78.599765, 35.639036], [-78.598917, 35.638277], [-78.596014, 35.638437], [-78.596359, 35.635689], [-78.595365, 35.635686], [-78.592838, 35.633289], [-78.590806, 35.631029], [-78.58926, 35.631204], [-78.58844, 35.629578], [-78.586563, 35.629527], [-78.586074, 35.628083], [-78.583485, 35.627038], [-78.581329, 35.627526], [-78.5799, 35.626349], [-78.578657, 35.626503], [-78.578181, 35.625261], [-78.576829, 35.626944], [-78.573079, 35.627209], [-78.571733, 35.626688], [-78.57074, 35.628591], [-78.569264, 35.627568], [-78.566639, 35.629002], [-78.587878, 35.612551], [-78.597924, 35.604676], [-78.614334, 35.59205], [-78.626219, 35.591445], [-78.633915, 35.590172], [-78.635378, 35.594189], [-78.636278, 35.596792], [-78.63374, 35.605243], [-78.633637, 35.611911], [-78.636251, 35.615474], [-78.638369, 35.617873], [-78.639068, 35.620174], [-78.63915, 35.62478], [-78.641407, 35.628553], [-78.641258, 35.636303]]]}, "properties": {"id": "37183052902", "name": "Census Tract 529.02", "median_ratio": 0.976, "relative_to_county": 2.7, "sales": 77, "enough_sales": true}}, {"type": "Feature", "geometry": {"type": "Polygon", "coordinates": [[[-78.778754, 35.62794], [-78.776028, 35.628811], [-78.774283, 35.629342], [-78.767087, 35.630848], [-78.764797, 35.631412], [-78.763554, 35.63151], [-78.763085, 35.631458], [-78.759841, 35.630336], [-78.757586, 35.629558], [-78.754303, 35.629806], [-78.746992, 35.631887], [-78.746265, 35.631918], [-78.744114, 35.631829], [-78.741301, 35.631727], [-78.738293, 35.631635], [-78.735916, 35.63128], [-78.735097, 35.630736], [-78.733496, 35.629409], [-78.732234, 35.628393], [-78.728438, 35.62687], [-78.728283, 35.62681], [-78.726348, 35.626075], [-78.723345, 35.624862], [-78.732665, 35.618058], [-78.737157, 35.61431], [-78.737564, 35.607035], [-78.737333, 35.600792], [-78.736144, 35.597666], [-78.73526, 35.596875], [-78.731576, 35.595531], [-78.729437, 35.595271], [-78.727554, 35.594029], [-78.726289, 35.59325], [-78.725938, 35.593172], [-78.720282, 35.593031], [-78.71709, 35.593778], [-78.711355, 35.594479], [-78.71042, 35.59451], [-78.703544, 35.594069], [-78.694071, 35.592119], [-78.690524, 35.591038], [-78.690984, 35.587813], [-78.692885, 35.580527], [-78.693395, 35.577834], [-78.693116, 35.576796], [-78.688778, 35.569241], [-78.688577, 35.567985], [-78.690278, 35.561874], [-78.691748, 35.557516], [-78.699244, 35.559764], [-78.70271, 35.56036], [-78.704751, 35.559647], [-78.707637, 35.557979], [-78.715089, 35.55611], [-78.718531, 35.555719], [-78.720969, 35.555658], [-78.724688, 35.554168], [-78.725817, 35.555137], [-78.731159, 35.557537], [-78.736174, 35.562074], [-78.735097, 35.568952], [-78.735182, 35.572429], [-78.735041, 35.577441], [-78.735038, 35.577477], [-78.735034, 35.577512], [-78.735027, 35.577574], [-78.734911, 35.578438], [-78.738172, 35.578576], [-78.738945, 35.578728], [-78.745514, 35.580812], [-78.747108, 35.581256], [-78.751532, 35.582057], [-78.751645, 35.58209], [-78.75228, 35.582277], [-78.754779, 35.582997], [-78.75686, 35.582909], [-78.757673, 35.590098], [-78.759208, 35.596791], [-78.760167, 35.596398], [-78.766516, 35.594602], [-78.767713, 35.594307], [-78.77382, 35.592568], [-78.774049, 35.593794], [-78.774259, 35.595037], [-78.774507, 35.599285], [-78.774495, 35.59957], [-78.774465, 35.600575], [-78.774406, 35.601452], [-78.773928, 35.607169], [-78.774166, 35.607712], [-78.775393, 35.609212], [-78.775787, 35.610235], [-78.775869, 35.610787], [-78.775507, 35.612158], [-78.775224, 35.614837], [-78.774784, 35.617014], [-78.77471, 35.620759], [-78.775524, 35.622202], [-78.776517, 35.624928], [-78.778527, 35.626927], [-78.779593, 35.627904], [-78.778754, 35.62794]]]}, "properties": {"id": "37183053109", "name": "Census Tract 531.09", "median_ratio": 0.9604, "relative_to_county": 1.0, "sales": 149, "enough_sales": true}}, {"type": "Feature", "geometry": {"type": "Polygon", "coordinates": [[[-78.82297, 35.654844], [-78.821865, 35.655005], [-78.819117, 35.655449], [-78.817586, 35.655703], [-78.816005, 35.655959], [-78.813918, 35.656296], [-78.813214, 35.656411], [-78.80818, 35.657917], [-78.806643, 35.659649], [-78.805241, 35.660348], [-78.804019, 35.661177], [-78.802921, 35.662034], [-78.800559, 35.664718], [-78.798542, 35.667224], [-78.794386, 35.662454], [-78.792378, 35.660076], [-78.791385, 35.658369], [-78.789863, 35.655859], [-78.789748, 35.655611], [-78.789147, 35.65431], [-78.787733, 35.653035], [-78.786762, 35.652219], [-78.786409, 35.651822], [-78.785379, 35.64975], [-78.784989, 35.649403], [-78.784604, 35.648917], [-78.784493, 35.648607], [-78.784435, 35.647898], [-78.784432, 35.647346], [-78.784189, 35.645943], [-78.783522, 35.644975], [-78.782822, 35.643797], [-78.783213, 35.639392], [-78.783258, 35.638837], [-78.783236, 35.634026], [-78.781442, 35.630164], [-78.780616, 35.628891], [-78.779593, 35.627904], [-78.78318, 35.627949], [-78.786912, 35.627974], [-78.790711, 35.628057], [-78.791862, 35.628206], [-78.794489, 35.632145], [-78.797661, 35.635739], [-78.798626, 35.636981], [-78.800666, 35.639483], [-78.802002, 35.642313], [-78.802638, 35.642756], [-78.804052, 35.643384], [-78.807066, 35.644671], [-78.809004, 35.645093], [-78.809551, 35.645188], [-78.811564, 35.645541], [-78.813865, 35.645969], [-78.81561, 35.646502], [-78.818553, 35.648079], [-78.822744, 35.652829], [-78.82297, 35.654844]]]}, "properties": {"id": "37183053202", "name": "Census Tract 532.02", "median_ratio": 0.9433, "relative_to_county": -0.8, "sales": 54, "enough_sales": true}}, {"type": "Feature", "geometry": {"type": "Polygon", "coordinates": [[[-78.851422, 35.782998], [-78.848161, 35.78232], [-78.845777, 35.781747], [-78.842811, 35.780092], [-78.837387, 35.78047], [-78.837492, 35.779498], [-78.83725, 35.777917], [-78.834555, 35.773447], [-78.832697, 35.771799], [-78.831204, 35.770785], [-78.830571, 35.769867], [-78.830389, 35.769446], [-78.830024, 35.767938], [-78.83, 35.767877], [-78.829962, 35.767797], [-78.829032, 35.76664], [-78.82284, 35.764067], [-78.822578, 35.763685], [-78.821713, 35.762076], [-78.828254, 35.760105], [-78.828353, 35.760076], [-78.828333, 35.759798], [-78.829559, 35.759271], [-78.829757, 35.75965], [-78.83411, 35.758817], [-78.835713, 35.75879], [-78.83582, 35.758787], [-78.837529, 35.758606], [-78.839242, 35.757625], [-78.840518, 35.757489], [-78.841293, 35.757404], [-78.841783, 35.757172], [-78.843362, 35.75624], [-78.846164, 35.75463], [-78.846353, 35.754527], [-78.846079, 35.755481], [-78.845627, 35.757087], [-78.845542, 35.758017], [-78.844897, 35.759714], [-78.843749, 35.763815], [-78.8427, 35.767571], [-78.84302, 35.771191], [-78.848783, 35.780046], [-78.849657, 35.781219], [-78.851422, 35.782998]]]}, "properties": {"id": "37183053424", "name": "Census Tract 534.24", "median_ratio": 0.9083, "relative_to_county": -4.4, "sales": 62, "enough_sales": true}}, {"type": "Feature", "geometry": {"type": "Polygon", "coordinates": [[[-78.773681, 35.81654], [-78.7731, 35.817036], [-78.772016, 35.818219], [-78.771562, 35.819091], [-78.770131, 35.827426], [-78.76917, 35.829135], [-78.768576, 35.829631], [-78.765114, 35.831144], [-78.763743, 35.831685], [-78.76104, 35.832797], [-78.760456, 35.833272], [-78.756435, 35.83327], [-78.75646, 35.830719], [-78.754533, 35.830662], [-78.750691, 35.828201], [-78.750753, 35.825655], [-78.745937, 35.825592], [-78.74348, 35.825281], [-78.74349, 35.82929], [-78.740461, 35.829241], [-78.736341, 35.829242], [-78.735959, 35.830146], [-78.734885, 35.829446], [-78.738059, 35.827673], [-78.738521, 35.827226], [-78.738664, 35.827071], [-78.73941, 35.826147], [-78.741018, 35.823129], [-78.741419, 35.822154], [-78.742331, 35.820854], [-78.743005, 35.820071], [-78.740553, 35.818372], [-78.73892, 35.816196], [-78.73828, 35.814105], [-78.738436, 35.81159], [-78.741909, 35.799065], [-78.743753, 35.795013], [-78.745507, 35.792231], [-78.747324, 35.789631], [-78.747903, 35.789728], [-78.76376, 35.792338], [-78.763294, 35.794504], [-78.763343, 35.795248], [-78.766616, 35.800301], [-78.767707, 35.801438], [-78.76723, 35.802866], [-78.767384, 35.80397], [-78.768105, 35.805054], [-78.769038, 35.806672], [-78.771979, 35.809255], [-78.772595, 35.811199], [-78.772854, 35.812956], [-78.773252, 35.814537], [-78.77338, 35.816128], [-78.773681, 35.81654]]]}, "properties": {"id": "37183053521", "name": "Census Tract 535.21", "median_ratio": 0.9365, "relative_to_county": -1.5, "sales": 43, "enough_sales": true}}, {"type": "Feature", "geometry": {"type": "Polygon", "coordinates": [[[-78.581892, 35.86736], [-78.580395, 35.870815], [-78.578397, 35.873222], [-78.576683, 35.875165], [-78.563317, 35.872356], [-78.56089, 35.871442], [-78.558524, 35.870272], [-78.555542, 35.86805], [-78.549004, 35.861974], [-78.550417, 35.860256], [-78.555167, 35.855863], [-78.55567, 35.855982], [-78.557856, 35.856018], [-78.560174, 35.856027], [-78.565489, 35.856051], [-78.571793, 35.856079], [-78.580965, 35.855122], [-78.582023, 35.864631], [-78.581892, 35.86736]]]}, "properties": {"id": "37183054015", "name": "Census Tract 540.15", "median_ratio": 0.9689, "relative_to_county": 1.9, "sales": 23, "enough_sales": true}}, {"type": "Feature", "geometry": {"type": "Polygon", "coordinates": [[[-78.501114, 35.845154], [-78.500878, 35.85234], [-78.498924, 35.853782], [-78.497969, 35.854593], [-78.493835, 35.860074], [-78.491342, 35.861286], [-78.490461, 35.861468], [-78.482333, 35.861339], [-78.481833, 35.86137], [-78.477643, 35.866109], [-78.477181, 35.873593], [-78.475236, 35.878516], [-78.475012, 35.879684], [-78.470513, 35.879385], [-78.46335, 35.877762], [-78.450969, 35.878032], [-78.449704, 35.878741], [-78.450141, 35.870034], [-78.448601, 35.86815], [-78.446438, 35.866398], [-78.44474, 35.865505], [-78.443908, 35.864573], [-78.443741, 35.864024], [-78.443901, 35.858552], [-78.446013, 35.848509], [-78.446917, 35.844049], [-78.447292, 35.842125], [-78.446604, 35.836956], [-78.447584, 35.834761], [-78.449773, 35.831907], [-78.453729, 35.831386], [-78.457371, 35.830442], [-78.468695, 35.832443], [-78.473669, 35.835114], [-78.477619, 35.836418], [-78.481879, 35.836872], [-78.484361, 35.836453], [-78.488711, 35.835584], [-78.491854, 35.836468], [-78.501242, 35.839705], [-78.501089, 35.840468], [-78.501618, 35.843434], [-78.501114, 35.845154]]]}, "properties": {"id": "37183054111", "name": "Census Tract 541.11", "median_ratio": 0.9392, "relative_to_county": -1.2, "sales": 29, "enough_sales": true}}, {"type": "Feature", "geometry": {"type": "Polygon", "coordinates": [[[-78.873155, 35.862671], [-78.870298, 35.86756], [-78.864741, 35.867498], [-78.860157, 35.867429], [-78.850423, 35.867282], [-78.849668, 35.867279], [-78.845218, 35.861149], [-78.844036, 35.859501], [-78.843942, 35.859341], [-78.84358, 35.858853], [-78.842178, 35.853659], [-78.839267, 35.849599], [-78.838775, 35.848967], [-78.836475, 35.846008], [-78.841545, 35.843176], [-78.845614, 35.840661], [-78.849675, 35.838154], [-78.850594, 35.837475], [-78.850667, 35.837406], [-78.85183, 35.836114], [-78.852272, 35.835688], [-78.852918, 35.835383], [-78.853576, 35.835231], [-78.855337, 35.834462], [-78.856013, 35.837077], [-78.855663, 35.83951], [-78.855104, 35.840763], [-78.85434, 35.84237], [-78.854336, 35.843746], [-78.859516, 35.849437], [-78.862861, 35.851469], [-78.864734, 35.852701], [-78.867337, 35.856127], [-78.872765, 35.86014], [-78.873155, 35.862671]]]}, "properties": {"id": "37183053608", "name": "Census Tract 536.08", "median_ratio": 0.982, "relative_to_county": 3.3, "sales": 54, "enough_sales": true}}, {"type": "Feature", "geometry": {"type": "Polygon", "coordinates": [[[-78.754284, 36.056338], [-78.751273, 36.070834], [-78.718788, 36.075918], [-78.705602, 36.076443], [-78.693398, 36.075317], [-78.683224, 36.074484], [-78.671229, 36.069594], [-78.669561, 36.068916], [-78.655124, 36.063063], [-78.654352, 36.062611], [-78.627315, 36.051689], [-78.603612, 36.042388], [-78.557239, 36.025569], [-78.553986, 36.024388], [-78.553827, 36.024348], [-78.555451, 36.020251], [-78.554726, 36.016367], [-78.552898, 36.013635], [-78.553314, 36.012138], [-78.556459, 36.011938], [-78.565019, 36.013832], [-78.577273, 36.016472], [-78.580585, 36.016438], [-78.588295, 36.014358], [-78.591411, 36.013686], [-78.593991, 36.012628], [-78.597236, 36.012712], [-78.598081, 36.010735], [-78.60076, 36.008779], [-78.603624, 36.005239], [-78.604738, 36.001374], [-78.604955, 35.998939], [-78.606644, 35.995801], [-78.607295, 35.99309], [-78.607514, 35.986738], [-78.607908, 35.984321], [-78.611643, 35.981524], [-78.618119, 35.981251], [-78.627838, 35.979367], [-78.63275, 35.978978], [-78.632997, 35.982799], [-78.63398, 35.98512], [-78.635788, 35.986014], [-78.640151, 35.98639], [-78.643366, 35.985953], [-78.644445, 35.986398], [-78.64468, 35.989589], [-78.643407, 35.992138], [-78.644015, 35.993042], [-78.648948, 35.995672], [-78.649995, 35.995535], [-78.651365, 35.997783], [-78.652696, 35.998215], [-78.652066, 35.999222], [-78.647449, 36.002643], [-78.646278, 36.00583], [-78.644489, 36.005595], [-78.643882, 36.00442], [-78.644093, 36.000641], [-78.641687, 36.000132], [-78.64091, 36.001433], [-78.640472, 36.00526], [-78.642358, 36.009075], [-78.643655, 36.010115], [-78.647098, 36.010007], [-78.648864, 36.00791], [-78.650209, 36.003996], [-78.655913, 36.000325], [-78.657435, 35.998805], [-78.658403, 35.998796], [-78.660349, 36.00038], [-78.664971, 36.002564], [-78.667255, 36.003171], [-78.66698, 36.006102], [-78.666284, 36.008515], [-78.665287, 36.010161], [-78.666113, 36.011229], [-78.669427, 36.012057], [-78.675336, 36.012279], [-78.678814, 36.0129], [-78.683472, 36.012783], [-78.684731, 36.013552], [-78.685293, 36.015391], [-78.684472, 36.02046], [-78.685172, 36.02084], [-78.687015, 36.020639], [-78.691375, 36.017921], [-78.690535, 36.015482], [-78.691669, 36.013354], [-78.695497, 36.013284], [-78.699847, 36.011427], [-78.707437, 36.011106], [-78.719951, 36.02959], [-78.740187, 36.023561], [-78.753611, 36.031384], [-78.754026, 36.047812], [-78.754167, 36.052072], [-78.754284, 36.056338]]]}, "properties": {"id": "37183053902", "name": "Census Tract 539.02", "median_ratio": 0.9485, "relative_to_county": -0.2, "sales": 82, "enough_sales": true}}, {"type": "Feature", "geometry": {"type": "Polygon", "coordinates": [[[-78.896099, 35.755169], [-78.893789, 35.754912], [-78.893133, 35.754915], [-78.891565, 35.755095], [-78.890309, 35.755485], [-78.889576, 35.755812], [-78.887001, 35.757657], [-78.885842, 35.758368], [-78.882937, 35.760107], [-78.882031, 35.760342], [-78.875656, 35.761016], [-78.876963, 35.754132], [-78.877112, 35.752835], [-78.877012, 35.751494], [-78.876339, 35.749421], [-78.874759, 35.747373], [-78.870344, 35.743369], [-78.865246, 35.738535], [-78.863353, 35.736725], [-78.862584, 35.735716], [-78.867086, 35.736424], [-78.867815, 35.736571], [-78.870718, 35.73709], [-78.870905, 35.737102], [-78.870952, 35.737105], [-78.871046, 35.737111], [-78.87113, 35.737117], [-78.871308, 35.737124], [-78.871362, 35.737125], [-78.872106, 35.737141], [-78.872772, 35.737142], [-78.874872, 35.737235], [-78.875766, 35.737256], [-78.876442, 35.737271], [-78.87714, 35.737281], [-78.883585, 35.737451], [-78.892142, 35.736386], [-78.893969, 35.735936], [-78.896038, 35.735055], [-78.895415, 35.740663], [-78.894588, 35.746658], [-78.894591, 35.746852], [-78.894451, 35.753019], [-78.896099, 35.755169]]]}, "properties": {"id": "37183053415", "name": "Census Tract 534.15", "median_ratio": 0.9607, "relative_to_county": 1.1, "sales": 49, "enough_sales": true}}, {"type": "Feature", "geometry": {"type": "Polygon", "coordinates": [[[-78.506147, 35.95161], [-78.505863, 35.952775], [-78.503219, 35.955149], [-78.502583, 35.955449], [-78.5011, 35.95576], [-78.497131, 35.957935], [-78.493531, 35.958382], [-78.492443, 35.958601], [-78.491673, 35.958717], [-78.490998, 35.958778], [-78.490585, 35.958899], [-78.489964, 35.95925], [-78.48958, 35.959584], [-78.488786, 35.9601], [-78.488718, 35.961693], [-78.490107, 35.963822], [-78.49044, 35.9646], [-78.489996, 35.966106], [-78.48909, 35.964673], [-78.487524, 35.962851], [-78.486988, 35.96227], [-78.4859, 35.9611], [-78.484936, 35.960143], [-78.480939, 35.95666], [-78.480462, 35.956364], [-78.474899, 35.954153], [-78.473663, 35.953475], [-78.473078, 35.952891], [-78.472352, 35.952111], [-78.472127, 35.951876], [-78.466852, 35.948045], [-78.465664, 35.947209], [-78.460259, 35.943509], [-78.45677, 35.941479], [-78.456153, 35.94113], [-78.456449, 35.938703], [-78.45691, 35.935117], [-78.457531, 35.930387], [-78.457413, 35.92328], [-78.459239, 35.921927], [-78.462367, 35.920013], [-78.466933, 35.922039], [-78.468204, 35.923978], [-78.471052, 35.927667], [-78.476498, 35.930425], [-78.479594, 35.932985], [-78.481197, 35.935812], [-78.481482, 35.936276], [-78.483708, 35.937345], [-78.484105, 35.937622], [-78.484473, 35.937967], [-78.486243, 35.93995], [-78.489032, 35.941048], [-78.491166, 35.941854], [-78.494193, 35.942989], [-78.494719, 35.943186], [-78.496514, 35.943882], [-78.49763, 35.944206], [-78.498362, 35.944375], [-78.498738, 35.944429], [-78.499723, 35.944454], [-78.500808, 35.944418], [-78.501074, 35.944443], [-78.50304, 35.944689], [-78.505443, 35.946239], [-78.508539, 35.949214], [-78.506147, 35.95161]]]}, "properties": {"id": "37183054222", "name": "Census Tract 542.22", "median_ratio": 0.9343, "relative_to_county": -1.7, "sales": 115, "enough_sales": true}}, {"type": "Feature", "geometry": {"type": "Polygon", "coordinates": [[[-78.35468, 35.830538], [-78.345895, 35.834386], [-78.343663, 35.834958], [-78.336113, 35.83521], [-78.332096, 35.835029], [-78.325654, 35.834719], [-78.321406, 35.834562], [-78.313837, 35.834211], [-78.309417, 35.83406], [-78.30686, 35.834352], [-78.305575, 35.834685], [-78.303353, 35.835691], [-78.301945, 35.836736], [-78.298899, 35.839405], [-78.293903, 35.843758], [-78.280657, 35.856037], [-78.278958, 35.857302], [-78.275126, 35.859198], [-78.272974, 35.857734], [-78.271595, 35.852905], [-78.270169, 35.850445], [-78.270559, 35.847833], [-78.269769, 35.84688], [-78.269417, 35.844442], [-78.267572, 35.842421], [-78.265993, 35.83962], [-78.264425, 35.83924], [-78.262944, 35.837515], [-78.262486, 35.837381], [-78.262646, 35.836117], [-78.260925, 35.83473], [-78.273233, 35.832999], [-78.293133, 35.829572], [-78.297568, 35.828718], [-78.298966, 35.828403], [-78.300382, 35.828085], [-78.302134, 35.82767], [-78.312058, 35.825388], [-78.31461, 35.824293], [-78.32206, 35.821074], [-78.323245, 35.820867], [-78.327269, 35.820278], [-78.328353, 35.820305], [-78.329785, 35.820474], [-78.33591, 35.821766], [-78.340406, 35.822192], [-78.344376, 35.822117], [-78.345484, 35.822094], [-78.351735, 35.821944], [-78.351605, 35.82655], [-78.35468, 35.830538]]]}, "properties": {"id": "37183054305", "name": "Census Tract 543.05", "median_ratio": 0.9839, "relative_to_county": 3.5, "sales": 68, "enough_sales": true}}, {"type": "Feature", "geometry": {"type": "Polygon", "coordinates": [[[-78.586221, 35.747848], [-78.585912, 35.749656], [-78.585763, 35.750281], [-78.58538, 35.75144], [-78.582762, 35.753868], [-78.582625, 35.754142], [-78.582473, 35.755395], [-78.582774, 35.756896], [-78.58294, 35.75837], [-78.583, 35.76254], [-78.582116, 35.765106], [-78.583442, 35.768063], [-78.583272, 35.771051], [-78.581768, 35.769568], [-78.578276, 35.767873], [-78.57771, 35.76779], [-78.574063, 35.767907], [-78.570605, 35.767754], [-78.570468, 35.7674], [-78.570098, 35.767048], [-78.569854, 35.766845], [-78.569228, 35.766101], [-78.569081, 35.765941], [-78.564564, 35.762769], [-78.563675, 35.762405], [-78.560181, 35.762279], [-78.557983, 35.762259], [-78.55608, 35.762509], [-78.553579, 35.761448], [-78.551915, 35.76047], [-78.549251, 35.758764], [-78.544559, 35.757199], [-78.53571, 35.754611], [-78.531972, 35.754551], [-78.531779, 35.751649], [-78.531617, 35.750882], [-78.533622, 35.750635], [-78.534489, 35.749443], [-78.53434, 35.74767], [-78.535636, 35.746061], [-78.541112, 35.741829], [-78.542849, 35.740564], [-78.543747, 35.740186], [-78.545589, 35.73957], [-78.548098, 35.739193], [-78.550532, 35.737841], [-78.551844, 35.736899], [-78.552964, 35.735783], [-78.55465, 35.73326], [-78.554896, 35.732959], [-78.555053, 35.73271], [-78.556143, 35.730031], [-78.556706, 35.730369], [-78.557857, 35.731035], [-78.558454, 35.731405], [-78.558798, 35.731694], [-78.559186, 35.73207], [-78.560147, 35.733003], [-78.567013, 35.737948], [-78.568633, 35.739447], [-78.569428, 35.740051], [-78.569447, 35.740062], [-78.583898, 35.745548], [-78.585673, 35.746212], [-78.586073, 35.746357], [-78.586221, 35.747848]]]}, "properties": {"id": "37183052811", "name": "Census Tract 528.11", "median_ratio": 0.9472, "relative_to_county": -0.4, "sales": 185, "enough_sales": true}}, {"type": "Feature", "geometry": {"type": "Polygon", "coordinates": [[[-78.570306, 35.938687], [-78.564487, 35.939725], [-78.559485, 35.942824], [-78.557445, 35.943906], [-78.555038, 35.94481], [-78.552649, 35.945291], [-78.539876, 35.945927], [-78.539146, 35.945932], [-78.538333, 35.945998], [-78.5311, 35.94973], [-78.529567, 35.950572], [-78.526981, 35.95358], [-78.518485, 35.950021], [-78.510374, 35.950305], [-78.509733, 35.950085], [-78.508539, 35.949214], [-78.508919, 35.947503], [-78.513145, 35.94232], [-78.514922, 35.940975], [-78.515113, 35.939343], [-78.517725, 35.935425], [-78.518105, 35.934893], [-78.520485, 35.934665], [-78.52193, 35.934084], [-78.523775, 35.932555], [-78.527712, 35.929012], [-78.530797, 35.927336], [-78.533014, 35.922475], [-78.53419, 35.920999], [-78.534334, 35.918448], [-78.534455, 35.918424], [-78.534576, 35.914999], [-78.537608, 35.910068], [-78.538845, 35.909212], [-78.53896, 35.909083], [-78.540221, 35.908767], [-78.541138, 35.906572], [-78.542307, 35.905675], [-78.543028, 35.905453], [-78.543637, 35.905455], [-78.545906, 35.905869], [-78.547344, 35.90628], [-78.550712, 35.90823], [-78.552927, 35.908328], [-78.554537, 35.90878], [-78.554708, 35.908898], [-78.554942, 35.908999], [-78.558071, 35.909764], [-78.55934, 35.911305], [-78.559868, 35.912181], [-78.559923, 35.915862], [-78.556016, 35.920913], [-78.554944, 35.924334], [-78.553713, 35.926538], [-78.554105, 35.928608], [-78.557886, 35.930894], [-78.558121, 35.931227], [-78.55903, 35.931941], [-78.559356, 35.932169], [-78.560631, 35.932992], [-78.560909, 35.933117], [-78.564143, 35.934237], [-78.565584, 35.934287], [-78.56819, 35.933935], [-78.572386, 35.937303], [-78.570306, 35.938687]]]}, "properties": {"id": "37183054220", "name": "Census Tract 542.20", "median_ratio": 0.9645, "relative_to_county": 1.5, "sales": 62, "enough_sales": true}}, {"type": "Feature", "geometry": {"type": "Polygon", "coordinates": [[[-78.580057, 35.94132], [-78.579998, 35.942457], [-78.578403, 35.945392], [-78.575327, 35.946827], [-78.573783, 35.948129], [-78.571185, 35.950406], [-78.568062, 35.952819], [-78.567169, 35.953884], [-78.563758, 35.951633], [-78.562322, 35.951363], [-78.559126, 35.951908], [-78.556013, 35.954429], [-78.555447, 35.955567], [-78.554809, 35.96079], [-78.550486, 35.96432], [-78.549962, 35.96436], [-78.546583, 35.960328], [-78.545833, 35.95788], [-78.546205, 35.956468], [-78.549935, 35.953178], [-78.551125, 35.950514], [-78.552649, 35.945291], [-78.555038, 35.94481], [-78.557445, 35.943906], [-78.559485, 35.942824], [-78.564487, 35.939725], [-78.570306, 35.938687], [-78.572386, 35.937303], [-78.573447, 35.938003], [-78.574458, 35.939136], [-78.575659, 35.940199], [-78.577552, 35.941041], [-78.580051, 35.94128], [-78.580057, 35.94132]]]}, "properties": {"id": "37183054213", "name": "Census Tract 542.13", "median_ratio": 0.9641, "relative_to_county": 1.4, "sales": 42, "enough_sales": true}}, {"type": "Feature", "geometry": {"type": "Polygon", "coordinates": [[[-78.507509, 35.939685], [-78.50728, 35.941702], [-78.506672, 35.945143], [-78.505443, 35.946239], [-78.50304, 35.944689], [-78.501074, 35.944443], [-78.500808, 35.944418], [-78.499723, 35.944454], [-78.498738, 35.944429], [-78.498362, 35.944375], [-78.49763, 35.944206], [-78.496514, 35.943882], [-78.494719, 35.943186], [-78.494193, 35.942989], [-78.491166, 35.941854], [-78.489032, 35.941048], [-78.486243, 35.93995], [-78.484473, 35.937967], [-78.484105, 35.937622], [-78.483708, 35.937345], [-78.481482, 35.936276], [-78.481197, 35.935812], [-78.479594, 35.932985], [-78.476498, 35.930425], [-78.471052, 35.927667], [-78.468204, 35.923978], [-78.466933, 35.922039], [-78.462367, 35.920013], [-78.47221, 35.914531], [-78.474359, 35.913038], [-78.47956, 35.907534], [-78.481704, 35.906001], [-78.48709, 35.903766], [-78.497059, 35.899857], [-78.498474, 35.899285], [-78.506572, 35.896015], [-78.50677, 35.897549], [-78.506933, 35.899843], [-78.506969, 35.900463], [-78.506692, 35.901658], [-78.506072, 35.903484], [-78.505829, 35.904203], [-78.5058, 35.904287], [-78.505248, 35.905981], [-78.505159, 35.906397], [-78.505005, 35.907384], [-78.504961, 35.907666], [-78.504503, 35.911097], [-78.505116, 35.912576], [-78.506227, 35.914406], [-78.506265, 35.915504], [-78.506153, 35.916094], [-78.504244, 35.923389], [-78.504259, 35.925562], [-78.504556, 35.927397], [-78.504602, 35.92866], [-78.504629, 35.929766], [-78.504687, 35.931212], [-78.50544, 35.932661], [-78.506471, 35.933858], [-78.506706, 35.934487], [-78.507115, 35.936645], [-78.507332, 35.937769], [-78.50752, 35.938852], [-78.507509, 35.939685]]]}, "properties": {"id": "37183054216", "name": "Census Tract 542.16", "median_ratio": 0.9412, "relative_to_county": -1.0, "sales": 88, "enough_sales": true}}, {"type": "Feature", "geometry": {"type": "Polygon", "coordinates": [[[-78.908743, 35.848051], [-78.906071, 35.868096], [-78.894659, 35.867933], [-78.892641, 35.867905], [-78.892401, 35.867902], [-78.890656, 35.867876], [-78.890486, 35.867874], [-78.893716, 35.856438], [-78.893796, 35.855788], [-78.893651, 35.854575], [-78.893018, 35.853155], [-78.894447, 35.853353], [-78.894725, 35.853194], [-78.894068, 35.850696], [-78.892782, 35.848195], [-78.890882, 35.845765], [-78.895171, 35.843876], [-78.896201, 35.843409], [-78.89826, 35.842453], [-78.898996, 35.842257], [-78.899893, 35.842224], [-78.902157, 35.84225], [-78.909416, 35.843001], [-78.908743, 35.848051]]]}, "properties": {"id": "37183053618", "name": "Census Tract 536.18", "median_ratio": 0.905, "relative_to_county": -4.8, "sales": 15, "enough_sales": true}}, {"type": "Feature", "geometry": {"type": "Polygon", "coordinates": [[[-78.983059, 35.644453], [-78.971111, 35.676413], [-78.955933, 35.71608], [-78.950188, 35.732118], [-78.948985, 35.732067], [-78.947429, 35.731506], [-78.946019, 35.731021], [-78.941708, 35.731001], [-78.935617, 35.730181], [-78.931183, 35.7289], [-78.929976, 35.728536], [-78.928643, 35.728103], [-78.926317, 35.727266], [-78.925133, 35.72689], [-78.920896, 35.726013], [-78.919161, 35.726413], [-78.918838, 35.726506], [-78.916438, 35.727203], [-78.914681, 35.727711], [-78.912625, 35.728294], [-78.911932, 35.72849], [-78.911147, 35.72871], [-78.909091, 35.72928], [-78.908627, 35.729407], [-78.908353, 35.729455], [-78.907768, 35.729514], [-78.905928, 35.730001], [-78.903027, 35.732511], [-78.896038, 35.735055], [-78.893969, 35.735936], [-78.892142, 35.736386], [-78.892169, 35.732398], [-78.891858, 35.731061], [-78.891382, 35.729794], [-78.886788, 35.722337], [-78.881819, 35.711341], [-78.880211, 35.708826], [-78.882324, 35.706753], [-78.883496, 35.705604], [-78.883751, 35.705355], [-78.883897, 35.705212], [-78.886184, 35.703107], [-78.886361, 35.702981], [-78.88759, 35.702262], [-78.887938, 35.702094], [-78.888964, 35.701696], [-78.896437, 35.699602], [-78.895734, 35.698006], [-78.894553, 35.696909], [-78.894025, 35.694517], [-78.894508, 35.692922], [-78.896758, 35.689925], [-78.898237, 35.686305], [-78.900406, 35.68281], [-78.92229, 35.672135], [-78.930521, 35.668853], [-78.933621, 35.667446], [-78.961484, 35.652875], [-78.977921, 35.645457], [-78.983059, 35.644453]]]}, "properties": {"id": "37183053428", "name": "Census Tract 534.28", "median_ratio": 0.9358, "relative_to_county": -1.6, "sales": 297, "enough_sales": true}}, {"type": "Feature", "geometry": {"type": "Polygon", "coordinates": [[[-78.580194, 35.933759], [-78.580146, 35.934642], [-78.579892, 35.935801], [-78.579714, 35.936023], [-78.579493, 35.936284], [-78.579705, 35.939508], [-78.579613, 35.939726], [-78.580051, 35.94128], [-78.577552, 35.941041], [-78.575659, 35.940199], [-78.574458, 35.939136], [-78.573447, 35.938003], [-78.572386, 35.937303], [-78.56819, 35.933935], [-78.565584, 35.934287], [-78.564143, 35.934237], [-78.560909, 35.933117], [-78.560631, 35.932992], [-78.559356, 35.932169], [-78.55903, 35.931941], [-78.559032, 35.931912], [-78.559233, 35.927105], [-78.55965, 35.925414], [-78.560011, 35.924406], [-78.563486, 35.922837], [-78.563968, 35.924232], [-78.566923, 35.926341], [-78.567178, 35.924888], [-78.570916, 35.925511], [-78.574464, 35.92361], [-78.574728, 35.923758], [-78.574909, 35.923838], [-78.575482, 35.924065], [-78.575914, 35.924254], [-78.57639, 35.924443], [-78.575995, 35.924515], [-78.574948, 35.926968], [-78.573235, 35.928825], [-78.571863, 35.929173], [-78.573645, 35.931028], [-78.575987, 35.931306], [-78.576658, 35.932977], [-78.579116, 35.933267], [-78.579769, 35.932801], [-78.580041, 35.932968], [-78.580205, 35.933554], [-78.580194, 35.933759]]]}, "properties": {"id": "37183054021", "name": "Census Tract 540.21", "median_ratio": 0.9283, "relative_to_county": -2.3, "sales": 43, "enough_sales": true}}, {"type": "Feature", "geometry": {"type": "Polygon", "coordinates": [[[-78.631014, 35.731013], [-78.627529, 35.73124], [-78.626216, 35.731312], [-78.625801, 35.730449], [-78.626381, 35.729656], [-78.624228, 35.728683], [-78.619176, 35.728416], [-78.615571, 35.726867], [-78.616222, 35.724609], [-78.614208, 35.724711], [-78.609438, 35.728748], [-78.609105, 35.729658], [-78.608072, 35.730324], [-78.606053, 35.730813], [-78.605619, 35.7304], [-78.60265, 35.727759], [-78.600217, 35.728018], [-78.598136, 35.727733], [-78.596716, 35.727266], [-78.596649, 35.727246], [-78.593023, 35.729162], [-78.591272, 35.730701], [-78.58981, 35.731349], [-78.587468, 35.731369], [-78.585053, 35.725371], [-78.584403, 35.722535], [-78.583876, 35.708076], [-78.583429, 35.70541], [-78.581105, 35.700796], [-78.580567, 35.700105], [-78.575262, 35.694783], [-78.584533, 35.696478], [-78.589227, 35.69768], [-78.590616, 35.698139], [-78.613338, 35.70651], [-78.618273, 35.708412], [-78.622863, 35.710794], [-78.630503, 35.714885], [-78.624996, 35.716858], [-78.62708, 35.721536], [-78.626583, 35.724807], [-78.628497, 35.728305], [-78.630582, 35.730737], [-78.631014, 35.731013]]]}, "properties": {"id": "37183052815", "name": "Census Tract 528.15", "median_ratio": 0.9197, "relative_to_county": -3.3, "sales": 49, "enough_sales": true}}, {"type": "Feature", "geometry": {"type": "Polygon", "coordinates": [[[-78.748973, 35.785239], [-78.748035, 35.787842], [-78.747061, 35.789359], [-78.745359, 35.789068], [-78.744238, 35.788869], [-78.74288, 35.788629], [-78.735743, 35.787482], [-78.734901, 35.787349], [-78.730982, 35.786533], [-78.721688, 35.785175], [-78.7219, 35.783783], [-78.723448, 35.78367], [-78.730151, 35.779553], [-78.731842, 35.7778], [-78.732342, 35.777201], [-78.732844, 35.775491], [-78.739174, 35.771133], [-78.739291, 35.771004], [-78.741399, 35.772585], [-78.746222, 35.776915], [-78.748457, 35.780384], [-78.749092, 35.782983], [-78.748973, 35.785239]]]}, "properties": {"id": "37183052411", "name": "Census Tract 524.11", "median_ratio": 0.8735, "relative_to_county": -8.1, "sales": 26, "enough_sales": true}}, {"type": "Feature", "geometry": {"type": "Polygon", "coordinates": [[[-78.84211, 35.737815], [-78.837917, 35.741887], [-78.83544, 35.747618], [-78.839595, 35.748752], [-78.836775, 35.753351], [-78.83591, 35.754478], [-78.832274, 35.757764], [-78.829559, 35.759271], [-78.828333, 35.759798], [-78.828196, 35.7593], [-78.828722, 35.756568], [-78.828729, 35.754954], [-78.828721, 35.753566], [-78.828767, 35.753309], [-78.826504, 35.752719], [-78.824691, 35.751324], [-78.821392, 35.750088], [-78.818378, 35.747046], [-78.816424, 35.746122], [-78.819965, 35.745584], [-78.820375, 35.745243], [-78.821651, 35.743224], [-78.828203, 35.737792], [-78.829653, 35.73681], [-78.832563, 35.735807], [-78.834495, 35.735398], [-78.836052, 35.735041], [-78.83758, 35.734421], [-78.838597, 35.734125], [-78.839161, 35.734028], [-78.840076, 35.733948], [-78.84211, 35.737815]]]}, "properties": {"id": "37183053435", "name": "Census Tract 534.35", "median_ratio": 0.9265, "relative_to_county": -2.5, "sales": 25, "enough_sales": true}}, {"type": "Feature", "geometry": {"type": "Polygon", "coordinates": [[[-78.664429, 35.659562], [-78.664404, 35.65961], [-78.664343, 35.659725], [-78.664273, 35.659859], [-78.664187, 35.660023], [-78.663169, 35.661895], [-78.661748, 35.664484], [-78.660699, 35.666375], [-78.660167, 35.667256], [-78.659671, 35.667997], [-78.659027, 35.668742], [-78.658651, 35.669281], [-78.658509, 35.671495], [-78.658451, 35.672713], [-78.65805, 35.676332], [-78.657005, 35.678694], [-78.656542, 35.679309], [-78.654638, 35.680569], [-78.653468, 35.681373], [-78.652905, 35.682094], [-78.650975, 35.680155], [-78.6502, 35.680378], [-78.649928, 35.679476], [-78.648994, 35.67938], [-78.645185, 35.677704], [-78.644306, 35.67662], [-78.64448, 35.674908], [-78.643277, 35.672065], [-78.638049, 35.667768], [-78.635233, 35.667534], [-78.633572, 35.668476], [-78.631418, 35.668469], [-78.627832, 35.667692], [-78.625576, 35.665883], [-78.617369, 35.664196], [-78.613567, 35.662381], [-78.611416, 35.662239], [-78.610863, 35.661877], [-78.609777, 35.660874], [-78.612506, 35.658313], [-78.612854, 35.65771], [-78.613223, 35.656752], [-78.613284, 35.656523], [-78.613336, 35.656336], [-78.614193, 35.653509], [-78.614621, 35.651944], [-78.614879, 35.649147], [-78.614445, 35.638606], [-78.614093, 35.637061], [-78.613554, 35.635909], [-78.616191, 35.636007], [-78.619772, 35.636339], [-78.627209, 35.638969], [-78.636174, 35.63953], [-78.640823, 35.640535], [-78.644184, 35.643177], [-78.646441, 35.646822], [-78.650549, 35.649057], [-78.652005, 35.649827], [-78.660525, 35.652642], [-78.663303, 35.653997], [-78.666304, 35.655506], [-78.664429, 35.659562]]]}, "properties": {"id": "37183052903", "name": "Census Tract 529.03", "median_ratio": 0.9368, "relative_to_county": -1.5, "sales": 20, "enough_sales": true}}, {"type": "Feature", "geometry": {"type": "Polygon", "coordinates": [[[-78.796104, 35.798824], [-78.79489, 35.799667], [-78.795541, 35.800985], [-78.793618, 35.806071], [-78.793633, 35.807573], [-78.793651, 35.807675], [-78.793733, 35.807931], [-78.793832, 35.808154], [-78.79456, 35.809446], [-78.794814, 35.811747], [-78.792245, 35.811237], [-78.787401, 35.811663], [-78.782084, 35.810507], [-78.781126, 35.809825], [-78.782485, 35.808048], [-78.782975, 35.802682], [-78.783264, 35.78907], [-78.789766, 35.79103], [-78.799337, 35.79665], [-78.796104, 35.798824]]]}, "properties": {"id": "37183053513", "name": "Census Tract 535.13", "median_ratio": 0.9514, "relative_to_county": 0.1, "sales": 24, "enough_sales": true}}, {"type": "Feature", "geometry": {"type": "Polygon", "coordinates": [[[-78.634275, 35.790408], [-78.632697, 35.792148], [-78.6313, 35.794438], [-78.629374, 35.797565], [-78.625826, 35.799378], [-78.624034, 35.804306], [-78.623836, 35.804694], [-78.622662, 35.804972], [-78.610898, 35.810251], [-78.608525, 35.807172], [-78.608134, 35.803503], [-78.608257, 35.802413], [-78.608483, 35.801118], [-78.610913, 35.798976], [-78.610674, 35.796796], [-78.612874, 35.794258], [-78.613079, 35.792929], [-78.616179, 35.792496], [-78.620351, 35.792828], [-78.621421, 35.786924], [-78.622541, 35.786781], [-78.623329, 35.784511], [-78.624579, 35.784554], [-78.627933, 35.784604], [-78.62962, 35.784647], [-78.628527, 35.787919], [-78.631858, 35.788043], [-78.634401, 35.788116], [-78.634275, 35.790408]]]}, "properties": {"id": "37183050500", "name": "Census Tract 505", "median_ratio": 0.8999, "relative_to_county": -5.3, "sales": 50, "enough_sales": true}}, {"type": "Feature", "geometry": {"type": "Polygon", "coordinates": [[[-78.648214, 35.77021], [-78.647958, 35.773222], [-78.644011, 35.773075], [-78.638495, 35.772882], [-78.635211, 35.772769], [-78.632637, 35.77272], [-78.631537, 35.772732], [-78.630647, 35.771029], [-78.628594, 35.771085], [-78.62833, 35.767938], [-78.628353, 35.765672], [-78.631525, 35.76568], [-78.63151, 35.763347], [-78.637373, 35.763182], [-78.634826, 35.758567], [-78.634392, 35.756639], [-78.636791, 35.755932], [-78.639915, 35.758788], [-78.641412, 35.760152], [-78.643082, 35.76324], [-78.642784, 35.765454], [-78.646601, 35.767183], [-78.645092, 35.76868], [-78.644627, 35.769301], [-78.647958, 35.770163], [-78.648214, 35.77021]]]}, "properties": {"id": "37183050900", "name": "Census Tract 509", "median_ratio": 1.0034, "relative_to_county": 5.6, "sales": 18, "enough_sales": true}}, {"type": "Feature", "geometry": {"type": "Polygon", "coordinates": [[[-78.586436, 35.790952], [-78.585402, 35.792714], [-78.584321, 35.793487], [-78.582638, 35.794539], [-78.581325, 35.795362], [-78.578695, 35.79705], [-78.577771, 35.797498], [-78.577681, 35.797296], [-78.570126, 35.798979], [-78.562844, 35.798448], [-78.557182, 35.797879], [-78.556572, 35.797741], [-78.555462, 35.797345], [-78.55066, 35.794837], [-78.548737, 35.79383], [-78.546259, 35.792548], [-78.544524, 35.792038], [-78.54254, 35.792022], [-78.541553, 35.792229], [-78.539063, 35.793374], [-78.536649, 35.791653], [-78.536222, 35.791006], [-78.535297, 35.789037], [-78.536379, 35.785966], [-78.536473, 35.785784], [-78.536988, 35.783245], [-78.537191, 35.782643], [-78.537262, 35.778936], [-78.53933, 35.775203], [-78.539728, 35.773258], [-78.539691, 35.772998], [-78.539048, 35.771303], [-78.538754, 35.769432], [-78.539656, 35.766416], [-78.539238, 35.762133], [-78.5384, 35.760876], [-78.537975, 35.760551], [-78.535489, 35.760226], [-78.532797, 35.757286], [-78.531972, 35.754551], [-78.53571, 35.754611], [-78.544559, 35.757199], [-78.549251, 35.758764], [-78.551915, 35.76047], [-78.553579, 35.761448], [-78.55608, 35.762509], [-78.557983, 35.762259], [-78.560181, 35.762279], [-78.563675, 35.762405], [-78.564564, 35.762769], [-78.569081, 35.765941], [-78.569228, 35.766101], [-78.569854, 35.766845], [-78.570098, 35.767048], [-78.570468, 35.7674], [-78.570605, 35.767754], [-78.574063, 35.767907], [-78.57771, 35.76779], [-78.578276, 35.767873], [-78.581768, 35.769568], [-78.583272, 35.771051], [-78.583367, 35.77382], [-78.58332, 35.776242], [-78.581393, 35.776892], [-78.581114, 35.777016], [-78.580716, 35.777609], [-78.580426, 35.777802], [-78.580163, 35.777868], [-78.579606, 35.777897], [-78.576247, 35.778681], [-78.576745, 35.781211], [-78.579225, 35.781702], [-78.577942, 35.783725], [-78.57823, 35.790101], [-78.582889, 35.789826], [-78.586204, 35.79092], [-78.586436, 35.790952]]]}, "properties": {"id": "37183054106", "name": "Census Tract 541.06", "median_ratio": 0.9394, "relative_to_county": -1.2, "sales": 56, "enough_sales": true}}, {"type": "Feature", "geometry": {"type": "Polygon", "coordinates": [[[-78.696742, 35.542331], [-78.691748, 35.557516], [-78.690278, 35.561874], [-78.688577, 35.567985], [-78.688778, 35.569241], [-78.693116, 35.576796], [-78.693395, 35.577834], [-78.692885, 35.580527], [-78.690984, 35.587813], [-78.690524, 35.591038], [-78.681161, 35.586106], [-78.679669, 35.585304], [-78.679062, 35.585008], [-78.678171, 35.584631], [-78.677033, 35.584255], [-78.673486, 35.583693], [-78.671219, 35.583803], [-78.641966, 35.58879], [-78.633915, 35.590172], [-78.626219, 35.591445], [-78.614334, 35.59205], [-78.642702, 35.570065], [-78.64912, 35.565048], [-78.663823, 35.553766], [-78.694364, 35.530079], [-78.694824, 35.533252], [-78.695841, 35.537292], [-78.69691, 35.541298], [-78.696742, 35.542331]]]}, "properties": {"id": "37183052901", "name": "Census Tract 529.01", "median_ratio": 0.9561, "relative_to_county": 0.6, "sales": 37, "enough_sales": true}}, {"type": "Feature", "geometry": {"type": "Polygon", "coordinates": [[[-78.440042, 35.780377], [-78.43868, 35.781711], [-78.438357, 35.782261], [-78.43841, 35.783079], [-78.438127, 35.783464], [-78.437352, 35.783546], [-78.437628, 35.784242], [-78.437311, 35.784458], [-78.436809, 35.784968], [-78.437484, 35.785279], [-78.437049, 35.786748], [-78.438812, 35.788744], [-78.436279, 35.791718], [-78.435211, 35.794956], [-78.433877, 35.796266], [-78.431158, 35.796923], [-78.430192, 35.796795], [-78.425804, 35.795466], [-78.424556, 35.795177], [-78.421364, 35.794701], [-78.417528, 35.794131], [-78.410972, 35.792989], [-78.408084, 35.791504], [-78.399659, 35.787197], [-78.39865, 35.787086], [-78.38966, 35.787815], [-78.387038, 35.787212], [-78.382534, 35.785028], [-78.377135, 35.782622], [-78.374239, 35.782388], [-78.366326, 35.781847], [-78.362215, 35.781635], [-78.359671, 35.781877], [-78.357878, 35.782082], [-78.353085, 35.782624], [-78.34989, 35.783555], [-78.347013, 35.785612], [-78.338737, 35.794753], [-78.336193, 35.790661], [-78.33442, 35.790139], [-78.333395, 35.788969], [-78.331143, 35.784603], [-78.32494, 35.781523], [-78.326619, 35.780484], [-78.325494, 35.779199], [-78.324246, 35.779002], [-78.351634, 35.763904], [-78.360438, 35.758997], [-78.36452, 35.756758], [-78.365477, 35.756233], [-78.387249, 35.744477], [-78.413455, 35.730399], [-78.42165, 35.726043], [-78.423492, 35.728387], [-78.423406, 35.729601], [-78.424002, 35.734061], [-78.423208, 35.736901], [-78.423981, 35.739175], [-78.423665, 35.740147], [-78.424654, 35.741235], [-78.4259, 35.745563], [-78.427106, 35.746041], [-78.428108, 35.751231], [-78.429437, 35.75196], [-78.430136, 35.752797], [-78.428577, 35.754508], [-78.431293, 35.758796], [-78.431346, 35.759764], [-78.431442, 35.760228], [-78.431624, 35.760513], [-78.431822, 35.76109], [-78.432055, 35.761527], [-78.43292, 35.76319], [-78.433579, 35.763959], [-78.433521, 35.764229], [-78.434235, 35.764954], [-78.434951, 35.765317], [-78.435004, 35.765723], [-78.436543, 35.767082], [-78.436542, 35.767231], [-78.436816, 35.767579], [-78.436815, 35.76776], [-78.437541, 35.768578], [-78.43773, 35.768875], [-78.437947, 35.76938], [-78.438215, 35.77016], [-78.43775, 35.771209], [-78.437966, 35.771544], [-78.437972, 35.772368], [-78.438565, 35.773011], [-78.438599, 35.773401], [-78.439563, 35.774466], [-78.440171, 35.775752], [-78.439974, 35.775963], [-78.439376, 35.778404], [-78.439927, 35.779097], [-78.440257, 35.780003], [-78.440042, 35.780377]]]}, "properties": {"id": "37183054402", "name": "Census Tract 544.02", "median_ratio": 0.9774, "relative_to_county": 2.8, "sales": 266, "enough_sales": true}}, {"type": "Feature", "geometry": {"type": "Polygon", "coordinates": [[[-78.831687, 35.790666], [-78.830018, 35.790173], [-78.82882, 35.788969], [-78.826532, 35.78688], [-78.818333, 35.784721], [-78.813562, 35.783566], [-78.809984, 35.783451], [-78.809886, 35.782292], [-78.807005, 35.779751], [-78.804781, 35.776972], [-78.802851, 35.776299], [-78.805621, 35.771145], [-78.811383, 35.770824], [-78.812071, 35.771088], [-78.81524, 35.77364], [-78.816665, 35.774008], [-78.817795, 35.773809], [-78.818806, 35.773125], [-78.822794, 35.775699], [-78.826432, 35.777356], [-78.827586, 35.781098], [-78.829342, 35.782472], [-78.830855, 35.787757], [-78.831595, 35.790059], [-78.831687, 35.790666]]]}, "properties": {"id": "37183053525", "name": "Census Tract 535.25", "median_ratio": 0.9541, "relative_to_county": 0.4, "sales": 28, "enough_sales": true}}, {"type": "Feature", "geometry": {"type": "Polygon", "coordinates": [[[-78.783264, 35.78907], [-78.782975, 35.802682], [-78.782485, 35.808048], [-78.781126, 35.809825], [-78.777521, 35.813066], [-78.773681, 35.81654], [-78.77338, 35.816128], [-78.773252, 35.814537], [-78.772854, 35.812956], [-78.772595, 35.811199], [-78.771979, 35.809255], [-78.769038, 35.806672], [-78.768105, 35.805054], [-78.767384, 35.80397], [-78.76723, 35.802866], [-78.767707, 35.801438], [-78.766616, 35.800301], [-78.763343, 35.795248], [-78.763294, 35.794504], [-78.76376, 35.792338], [-78.766653, 35.792745], [-78.76842, 35.792708], [-78.772879, 35.791328], [-78.778572, 35.788364], [-78.781204, 35.788035], [-78.783293, 35.787861], [-78.783264, 35.78907]]]}, "properties": {"id": "37183053520", "name": "Census Tract 535.20", "median_ratio": 0.9194, "relative_to_county": -3.3, "sales": 35, "enough_sales": true}}, {"type": "Feature", "geometry": {"type": "Polygon", "coordinates": [[[-78.663566, 35.894212], [-78.662747, 35.89697], [-78.662949, 35.902578], [-78.661628, 35.902653], [-78.652203, 35.900898], [-78.650631, 35.897779], [-78.649534, 35.895304], [-78.646775, 35.886359], [-78.646196, 35.882235], [-78.648631, 35.882055], [-78.654324, 35.881652], [-78.655679, 35.881783], [-78.657393, 35.882551], [-78.66002, 35.884529], [-78.659643, 35.884992], [-78.659308, 35.88648], [-78.659947, 35.888271], [-78.663245, 35.891183], [-78.663876, 35.89264], [-78.663566, 35.894212]]]}, "properties": {"id": "37183053723", "name": "Census Tract 537.23", "median_ratio": 0.9334, "relative_to_county": -1.8, "sales": 60, "enough_sales": true}}, {"type": "Feature", "geometry": {"type": "Polygon", "coordinates": [[[-78.771605, 35.766155], [-78.769824, 35.766004], [-78.764821, 35.768238], [-78.764341, 35.768726], [-78.764077, 35.77228], [-78.756836, 35.766534], [-78.755407, 35.765963], [-78.752157, 35.764986], [-78.746679, 35.763319], [-78.745733, 35.762749], [-78.745078, 35.762154], [-78.744887, 35.761951], [-78.743414, 35.760189], [-78.746741, 35.758438], [-78.748166, 35.755828], [-78.749254, 35.755282], [-78.750342, 35.754173], [-78.751114, 35.753338], [-78.75472, 35.74552], [-78.7577, 35.745311], [-78.763857, 35.74316], [-78.763525, 35.744711], [-78.765708, 35.748629], [-78.765833, 35.748804], [-78.765792, 35.749332], [-78.765907, 35.74959], [-78.766277, 35.749881], [-78.766518, 35.750151], [-78.766639, 35.75069], [-78.76683, 35.750883], [-78.767111, 35.75126], [-78.767453, 35.753997], [-78.767169, 35.755013], [-78.768259, 35.75785], [-78.767301, 35.757917], [-78.770582, 35.76292], [-78.771605, 35.766155]]]}, "properties": {"id": "37183053505", "name": "Census Tract 535.05", "median_ratio": 0.9289, "relative_to_county": -2.3, "sales": 52, "enough_sales": true}}, {"type": "Feature", "geometry": {"type": "Polygon", "coordinates": [[[-78.809984, 35.783451], [-78.809727, 35.790744], [-78.809381, 35.791678], [-78.808201, 35.792569], [-78.806495, 35.792979], [-78.804144, 35.793746], [-78.799337, 35.79665], [-78.789766, 35.79103], [-78.783264, 35.78907], [-78.783293, 35.787861], [-78.788194, 35.787421], [-78.793348, 35.786874], [-78.79522, 35.786295], [-78.797286, 35.785125], [-78.79896, 35.783442], [-78.802851, 35.776299], [-78.804781, 35.776972], [-78.807005, 35.779751], [-78.809886, 35.782292], [-78.809984, 35.783451]]]}, "properties": {"id": "37183053524", "name": "Census Tract 535.24", "median_ratio": 0.9201, "relative_to_county": -3.2, "sales": 46, "enough_sales": true}}, {"type": "Feature", "geometry": {"type": "Polygon", "coordinates": [[[-78.84467, 35.576283], [-78.840507, 35.58547], [-78.838433, 35.58968], [-78.837147, 35.597654], [-78.832399, 35.597754], [-78.832318, 35.597761], [-78.830131, 35.597807], [-78.829049, 35.597628], [-78.827135, 35.597234], [-78.82677, 35.59717], [-78.824021, 35.597061], [-78.822078, 35.597007], [-78.820577, 35.596997], [-78.818766, 35.597001], [-78.818025, 35.597004], [-78.816208, 35.597072], [-78.81322, 35.597646], [-78.811664, 35.5981], [-78.805428, 35.60156], [-78.802983, 35.602419], [-78.801715, 35.599935], [-78.796727, 35.595001], [-78.793764, 35.592951], [-78.793062, 35.591465], [-78.796613, 35.59134], [-78.798326, 35.590433], [-78.799704, 35.588707], [-78.799813, 35.584337], [-78.808048, 35.584421], [-78.813701, 35.582691], [-78.814525, 35.582416], [-78.821197, 35.580191], [-78.821518, 35.580083], [-78.830765, 35.576884], [-78.842326, 35.571043], [-78.844103, 35.573306], [-78.844672, 35.574842], [-78.84467, 35.576283]]]}, "properties": {"id": "37183053106", "name": "Census Tract 531.06", "median_ratio": 0.9498, "relative_to_county": -0.1, "sales": 55, "enough_sales": true}}, {"type": "Feature", "geometry": {"type": "Polygon", "coordinates": [[[-78.804254, 35.604904], [-78.802554, 35.607148], [-78.80163, 35.610033], [-78.800846, 35.610734], [-78.800804, 35.610765], [-78.798318, 35.612615], [-78.796947, 35.61588], [-78.796244, 35.617165], [-78.793595, 35.61828], [-78.79164, 35.619938], [-78.790367, 35.621346], [-78.789968, 35.62185], [-78.788804, 35.623301], [-78.78691, 35.626836], [-78.786912, 35.627974], [-78.78318, 35.627949], [-78.779593, 35.627904], [-78.778527, 35.626927], [-78.776517, 35.624928], [-78.775524, 35.622202], [-78.77471, 35.620759], [-78.774784, 35.617014], [-78.775224, 35.614837], [-78.775507, 35.612158], [-78.775869, 35.610787], [-78.775787, 35.610235], [-78.775393, 35.609212], [-78.774166, 35.607712], [-78.773928, 35.607169], [-78.774406, 35.601452], [-78.774465, 35.600575], [-78.774495, 35.59957], [-78.774507, 35.599285], [-78.774259, 35.595037], [-78.774049, 35.593794], [-78.77382, 35.592568], [-78.776616, 35.591848], [-78.779165, 35.59182], [-78.793062, 35.591465], [-78.793764, 35.592951], [-78.796727, 35.595001], [-78.801715, 35.599935], [-78.802983, 35.602419], [-78.804254, 35.604904]]]}, "properties": {"id": "37183053105", "name": "Census Tract 531.05", "median_ratio": 0.9618, "relative_to_county": 1.2, "sales": 67, "enough_sales": true}}, {"type": "Feature", "geometry": {"type": "Polygon", "coordinates": [[[-78.722985, 35.770466], [-78.709179, 35.776968], [-78.705622, 35.778922], [-78.700857, 35.783096], [-78.700718, 35.781964], [-78.695223, 35.776887], [-78.693484, 35.773274], [-78.693016, 35.772854], [-78.690673, 35.77233], [-78.689478, 35.770002], [-78.691313, 35.769097], [-78.692313, 35.768714], [-78.694166, 35.768371], [-78.698992, 35.766798], [-78.703106, 35.766715], [-78.705296, 35.7668], [-78.707561, 35.767287], [-78.709644, 35.766763], [-78.713286, 35.764839], [-78.715276, 35.762489], [-78.716844, 35.761498], [-78.720157, 35.763592], [-78.721538, 35.765106], [-78.721875, 35.766416], [-78.721739, 35.768589], [-78.723441, 35.76935], [-78.722985, 35.770466]]]}, "properties": {"id": "37183052404", "name": "Census Tract 524.04", "median_ratio": 0.918, "relative_to_county": -3.4, "sales": 27, "enough_sales": true}}, {"type": "Feature", "geometry": {"type": "Polygon", "coordinates": [[[-78.638537, 35.742299], [-78.638006, 35.744108], [-78.634809, 35.749513], [-78.634009, 35.753205], [-78.633975, 35.753452], [-78.634392, 35.756639], [-78.631109, 35.757615], [-78.623841, 35.75794], [-78.618809, 35.757729], [-78.617193, 35.760888], [-78.616069, 35.761625], [-78.614113, 35.762096], [-78.612828, 35.757906], [-78.612364, 35.756328], [-78.612481, 35.754453], [-78.612564, 35.751753], [-78.611717, 35.750691], [-78.613557, 35.747108], [-78.614028, 35.743867], [-78.612929, 35.74038], [-78.612849, 35.740265], [-78.612328, 35.739727], [-78.610108, 35.738051], [-78.606962, 35.735739], [-78.606902, 35.735702], [-78.606579, 35.735512], [-78.603739, 35.733949], [-78.60104, 35.732068], [-78.600815, 35.731903], [-78.600057, 35.731353], [-78.600217, 35.728018], [-78.60265, 35.727759], [-78.605619, 35.7304], [-78.606053, 35.730813], [-78.608072, 35.730324], [-78.609105, 35.729658], [-78.609438, 35.728748], [-78.614208, 35.724711], [-78.616222, 35.724609], [-78.615571, 35.726867], [-78.619176, 35.728416], [-78.624228, 35.728683], [-78.626381, 35.729656], [-78.625801, 35.730449], [-78.626216, 35.731312], [-78.627529, 35.73124], [-78.631014, 35.731013], [-78.632914, 35.732136], [-78.633299, 35.732482], [-78.638439, 35.741096], [-78.638537, 35.742299]]]}, "properties": {"id": "37183052101", "name": "Census Tract 521.01", "median_ratio": 0.9573, "relative_to_county": 0.7, "sales": 91, "enough_sales": true}}, {"type": "Feature", "geometry": {"type": "Polygon", "coordinates": [[[-78.602607, 35.890061], [-78.60233, 35.891147], [-78.600521, 35.89387], [-78.595879, 35.89194], [-78.594568, 35.890987], [-78.593264, 35.889472], [-78.590613, 35.884042], [-78.589573, 35.884013], [-78.587843, 35.884182], [-78.58645, 35.884341], [-78.586272, 35.884367], [-78.585071, 35.884544], [-78.58399, 35.884663], [-78.583346, 35.884719], [-78.58147, 35.884826], [-78.581088, 35.884797], [-78.577284, 35.884098], [-78.575558, 35.883725], [-78.574918, 35.883441], [-78.574257, 35.882342], [-78.574229, 35.881292], [-78.573806, 35.880462], [-78.573511, 35.880255], [-78.572729, 35.879868], [-78.576683, 35.875165], [-78.581177, 35.876091], [-78.581344, 35.876112], [-78.583446, 35.876548], [-78.585053, 35.87708], [-78.586403, 35.877754], [-78.587332, 35.878378], [-78.587932, 35.877882], [-78.592232, 35.873554], [-78.594203, 35.869477], [-78.595696, 35.864653], [-78.598215, 35.864867], [-78.596902, 35.871367], [-78.596144, 35.873868], [-78.596318, 35.875081], [-78.597208, 35.877079], [-78.597827, 35.881963], [-78.599431, 35.883206], [-78.600545, 35.884735], [-78.600581, 35.885067], [-78.60058, 35.886017], [-78.60108, 35.887436], [-78.601417, 35.887852], [-78.602447, 35.889548], [-78.602607, 35.890061]]]}, "properties": {"id": "37183054017", "name": "Census Tract 540.17", "median_ratio": 0.968, "relative_to_county": 1.8, "sales": 52, "enough_sales": true}}, {"type": "Feature", "geometry": {"type": "Polygon", "coordinates": [[[-78.611447, 35.811055], [-78.605111, 35.81433], [-78.604965, 35.814398], [-78.595848, 35.818812], [-78.591756, 35.820712], [-78.591486, 35.820198], [-78.579788, 35.818058], [-78.579451, 35.815112], [-78.57742, 35.810768], [-78.57741, 35.810739], [-78.577384, 35.807156], [-78.577445, 35.805904], [-78.577595, 35.803505], [-78.577639, 35.803018], [-78.577752, 35.801755], [-78.577771, 35.797498], [-78.578695, 35.79705], [-78.581325, 35.795362], [-78.582638, 35.794539], [-78.584321, 35.793487], [-78.585402, 35.792714], [-78.586436, 35.790952], [-78.588909, 35.791514], [-78.589195, 35.789803], [-78.590908, 35.790124], [-78.591561, 35.792154], [-78.594993, 35.791625], [-78.595871, 35.79316], [-78.595037, 35.793969], [-78.595968, 35.795909], [-78.596123, 35.797938], [-78.60025, 35.802368], [-78.600455, 35.805704], [-78.60234, 35.804989], [-78.603938, 35.806211], [-78.605717, 35.804414], [-78.608134, 35.803503], [-78.608525, 35.807172], [-78.610898, 35.810251], [-78.611447, 35.811055]]]}, "properties": {"id": "37183052706", "name": "Census Tract 527.06", "median_ratio": 0.9543, "relative_to_county": 0.4, "sales": 39, "enough_sales": true}}, {"type": "Feature", "geometry": {"type": "Polygon", "coordinates": [[[-78.591756, 35.820712], [-78.589137, 35.822353], [-78.587346, 35.824167], [-78.586154, 35.826017], [-78.583798, 35.832816], [-78.58239, 35.83502], [-78.581179, 35.836777], [-78.581187, 35.837327], [-78.57967, 35.839945], [-78.576029, 35.841897], [-78.573668, 35.842956], [-78.570613, 35.837352], [-78.569156, 35.834965], [-78.569242, 35.831196], [-78.56929, 35.829011], [-78.569214, 35.823917], [-78.569203, 35.823116], [-78.569163, 35.821871], [-78.569, 35.819908], [-78.568745, 35.819281], [-78.566673, 35.814362], [-78.566367, 35.813364], [-78.565775, 35.811347], [-78.564678, 35.807753], [-78.564294, 35.803467], [-78.562667, 35.800216], [-78.562814, 35.798637], [-78.562844, 35.798448], [-78.570126, 35.798979], [-78.577681, 35.797296], [-78.577771, 35.797498], [-78.577752, 35.801755], [-78.577639, 35.803018], [-78.577595, 35.803505], [-78.577445, 35.805904], [-78.577384, 35.807156], [-78.57741, 35.810739], [-78.57742, 35.810768], [-78.579451, 35.815112], [-78.579788, 35.818058], [-78.591486, 35.820198], [-78.591756, 35.820712]]]}, "properties": {"id": "37183052707", "name": "Census Tract 527.07", "median_ratio": 0.9465, "relative_to_county": -0.4, "sales": 64, "enough_sales": true}}, {"type": "Feature", "geometry": {"type": "Polygon", "coordinates": [[[-78.605777, 35.835607], [-78.605175, 35.83892], [-78.605049, 35.845118], [-78.604539, 35.847543], [-78.603768, 35.84982], [-78.601585, 35.849042], [-78.597529, 35.848267], [-78.593299, 35.847815], [-78.59025, 35.848512], [-78.590618, 35.846279], [-78.587229, 35.845668], [-78.580894, 35.844553], [-78.579801, 35.844495], [-78.578424, 35.844332], [-78.576029, 35.841897], [-78.57967, 35.839945], [-78.581187, 35.837327], [-78.582987, 35.837632], [-78.589773, 35.835586], [-78.591291, 35.835337], [-78.593104, 35.835621], [-78.59433, 35.835743], [-78.602233, 35.83465], [-78.604573, 35.834543], [-78.605943, 35.834804], [-78.605777, 35.835607]]]}, "properties": {"id": "37183052704", "name": "Census Tract 527.04", "median_ratio": 0.9607, "relative_to_county": 1.1, "sales": 19, "enough_sales": true}}, {"type": "Feature", "geometry": {"type": "Polygon", "coordinates": [[[-78.747324, 35.789631], [-78.745507, 35.792231], [-78.743753, 35.795013], [-78.741909, 35.799065], [-78.738436, 35.81159], [-78.73828, 35.814105], [-78.73892, 35.816196], [-78.740553, 35.818372], [-78.743005, 35.820071], [-78.742331, 35.820854], [-78.741419, 35.822154], [-78.741018, 35.823129], [-78.73941, 35.826147], [-78.738664, 35.827071], [-78.738521, 35.827226], [-78.738059, 35.827673], [-78.734885, 35.829446], [-78.734335, 35.828957], [-78.732895, 35.826745], [-78.732187, 35.824939], [-78.730433, 35.824988], [-78.729041, 35.825107], [-78.726789, 35.822885], [-78.72312, 35.820718], [-78.71675, 35.816112], [-78.713572, 35.814596], [-78.70675, 35.809974], [-78.705604, 35.809798], [-78.706978, 35.803835], [-78.694655, 35.803715], [-78.693612, 35.803628], [-78.691543, 35.803098], [-78.687448, 35.80183], [-78.685281, 35.801256], [-78.683831, 35.801116], [-78.684293, 35.79378], [-78.685127, 35.793718], [-78.687762, 35.794181], [-78.688157, 35.79302], [-78.691249, 35.794316], [-78.6949, 35.795164], [-78.70008, 35.795379], [-78.706061, 35.794154], [-78.707269, 35.793697], [-78.711516, 35.791704], [-78.714695, 35.79017], [-78.717542, 35.788834], [-78.718962, 35.786127], [-78.721688, 35.785175], [-78.730982, 35.786533], [-78.734901, 35.787349], [-78.735743, 35.787482], [-78.74288, 35.788629], [-78.744238, 35.788869], [-78.745359, 35.789068], [-78.747061, 35.789359], [-78.74692, 35.78956], [-78.747324, 35.789631]]]}, "properties": {"id": "37183052401", "name": "Census Tract 524.01", "median_ratio": 0.9395, "relative_to_county": -1.2, "sales": 21, "enough_sales": true}}, {"type": "Feature", "geometry": {"type": "Polygon", "coordinates": [[[-78.824558, 35.812287], [-78.822591, 35.815025], [-78.822341, 35.81579], [-78.822397, 35.816767], [-78.822547, 35.816804], [-78.822857, 35.81847], [-78.823916, 35.820471], [-78.823627, 35.820675], [-78.822941, 35.821424], [-78.815795, 35.825548], [-78.815351, 35.825857], [-78.811043, 35.830959], [-78.808899, 35.829032], [-78.806032, 35.826335], [-78.80488, 35.824815], [-78.802347, 35.818021], [-78.80002, 35.816221], [-78.797575, 35.814638], [-78.795395, 35.81369], [-78.794814, 35.811747], [-78.79456, 35.809446], [-78.793832, 35.808154], [-78.793733, 35.807931], [-78.793651, 35.807675], [-78.793633, 35.807573], [-78.793618, 35.806071], [-78.795541, 35.800985], [-78.79489, 35.799667], [-78.796104, 35.798824], [-78.799337, 35.79665], [-78.809183, 35.802542], [-78.809186, 35.802599], [-78.809312, 35.802607], [-78.812646, 35.803612], [-78.814775, 35.80368], [-78.819925, 35.803948], [-78.824095, 35.807093], [-78.825238, 35.809839], [-78.824558, 35.812287]]]}, "properties": {"id": "37183053522", "name": "Census Tract 535.22", "median_ratio": 0.9592, "relative_to_county": 0.9, "sales": 42, "enough_sales": true}}, {"type": "Feature", "geometry": {"type": "Polygon", "coordinates": [[[-78.722908, 35.770713], [-78.722413, 35.772463], [-78.721834, 35.777346], [-78.721103, 35.779941], [-78.7219, 35.783783], [-78.721688, 35.785175], [-78.718962, 35.786127], [-78.717542, 35.788834], [-78.714695, 35.79017], [-78.711516, 35.791704], [-78.707269, 35.793697], [-78.706061, 35.794154], [-78.70008, 35.795379], [-78.6949, 35.795164], [-78.697731, 35.786979], [-78.699921, 35.783908], [-78.700857, 35.783096], [-78.705622, 35.778922], [-78.709179, 35.776968], [-78.722985, 35.770466], [-78.722908, 35.770713]]]}, "properties": {"id": "37183052407", "name": "Census Tract 524.07", "median_ratio": 0.9047, "relative_to_county": -4.8, "sales": 40, "enough_sales": true}}, {"type": "Feature", "geometry": {"type": "Polygon", "coordinates": [[[-78.728378, 35.908049], [-78.727976, 35.907863], [-78.72615, 35.907019], [-78.725347, 35.906655], [-78.724038, 35.906193], [-78.722201, 35.906117], [-78.721542, 35.906288], [-78.719869, 35.906973], [-78.719615, 35.907093], [-78.719, 35.907279], [-78.718074, 35.907509], [-78.717529, 35.907587], [-78.716547, 35.907682], [-78.715446, 35.90777], [-78.712896, 35.907644], [-78.712203, 35.907662], [-78.711322, 35.907931], [-78.709623, 35.908814], [-78.708874, 35.908902], [-78.706327, 35.90831], [-78.703921, 35.906681], [-78.701505, 35.898803], [-78.701333, 35.898055], [-78.701321, 35.897603], [-78.701436, 35.894915], [-78.701327, 35.893496], [-78.700488, 35.892297], [-78.699037, 35.891129], [-78.698251, 35.890528], [-78.698091, 35.890419], [-78.697894, 35.8903], [-78.697609, 35.890149], [-78.695068, 35.888883], [-78.698717, 35.886533], [-78.699925, 35.885346], [-78.701019, 35.883099], [-78.699634, 35.877853], [-78.698425, 35.876826], [-78.69869, 35.873693], [-78.697198, 35.872952], [-78.699242, 35.869083], [-78.700854, 35.871152], [-78.700932, 35.871982], [-78.701891, 35.875064], [-78.703907, 35.877283], [-78.7069, 35.879349], [-78.708242, 35.881312], [-78.708794, 35.882171], [-78.710461, 35.885268], [-78.711107, 35.886816], [-78.711405, 35.88762], [-78.712218, 35.88942], [-78.713059, 35.890116], [-78.713644, 35.890581], [-78.716614, 35.893005], [-78.719091, 35.894397], [-78.721571, 35.895798], [-78.722248, 35.896172], [-78.723689, 35.897032], [-78.724617, 35.898181], [-78.726568, 35.903079], [-78.726872, 35.903566], [-78.728168, 35.905382], [-78.728402, 35.907362], [-78.728378, 35.908049]]]}, "properties": {"id": "37183053711", "name": "Census Tract 537.11", "median_ratio": 0.9259, "relative_to_county": -2.6, "sales": 50, "enough_sales": true}}, {"type": "Feature", "geometry": {"type": "Polygon", "coordinates": [[[-78.761277, 35.726839], [-78.758283, 35.731708], [-78.758271, 35.733736], [-78.75688, 35.738722], [-78.75662, 35.740356], [-78.755735, 35.742801], [-78.75472, 35.74552], [-78.751114, 35.753338], [-78.750342, 35.754173], [-78.749254, 35.755282], [-78.748166, 35.755828], [-78.746741, 35.758438], [-78.743414, 35.760189], [-78.744887, 35.761951], [-78.745078, 35.762154], [-78.745733, 35.762749], [-78.741339, 35.766665], [-78.740115, 35.769914], [-78.739291, 35.771004], [-78.736781, 35.768588], [-78.735374, 35.766504], [-78.732913, 35.761146], [-78.732353, 35.76032], [-78.731301, 35.759389], [-78.728944, 35.758152], [-78.729169, 35.757488], [-78.729869, 35.755619], [-78.731153, 35.753339], [-78.731947, 35.751916], [-78.732571, 35.751393], [-78.734086, 35.750347], [-78.735676, 35.749275], [-78.735235, 35.748793], [-78.735054, 35.748262], [-78.735648, 35.74748], [-78.734934, 35.746414], [-78.734842, 35.745757], [-78.735575, 35.745672], [-78.737713, 35.745645], [-78.739012, 35.744632], [-78.740426, 35.743778], [-78.741713, 35.742548], [-78.741947, 35.742199], [-78.743033, 35.739952], [-78.74323, 35.739494], [-78.743377, 35.739103], [-78.744108, 35.73721], [-78.744492, 35.73647], [-78.744784, 35.735955], [-78.746363, 35.729417], [-78.749574, 35.724215], [-78.750738, 35.724508], [-78.75312, 35.725044], [-78.753989, 35.725071], [-78.75906, 35.725223], [-78.760331, 35.725677], [-78.761277, 35.726839]]]}, "properties": {"id": "37183053003", "name": "Census Tract 530.03", "median_ratio": 0.9192, "relative_to_county": -3.3, "sales": 37, "enough_sales": true}}, {"type": "Feature", "geometry": {"type": "Polygon", "coordinates": [[[-78.741707, 35.933906], [-78.727771, 35.949374], [-78.718042, 35.960127], [-78.717014, 35.961265], [-78.714992, 35.966982], [-78.713411, 35.968949], [-78.711782, 35.967547], [-78.70856, 35.966411], [-78.706611, 35.964619], [-78.705431, 35.961629], [-78.703741, 35.956257], [-78.701723, 35.951803], [-78.702165, 35.949995], [-78.702257, 35.948732], [-78.698817, 35.945449], [-78.69679, 35.94267], [-78.695617, 35.939571], [-78.699386, 35.939458], [-78.701924, 35.937946], [-78.705435, 35.933078], [-78.706836, 35.932735], [-78.716431, 35.932978], [-78.718415, 35.932094], [-78.722352, 35.928001], [-78.727006, 35.924808], [-78.727925, 35.922445], [-78.729512, 35.919207], [-78.730099, 35.917312], [-78.730257, 35.917629], [-78.731696, 35.919069], [-78.737702, 35.919631], [-78.741103, 35.920623], [-78.740888, 35.921712], [-78.739384, 35.927121], [-78.739423, 35.927585], [-78.741673, 35.932942], [-78.742147, 35.93391], [-78.741707, 35.933906]]]}, "properties": {"id": "37183053720", "name": "Census Tract 537.20", "median_ratio": 0.914, "relative_to_county": -3.9, "sales": 49, "enough_sales": true}}, {"type": "Feature", "geometry": {"type": "Polygon", "coordinates": [[[-78.729512, 35.919207], [-78.727925, 35.922445], [-78.727006, 35.924808], [-78.722352, 35.928001], [-78.718415, 35.932094], [-78.716431, 35.932978], [-78.706836, 35.932735], [-78.705435, 35.933078], [-78.701924, 35.937946], [-78.699386, 35.939458], [-78.695617, 35.939571], [-78.692644, 35.933381], [-78.692076, 35.931293], [-78.688979, 35.927595], [-78.687842, 35.926587], [-78.687004, 35.927003], [-78.683673, 35.928193], [-78.682034, 35.919502], [-78.681774, 35.914544], [-78.681771, 35.912796], [-78.681622, 35.90768], [-78.681047, 35.902036], [-78.684738, 35.902618], [-78.684946, 35.902654], [-78.685949, 35.90281], [-78.68626, 35.902869], [-78.6877, 35.903691], [-78.688244, 35.904058], [-78.688724, 35.904382], [-78.689838, 35.904994], [-78.69456, 35.905569], [-78.697308, 35.905868], [-78.70288, 35.906474], [-78.703921, 35.906681], [-78.706327, 35.90831], [-78.708874, 35.908902], [-78.709623, 35.908814], [-78.711322, 35.907931], [-78.712203, 35.907662], [-78.712896, 35.907644], [-78.715446, 35.90777], [-78.716547, 35.907682], [-78.717529, 35.907587], [-78.718074, 35.907509], [-78.719, 35.907279], [-78.719615, 35.907093], [-78.719869, 35.906973], [-78.721542, 35.906288], [-78.722201, 35.906117], [-78.724038, 35.906193], [-78.725347, 35.906655], [-78.72615, 35.907019], [-78.727976, 35.907863], [-78.728378, 35.908049], [-78.728396, 35.911002], [-78.728387, 35.911296], [-78.728556, 35.91404], [-78.730099, 35.917312], [-78.729512, 35.919207]]]}, "properties": {"id": "37183053721", "name": "Census Tract 537.21", "median_ratio": 0.8942, "relative_to_county": -5.9, "sales": 43, "enough_sales": true}}, {"type": "Feature", "geometry": {"type": "Polygon", "coordinates": [[[-78.794595, 35.704871], [-78.793977, 35.706847], [-78.788314, 35.715502], [-78.787971, 35.716477], [-78.786331, 35.721642], [-78.785812, 35.722251], [-78.785099, 35.722697], [-78.779605, 35.723036], [-78.777614, 35.724749], [-78.77733, 35.728643], [-78.77719, 35.729197], [-78.7734, 35.72816], [-78.76931, 35.727614], [-78.767325, 35.726558], [-78.765262, 35.726417], [-78.762382, 35.726455], [-78.761277, 35.726839], [-78.760331, 35.725677], [-78.75906, 35.725223], [-78.753989, 35.725071], [-78.75312, 35.725044], [-78.750738, 35.724508], [-78.749574, 35.724215], [-78.7502, 35.722586], [-78.750852, 35.720961], [-78.751136, 35.720496], [-78.751992, 35.719099], [-78.753867, 35.716168], [-78.756209, 35.713561], [-78.760391, 35.71075], [-78.761149, 35.709272], [-78.762354, 35.707006], [-78.765942, 35.705728], [-78.766787, 35.704787], [-78.768284, 35.700286], [-78.770054, 35.697005], [-78.772141, 35.695332], [-78.772247, 35.69522], [-78.776182, 35.697823], [-78.780013, 35.699428], [-78.782655, 35.700749], [-78.789874, 35.702711], [-78.794343, 35.703273], [-78.794595, 35.704871]]]}, "properties": {"id": "37183053005", "name": "Census Tract 530.05", "median_ratio": 0.9323, "relative_to_county": -1.9, "sales": 56, "enough_sales": true}}, {"type": "Feature", "geometry": {"type": "Polygon", "coordinates": [[[-78.745625, 35.661457], [-78.744102, 35.677456], [-78.743146, 35.679978], [-78.742967, 35.682127], [-78.738955, 35.677955], [-78.730556, 35.675479], [-78.726839, 35.673318], [-78.724489, 35.672679], [-78.721805, 35.672551], [-78.716191, 35.672824], [-78.713117, 35.673378], [-78.711816, 35.673173], [-78.707943, 35.67159], [-78.706384, 35.67087], [-78.703248, 35.669425], [-78.70107, 35.667585], [-78.700592, 35.667026], [-78.699389, 35.665202], [-78.701616, 35.663393], [-78.702453, 35.662275], [-78.702503, 35.662164], [-78.705868, 35.653969], [-78.708548, 35.647386], [-78.70899, 35.646306], [-78.710376, 35.642942], [-78.712914, 35.639246], [-78.713618, 35.637433], [-78.713753, 35.63708], [-78.713802, 35.636954], [-78.714351, 35.635534], [-78.714643, 35.634781], [-78.715708, 35.632031], [-78.716985, 35.629605], [-78.723198, 35.624924], [-78.723345, 35.624862], [-78.726348, 35.626075], [-78.728283, 35.62681], [-78.728438, 35.62687], [-78.732234, 35.628393], [-78.733496, 35.629409], [-78.735097, 35.630736], [-78.735916, 35.63128], [-78.738293, 35.631635], [-78.741301, 35.631727], [-78.744114, 35.631829], [-78.744126, 35.634993], [-78.742448, 35.638412], [-78.743294, 35.639673], [-78.742378, 35.642409], [-78.741036, 35.644826], [-78.740488, 35.65127], [-78.745114, 35.659772], [-78.745625, 35.661457]]]}, "properties": {"id": "37183053111", "name": "Census Tract 531.11", "median_ratio": 0.9592, "relative_to_county": 0.9, "sales": 111, "enough_sales": true}}, {"type": "Feature", "geometry": {"type": "Polygon", "coordinates": [[[-78.772141, 35.695332], [-78.770054, 35.697005], [-78.768284, 35.700286], [-78.766787, 35.704787], [-78.765942, 35.705728], [-78.762354, 35.707006], [-78.761149, 35.709272], [-78.760229, 35.70881], [-78.757455, 35.709076], [-78.752128, 35.708199], [-78.749354, 35.706567], [-78.743571, 35.703897], [-78.740657, 35.703315], [-78.73748, 35.699791], [-78.736228, 35.698906], [-78.731785, 35.698442], [-78.728848, 35.696756], [-78.72617, 35.696437], [-78.724266, 35.691084], [-78.723494, 35.689145], [-78.723847, 35.684599], [-78.721427, 35.680889], [-78.721805, 35.672551], [-78.724489, 35.672679], [-78.726839, 35.673318], [-78.730556, 35.675479], [-78.738955, 35.677955], [-78.742967, 35.682127], [-78.743792, 35.683156], [-78.744824, 35.683861], [-78.746883, 35.684451], [-78.755034, 35.685881], [-78.755599, 35.686091], [-78.75824, 35.688259], [-78.760623, 35.690625], [-78.766709, 35.6918], [-78.7674, 35.692046], [-78.772247, 35.69522], [-78.772141, 35.695332]]]}, "properties": {"id": "37183053006", "name": "Census Tract 530.06", "median_ratio": 0.9247, "relative_to_county": -2.7, "sales": 35, "enough_sales": true}}, {"type": "Feature", "geometry": {"type": "Polygon", "coordinates": [[[-78.835253, 35.666745], [-78.832836, 35.676799], [-78.832631, 35.678606], [-78.832741, 35.679472], [-78.833033, 35.68081], [-78.833296, 35.681961], [-78.833611, 35.6833], [-78.826771, 35.680074], [-78.824216, 35.679608], [-78.822715, 35.679183], [-78.822627, 35.679159], [-78.821418, 35.678853], [-78.820029, 35.678599], [-78.818717, 35.67856], [-78.818264, 35.678603], [-78.814134, 35.679896], [-78.80903, 35.679645], [-78.806939, 35.679039], [-78.805586, 35.676937], [-78.805213, 35.676077], [-78.805041, 35.675762], [-78.804951, 35.675612], [-78.804639, 35.675154], [-78.802969, 35.672597], [-78.801933, 35.671173], [-78.798542, 35.667224], [-78.800559, 35.664718], [-78.802921, 35.662034], [-78.804019, 35.661177], [-78.805241, 35.660348], [-78.806643, 35.659649], [-78.80818, 35.657917], [-78.813214, 35.656411], [-78.813918, 35.656296], [-78.816005, 35.655959], [-78.817586, 35.655703], [-78.819117, 35.655449], [-78.821865, 35.655005], [-78.82297, 35.654844], [-78.834271, 35.654863], [-78.836012, 35.661359], [-78.835253, 35.666745]]]}, "properties": {"id": "37183053203", "name": "Census Tract 532.03", "median_ratio": 0.9545, "relative_to_county": 0.4, "sales": 125, "enough_sales": true}}, {"type": "Feature", "geometry": {"type": "Polygon", "coordinates": [[[-78.857413, 35.789348], [-78.850037, 35.790161], [-78.847219, 35.791431], [-78.845401, 35.792091], [-78.839318, 35.792966], [-78.838318, 35.792779], [-78.8343, 35.790918], [-78.831687, 35.790666], [-78.831595, 35.790059], [-78.830855, 35.787757], [-78.835191, 35.785907], [-78.835889, 35.785098], [-78.837387, 35.78047], [-78.842811, 35.780092], [-78.845777, 35.781747], [-78.848161, 35.78232], [-78.851422, 35.782998], [-78.85776, 35.789284], [-78.857413, 35.789348]]]}, "properties": {"id": "37183053425", "name": "Census Tract 534.25", "median_ratio": 0.8982, "relative_to_county": -5.5, "sales": 19, "enough_sales": true}}, {"type": "Feature", "geometry": {"type": "Polygon", "coordinates": [[[-78.8738, 35.820385], [-78.872353, 35.82059], [-78.872224, 35.820633], [-78.870785, 35.821479], [-78.868485, 35.823877], [-78.866618, 35.824827], [-78.863816, 35.824584], [-78.861974, 35.824221], [-78.851975, 35.821059], [-78.851026, 35.820811], [-78.847723, 35.820003], [-78.847708, 35.81797], [-78.847593, 35.817078], [-78.847476, 35.816282], [-78.848914, 35.81576], [-78.855194, 35.817241], [-78.861673, 35.816286], [-78.862909, 35.814788], [-78.86362, 35.810857], [-78.861568, 35.807873], [-78.861333, 35.802031], [-78.858811, 35.800569], [-78.857665, 35.796896], [-78.85773, 35.793775], [-78.858141, 35.792526], [-78.85802, 35.792457], [-78.857768, 35.792314], [-78.857535, 35.792171], [-78.857353, 35.792043], [-78.85721, 35.791914], [-78.857096, 35.791767], [-78.856972, 35.791418], [-78.857413, 35.789348], [-78.85776, 35.789284], [-78.859898, 35.788983], [-78.866888, 35.788756], [-78.87089, 35.787758], [-78.870574, 35.793968], [-78.870769, 35.798718], [-78.871387, 35.803043], [-78.872094, 35.808427], [-78.872288, 35.809911], [-78.872516, 35.811655], [-78.872888, 35.814571], [-78.873728, 35.819881], [-78.8738, 35.820385]]]}, "properties": {"id": "37183053603", "name": "Census Tract 536.03", "median_ratio": 0.9424, "relative_to_county": -0.9, "sales": 53, "enough_sales": true}}, {"type": "Feature", "geometry": {"type": "Polygon", "coordinates": [[[-78.830571, 35.769867], [-78.826376, 35.771296], [-78.824173, 35.771073], [-78.820598, 35.771246], [-78.818806, 35.773125], [-78.817795, 35.773809], [-78.816665, 35.774008], [-78.81524, 35.77364], [-78.812071, 35.771088], [-78.811383, 35.770824], [-78.805621, 35.771145], [-78.807816, 35.767465], [-78.809647, 35.765872], [-78.811837, 35.764857], [-78.821643, 35.761911], [-78.821713, 35.762076], [-78.822578, 35.763685], [-78.82284, 35.764067], [-78.829032, 35.76664], [-78.829962, 35.767797], [-78.83, 35.767877], [-78.830024, 35.767938], [-78.830389, 35.769446], [-78.830571, 35.769867]]]}, "properties": {"id": "37183053423", "name": "Census Tract 534.23", "median_ratio": 0.9589, "relative_to_county": 0.9, "sales": 30, "enough_sales": true}}, {"type": "Feature", "geometry": {"type": "Polygon", "coordinates": [[[-78.70288, 35.906474], [-78.697308, 35.905868], [-78.69456, 35.905569], [-78.689838, 35.904994], [-78.688724, 35.904382], [-78.688244, 35.904058], [-78.6877, 35.903691], [-78.68626, 35.902869], [-78.685949, 35.90281], [-78.684946, 35.902654], [-78.684738, 35.902618], [-78.681047, 35.902036], [-78.680569, 35.897293], [-78.679788, 35.889668], [-78.682068, 35.889593], [-78.683753, 35.889551], [-78.684257, 35.889478], [-78.684848, 35.889253], [-78.687528, 35.887858], [-78.690676, 35.886284], [-78.690844, 35.886163], [-78.692208, 35.887464], [-78.692855, 35.887808], [-78.695068, 35.888883], [-78.697609, 35.890149], [-78.697894, 35.8903], [-78.698091, 35.890419], [-78.698251, 35.890528], [-78.699037, 35.891129], [-78.700488, 35.892297], [-78.701327, 35.893496], [-78.701436, 35.894915], [-78.701321, 35.897603], [-78.701333, 35.898055], [-78.701505, 35.898803], [-78.703921, 35.906681], [-78.70288, 35.906474]]]}, "properties": {"id": "37183053712", "name": "Census Tract 537.12", "median_ratio": 0.9255, "relative_to_county": -2.6, "sales": 27, "enough_sales": true}}, {"type": "Feature", "geometry": {"type": "Polygon", "coordinates": [[[-78.659884, 35.943828], [-78.657138, 35.944209], [-78.6568, 35.946236], [-78.658225, 35.946967], [-78.658076, 35.94851], [-78.659109, 35.949071], [-78.657467, 35.949977], [-78.658128, 35.951314], [-78.65674, 35.953889], [-78.655421, 35.95438], [-78.65416, 35.956232], [-78.651329, 35.955264], [-78.648972, 35.957192], [-78.647243, 35.957763], [-78.644716, 35.957465], [-78.643746, 35.958831], [-78.642567, 35.962208], [-78.638619, 35.965125], [-78.638115, 35.96616], [-78.63617, 35.967236], [-78.633844, 35.969538], [-78.623767, 35.970184], [-78.621019, 35.969514], [-78.617544, 35.966553], [-78.612818, 35.965267], [-78.607399, 35.963238], [-78.605398, 35.96216], [-78.603148, 35.959024], [-78.602017, 35.95833], [-78.600931, 35.956973], [-78.599318, 35.956055], [-78.595583, 35.957731], [-78.591458, 35.958237], [-78.588197, 35.959509], [-78.584713, 35.959029], [-78.582015, 35.952553], [-78.580965, 35.948512], [-78.583398, 35.945358], [-78.58447, 35.942806], [-78.585919, 35.941916], [-78.590882, 35.940083], [-78.595428, 35.939447], [-78.596511, 35.936755], [-78.596439, 35.935532], [-78.598514, 35.932353], [-78.601716, 35.931988], [-78.604712, 35.930764], [-78.606142, 35.929664], [-78.607692, 35.930448], [-78.607794, 35.933166], [-78.61065, 35.939242], [-78.609744, 35.942491], [-78.610344, 35.945642], [-78.609896, 35.950616], [-78.609386, 35.951486], [-78.612117, 35.953293], [-78.614806, 35.957346], [-78.615965, 35.957811], [-78.62084, 35.956981], [-78.622578, 35.956186], [-78.625734, 35.953111], [-78.627154, 35.952305], [-78.632493, 35.952004], [-78.635146, 35.950637], [-78.637517, 35.947726], [-78.641378, 35.945333], [-78.642847, 35.943772], [-78.645655, 35.943233], [-78.648289, 35.943427], [-78.6584, 35.942851], [-78.659884, 35.943828]]]}, "properties": {"id": "37183053805", "name": "Census Tract 538.05", "median_ratio": 0.9006, "relative_to_county": -5.3, "sales": 24, "enough_sales": true}}, {"type": "Feature", "geometry": {"type": "Polygon", "coordinates": [[[-78.603124, 35.903691], [-78.60174, 35.906836], [-78.600658, 35.908068], [-78.596824, 35.907415], [-78.593889, 35.906313], [-78.590908, 35.905262], [-78.588377, 35.904599], [-78.582915, 35.903046], [-78.581524, 35.902289], [-78.576658, 35.900009], [-78.574218, 35.898349], [-78.569185, 35.897076], [-78.55958, 35.8932], [-78.559399, 35.893109], [-78.560174, 35.891964], [-78.56449, 35.888052], [-78.570056, 35.883024], [-78.571234, 35.881626], [-78.572729, 35.879868], [-78.573511, 35.880255], [-78.573806, 35.880462], [-78.574229, 35.881292], [-78.574257, 35.882342], [-78.574918, 35.883441], [-78.575558, 35.883725], [-78.577284, 35.884098], [-78.581088, 35.884797], [-78.58147, 35.884826], [-78.583346, 35.884719], [-78.58399, 35.884663], [-78.585071, 35.884544], [-78.586272, 35.884367], [-78.58645, 35.884341], [-78.587843, 35.884182], [-78.589573, 35.884013], [-78.590613, 35.884042], [-78.593264, 35.889472], [-78.594568, 35.890987], [-78.595879, 35.89194], [-78.600521, 35.89387], [-78.599158, 35.896634], [-78.59912, 35.897039], [-78.601265, 35.901301], [-78.603716, 35.903076], [-78.603124, 35.903691]]]}, "properties": {"id": "37183054016", "name": "Census Tract 540.16", "median_ratio": 0.9371, "relative_to_county": -1.4, "sales": 62, "enough_sales": true}}, {"type": "Feature", "geometry": {"type": "Polygon", "coordinates": [[[-78.541537, 35.795582], [-78.541425, 35.795716], [-78.541477, 35.796204], [-78.541367, 35.796302], [-78.541142, 35.796932], [-78.54054, 35.798077], [-78.54047, 35.798282], [-78.539745, 35.799451], [-78.539631, 35.799991], [-78.538908, 35.800709], [-78.538461, 35.801474], [-78.538443, 35.801696], [-78.538798, 35.80178], [-78.539423, 35.801926], [-78.53992, 35.803392], [-78.536587, 35.807737], [-78.532517, 35.810225], [-78.532475, 35.81069], [-78.533062, 35.811958], [-78.535986, 35.81427], [-78.536115, 35.815075], [-78.539094, 35.817263], [-78.539256, 35.818292], [-78.538247, 35.81959], [-78.539557, 35.82275], [-78.539473, 35.827707], [-78.538525, 35.82901], [-78.53597, 35.830713], [-78.532593, 35.830745], [-78.531147, 35.832001], [-78.530637, 35.834027], [-78.531115, 35.833874], [-78.531644, 35.835921], [-78.53095, 35.839376], [-78.530631, 35.845652], [-78.529972, 35.84818], [-78.5243, 35.846917], [-78.521021, 35.846238], [-78.513965, 35.844612], [-78.507838, 35.841627], [-78.506616, 35.841022], [-78.505912, 35.840746], [-78.501242, 35.839705], [-78.491854, 35.836468], [-78.491839, 35.834924], [-78.49029, 35.830891], [-78.489066, 35.828192], [-78.486864, 35.823338], [-78.485906, 35.819671], [-78.4865, 35.817144], [-78.487163, 35.814259], [-78.48743, 35.813076], [-78.487665, 35.812031], [-78.488227, 35.809549], [-78.484519, 35.808874], [-78.484643, 35.808725], [-78.485255, 35.807708], [-78.487454, 35.798227], [-78.490163, 35.79821], [-78.496959, 35.798626], [-78.498947, 35.798332], [-78.508508, 35.796094], [-78.515082, 35.795474], [-78.515352, 35.79546], [-78.521169, 35.795144], [-78.523167, 35.795275], [-78.529739, 35.796358], [-78.534386, 35.795739], [-78.534864, 35.795568], [-78.538704, 35.793564], [-78.539063, 35.793374], [-78.53937, 35.793434], [-78.540604, 35.794181], [-78.541573, 35.794982], [-78.541537, 35.795582]]]}, "properties": {"id": "37183054113", "name": "Census Tract 541.13", "median_ratio": 0.9384, "relative_to_county": -1.3, "sales": 56, "enough_sales": true}}, {"type": "Feature", "geometry": {"type": "Polygon", "coordinates": [[[-78.56143, 35.985123], [-78.560457, 35.987505], [-78.558989, 35.989149], [-78.558025, 35.991643], [-78.554604, 35.995592], [-78.553749, 35.997732], [-78.553067, 36.003397], [-78.552891, 36.010428], [-78.553314, 36.012138], [-78.552898, 36.013635], [-78.554726, 36.016367], [-78.555451, 36.020251], [-78.553827, 36.024348], [-78.546414, 36.021826], [-78.518497, 36.011764], [-78.518317, 36.011699], [-78.518106, 36.011624], [-78.521158, 36.004798], [-78.525518, 35.995533], [-78.528502, 35.99188], [-78.530191, 35.990375], [-78.535261, 35.986313], [-78.537566, 35.983906], [-78.539321, 35.979045], [-78.541276, 35.978395], [-78.550148, 35.975585], [-78.551756, 35.97479], [-78.552284, 35.974309], [-78.552797, 35.974688], [-78.559232, 35.975192], [-78.560721, 35.975637], [-78.560957, 35.978259], [-78.561665, 35.980372], [-78.56143, 35.985123]]]}, "properties": {"id": "37183054203", "name": "Census Tract 542.03", "median_ratio": 0.9542, "relative_to_county": 0.4, "sales": 64, "enough_sales": true}}, {"type": "Feature", "geometry": {"type": "Polygon", "coordinates": [[[-78.767831, 35.897234], [-78.765245, 35.901329], [-78.76576, 35.901678], [-78.761578, 35.902043], [-78.759207, 35.903249], [-78.755662, 35.904235], [-78.751309, 35.903085], [-78.746492, 35.902383], [-78.743573, 35.902623], [-78.741389, 35.902228], [-78.739156, 35.901133], [-78.736085, 35.900684], [-78.731954, 35.900927], [-78.729729, 35.900212], [-78.727078, 35.898785], [-78.727153, 35.896371], [-78.72728, 35.89465], [-78.727188, 35.893385], [-78.727174, 35.892761], [-78.727396, 35.888947], [-78.72743, 35.888383], [-78.727436, 35.886939], [-78.727018, 35.885702], [-78.726752, 35.884245], [-78.726815, 35.883961], [-78.727561, 35.882423], [-78.727728, 35.881672], [-78.72704, 35.878261], [-78.727403, 35.873849], [-78.727744, 35.873473], [-78.729683, 35.874924], [-78.732365, 35.877385], [-78.7372, 35.881691], [-78.738824, 35.882826], [-78.740874, 35.884227], [-78.748639, 35.889569], [-78.747568, 35.889557], [-78.747455, 35.892879], [-78.751648, 35.892867], [-78.751698, 35.891862], [-78.751858, 35.889598], [-78.756143, 35.889749], [-78.756072, 35.891892], [-78.75945, 35.891893], [-78.759718, 35.895208], [-78.762653, 35.896123], [-78.763093, 35.897405], [-78.765282, 35.895278], [-78.767271, 35.896017], [-78.76743, 35.896199], [-78.767831, 35.897234]]]}, "properties": {"id": "37183053724", "name": "Census Tract 537.24", "median_ratio": 0.949, "relative_to_county": -0.2, "sales": 89, "enough_sales": true}}, {"type": "Feature", "geometry": {"type": "Polygon", "coordinates": [[[-78.524289, 35.956716], [-78.518376, 35.96127], [-78.518211, 35.961629], [-78.516386, 35.961714], [-78.51613, 35.963807], [-78.515876, 35.966039], [-78.513802, 35.965649], [-78.510441, 35.965483], [-78.508265, 35.965772], [-78.507446, 35.965959], [-78.501557, 35.967437], [-78.50138, 35.967472], [-78.495579, 35.96952], [-78.493541, 35.969862], [-78.491865, 35.969759], [-78.491576, 35.968657], [-78.490388, 35.966724], [-78.489996, 35.966106], [-78.49044, 35.9646], [-78.490107, 35.963822], [-78.488718, 35.961693], [-78.488786, 35.9601], [-78.48958, 35.959584], [-78.489964, 35.95925], [-78.490585, 35.958899], [-78.490998, 35.958778], [-78.491673, 35.958717], [-78.492443, 35.958601], [-78.493531, 35.958382], [-78.497131, 35.957935], [-78.5011, 35.95576], [-78.502583, 35.955449], [-78.503219, 35.955149], [-78.505863, 35.952775], [-78.506147, 35.95161], [-78.508539, 35.949214], [-78.509733, 35.950085], [-78.510374, 35.950305], [-78.518485, 35.950021], [-78.526981, 35.95358], [-78.524289, 35.956716]]]}, "properties": {"id": "37183054219", "name": "Census Tract 542.19", "median_ratio": 0.9706, "relative_to_county": 2.1, "sales": 127, "enough_sales": true}}, {"type": "Feature", "geometry": {"type": "Polygon", "coordinates": [[[-78.555053, 35.73271], [-78.554896, 35.732959], [-78.55465, 35.73326], [-78.552964, 35.735783], [-78.551844, 35.736899], [-78.550532, 35.737841], [-78.548098, 35.739193], [-78.545589, 35.73957], [-78.543747, 35.740186], [-78.542849, 35.740564], [-78.541112, 35.741829], [-78.535636, 35.746061], [-78.53434, 35.74767], [-78.534489, 35.749443], [-78.533622, 35.750635], [-78.531617, 35.750882], [-78.529634, 35.746094], [-78.526627, 35.740268], [-78.527421, 35.73917], [-78.529188, 35.73548], [-78.528516, 35.732506], [-78.525907, 35.731117], [-78.523146, 35.7307], [-78.517833, 35.731851], [-78.514519, 35.731342], [-78.514025, 35.730799], [-78.513643, 35.726767], [-78.517961, 35.72326], [-78.519263, 35.71916], [-78.529588, 35.720807], [-78.530949, 35.720865], [-78.532598, 35.720983], [-78.53379, 35.721462], [-78.534073, 35.721711], [-78.535549, 35.722241], [-78.541945, 35.723284], [-78.542139, 35.723317], [-78.544275, 35.723681], [-78.544483, 35.723716], [-78.544581, 35.723733], [-78.545929, 35.72402], [-78.546654, 35.724308], [-78.548604, 35.72552], [-78.549934, 35.726388], [-78.550517, 35.726869], [-78.551217, 35.727338], [-78.553108, 35.727976], [-78.556143, 35.730031], [-78.555053, 35.73271]]]}, "properties": {"id": "37183052810", "name": "Census Tract 528.10", "median_ratio": 0.9551, "relative_to_county": 0.5, "sales": 51, "enough_sales": true}}, {"type": "Feature", "geometry": {"type": "Polygon", "coordinates": [[[-78.849668, 35.867279], [-78.840165, 35.867132], [-78.83661, 35.867078], [-78.835055, 35.867055], [-78.829965, 35.866978], [-78.828614, 35.870238], [-78.82835, 35.870876], [-78.825607, 35.877487], [-78.824485, 35.880198], [-78.821025, 35.884207], [-78.8186, 35.887088], [-78.816177, 35.884776], [-78.815682, 35.884214], [-78.815777, 35.882039], [-78.817417, 35.875335], [-78.815993, 35.872808], [-78.815768, 35.871629], [-78.815628, 35.870877], [-78.815076, 35.868201], [-78.814624, 35.867089], [-78.814489, 35.86679], [-78.814129, 35.866115], [-78.812381, 35.86248], [-78.814597, 35.861363], [-78.809901, 35.858145], [-78.809324, 35.857748], [-78.793132, 35.846697], [-78.783892, 35.841582], [-78.784261, 35.840985], [-78.784587, 35.838805], [-78.784312, 35.838006], [-78.783891, 35.838036], [-78.785978, 35.83556], [-78.787503, 35.835142], [-78.795416, 35.836492], [-78.798555, 35.836349], [-78.801937, 35.835161], [-78.804099, 35.833831], [-78.80714, 35.833451], [-78.809919, 35.831303], [-78.811043, 35.830959], [-78.815351, 35.825857], [-78.815795, 35.825548], [-78.822941, 35.821424], [-78.823627, 35.820675], [-78.823791, 35.820912], [-78.826252, 35.825072], [-78.826999, 35.830529], [-78.830043, 35.837692], [-78.836475, 35.846008], [-78.838775, 35.848967], [-78.839267, 35.849599], [-78.842178, 35.853659], [-78.84358, 35.858853], [-78.843942, 35.859341], [-78.844036, 35.859501], [-78.845218, 35.861149], [-78.849668, 35.867279]]]}, "properties": {"id": "37183053609", "name": "Census Tract 536.09", "median_ratio": null, "relative_to_county": null, "sales": 7, "enough_sales": false}}, {"type": "Feature", "geometry": {"type": "Polygon", "coordinates": [[[-78.836522, 35.717839], [-78.8338, 35.719688], [-78.829472, 35.721757], [-78.826364, 35.722721], [-78.825674, 35.722905], [-78.823506, 35.723821], [-78.822973, 35.723632], [-78.821239, 35.722989], [-78.820448, 35.722546], [-78.819737, 35.721674], [-78.819328, 35.720952], [-78.818494, 35.720148], [-78.817161, 35.719518], [-78.815512, 35.718717], [-78.815127, 35.71848], [-78.810635, 35.715639], [-78.810681, 35.715448], [-78.809175, 35.713148], [-78.80681, 35.708066], [-78.804532, 35.706616], [-78.80447, 35.70349], [-78.803574, 35.703048], [-78.803294, 35.702772], [-78.802323, 35.69994], [-78.802478, 35.69877], [-78.802783, 35.697947], [-78.804003, 35.696728], [-78.805091, 35.695913], [-78.8056, 35.694624], [-78.805046, 35.692034], [-78.806957, 35.684969], [-78.807144, 35.684289], [-78.807327, 35.683829], [-78.808775, 35.681266], [-78.80903, 35.679645], [-78.814134, 35.679896], [-78.818264, 35.678603], [-78.818717, 35.67856], [-78.820029, 35.678599], [-78.821418, 35.678853], [-78.822627, 35.679159], [-78.822715, 35.679183], [-78.824216, 35.679608], [-78.826771, 35.680074], [-78.833611, 35.6833], [-78.834087, 35.686125], [-78.833637, 35.699815], [-78.834111, 35.702501], [-78.835136, 35.704946], [-78.840303, 35.71422], [-78.836522, 35.717839]]]}, "properties": {"id": "37183053431", "name": "Census Tract 534.31", "median_ratio": 0.9419, "relative_to_county": -0.9, "sales": 30, "enough_sales": true}}, {"type": "Feature", "geometry": {"type": "Polygon", "coordinates": [[[-78.586837, 35.909863], [-78.587577, 35.910802], [-78.583778, 35.912872], [-78.582944, 35.912877], [-78.582096, 35.913147], [-78.581398, 35.913232], [-78.580073, 35.913195], [-78.579444, 35.913392], [-78.578821, 35.913866], [-78.578224, 35.914568], [-78.577324, 35.914934], [-78.576333, 35.91492], [-78.576219, 35.914835], [-78.574127, 35.9165], [-78.571525, 35.917471], [-78.571658, 35.917707], [-78.571683, 35.918067], [-78.571631, 35.918275], [-78.571519, 35.918544], [-78.571228, 35.918881], [-78.571011, 35.91904], [-78.570357, 35.919307], [-78.57156, 35.920712], [-78.572332, 35.921532], [-78.572636, 35.921907], [-78.573234, 35.922569], [-78.573552, 35.92288], [-78.573912, 35.923171], [-78.573971, 35.923215], [-78.574464, 35.92361], [-78.570916, 35.925511], [-78.567178, 35.924888], [-78.566923, 35.926341], [-78.563968, 35.924232], [-78.563486, 35.922837], [-78.560011, 35.924406], [-78.55965, 35.925414], [-78.559233, 35.927105], [-78.559032, 35.931912], [-78.55903, 35.931941], [-78.558121, 35.931227], [-78.557886, 35.930894], [-78.554105, 35.928608], [-78.553713, 35.926538], [-78.554944, 35.924334], [-78.556016, 35.920913], [-78.559923, 35.915862], [-78.559868, 35.912181], [-78.55934, 35.911305], [-78.558071, 35.909764], [-78.554942, 35.908999], [-78.554708, 35.908898], [-78.557505, 35.905064], [-78.558033, 35.903134], [-78.559147, 35.894154], [-78.55958, 35.8932], [-78.569185, 35.897076], [-78.574218, 35.898349], [-78.576658, 35.900009], [-78.581524, 35.902289], [-78.582915, 35.903046], [-78.588377, 35.904599], [-78.586837, 35.909863]]]}, "properties": {"id": "37183054020", "name": "Census Tract 540.20", "median_ratio": 0.9221, "relative_to_county": -3.0, "sales": 44, "enough_sales": true}}, {"type": "Feature", "geometry": {"type": "Polygon", "coordinates": [[[-78.983059, 35.644453], [-78.977921, 35.645457], [-78.961484, 35.652875], [-78.933621, 35.667446], [-78.930521, 35.668853], [-78.929691, 35.665975], [-78.928386, 35.663274], [-78.928359, 35.663133], [-78.928274, 35.661966], [-78.92821, 35.661528], [-78.92629, 35.657099], [-78.925106, 35.650551], [-78.923603, 35.64724], [-78.923251, 35.644793], [-78.922464, 35.643157], [-78.919628, 35.641449], [-78.918271, 35.63917], [-78.91791, 35.636179], [-78.917012, 35.63254], [-78.917669, 35.629395], [-78.91761, 35.627256], [-78.915426, 35.624041], [-78.910612, 35.618048], [-78.90996, 35.616248], [-78.908606, 35.614788], [-78.904841, 35.613056], [-78.902269, 35.612186], [-78.897987, 35.61369], [-78.893603, 35.612542], [-78.891977, 35.611136], [-78.889228, 35.611775], [-78.887535, 35.611972], [-78.887286, 35.611994], [-78.885593, 35.612248], [-78.884181, 35.612921], [-78.88343, 35.613057], [-78.882975, 35.613035], [-78.881032, 35.612805], [-78.878428, 35.612524], [-78.87653, 35.612138], [-78.870124, 35.607623], [-78.869875, 35.606006], [-78.870255, 35.604871], [-78.866419, 35.607401], [-78.858931, 35.6133], [-78.853446, 35.611813], [-78.852327, 35.609906], [-78.84307, 35.605666], [-78.841166, 35.604227], [-78.839675, 35.604184], [-78.839463, 35.602685], [-78.837147, 35.597654], [-78.838433, 35.58968], [-78.840507, 35.58547], [-78.84467, 35.576283], [-78.844672, 35.574842], [-78.844103, 35.573306], [-78.842326, 35.571043], [-78.846401, 35.568988], [-78.852783, 35.565726], [-78.854583, 35.564831], [-78.856528, 35.565451], [-78.916067, 35.584102], [-78.939068, 35.592104], [-78.949974, 35.595898], [-78.995048, 35.610166], [-78.983059, 35.644453]]]}, "properties": {"id": "37183053209", "name": "Census Tract 532.09", "median_ratio": 0.9602, "relative_to_county": 1.0, "sales": 48, "enough_sales": true}}, {"type": "Feature", "geometry": {"type": "Polygon", "coordinates": [[[-78.848743, 35.805361], [-78.847767, 35.808914], [-78.84821, 35.811649], [-78.848233, 35.812109], [-78.848002, 35.813636], [-78.847849, 35.81424], [-78.847457, 35.815678], [-78.847476, 35.816282], [-78.847593, 35.817078], [-78.846276, 35.816935], [-78.844611, 35.816805], [-78.836517, 35.814961], [-78.831735, 35.814852], [-78.826697, 35.81627], [-78.828463, 35.81157], [-78.828564, 35.810782], [-78.829341, 35.809643], [-78.833081, 35.804117], [-78.833695, 35.80276], [-78.831648, 35.79528], [-78.832282, 35.792016], [-78.831687, 35.790666], [-78.8343, 35.790918], [-78.838318, 35.792779], [-78.839318, 35.792966], [-78.845401, 35.792091], [-78.847219, 35.791431], [-78.847088, 35.792778], [-78.848663, 35.7982], [-78.848623, 35.80333], [-78.848743, 35.805361]]]}, "properties": {"id": "37183053616", "name": "Census Tract 536.16", "median_ratio": 0.9336, "relative_to_county": -1.8, "sales": 41, "enough_sales": true}}, {"type": "Feature", "geometry": {"type": "Polygon", "coordinates": [[[-78.806756, 35.922925], [-78.804975, 35.927218], [-78.804836, 35.927552], [-78.802775, 35.92713], [-78.802392, 35.927269], [-78.801972, 35.926972], [-78.785954, 35.915374], [-78.781826, 35.912574], [-78.771124, 35.905214], [-78.77536, 35.903412], [-78.784254, 35.898604], [-78.787678, 35.89991], [-78.790546, 35.901923], [-78.792314, 35.903178], [-78.795351, 35.903698], [-78.794748, 35.907075], [-78.795283, 35.908223], [-78.798738, 35.914144], [-78.800541, 35.916226], [-78.801481, 35.916775], [-78.800293, 35.918658], [-78.805042, 35.918774], [-78.805772, 35.918799], [-78.808364, 35.919064], [-78.806756, 35.922925]]]}, "properties": {"id": "37183053613", "name": "Census Tract 536.13", "median_ratio": 0.9312, "relative_to_county": -2.0, "sales": 24, "enough_sales": true}}, {"type": "Feature", "geometry": {"type": "Polygon", "coordinates": [[[-78.734885, 35.829446], [-78.732463, 35.830221], [-78.730889, 35.829237], [-78.727034, 35.831451], [-78.726969, 35.832468], [-78.724593, 35.832497], [-78.724792, 35.833536], [-78.723505, 35.835406], [-78.722156, 35.835745], [-78.722102, 35.835734], [-78.721983, 35.835611], [-78.721985, 35.835434], [-78.721909, 35.835304], [-78.721823, 35.835235], [-78.722113, 35.83523], [-78.722427, 35.835027], [-78.721631, 35.834407], [-78.720082, 35.834095], [-78.721513, 35.835443], [-78.721976, 35.836395], [-78.722477, 35.837839], [-78.724337, 35.842554], [-78.724335, 35.845579], [-78.722586, 35.845822], [-78.721274, 35.845252], [-78.718674, 35.84492], [-78.718151, 35.844778], [-78.716972, 35.843889], [-78.715454, 35.845307], [-78.711957, 35.844875], [-78.714601, 35.841968], [-78.714074, 35.83939], [-78.712897, 35.835535], [-78.712153, 35.834168], [-78.710572, 35.831394], [-78.710652, 35.826934], [-78.709417, 35.825152], [-78.706967, 35.823893], [-78.705781, 35.822723], [-78.704969, 35.820974], [-78.704908, 35.818855], [-78.705802, 35.811275], [-78.705604, 35.809798], [-78.70675, 35.809974], [-78.713572, 35.814596], [-78.71675, 35.816112], [-78.72312, 35.820718], [-78.726789, 35.822885], [-78.729041, 35.825107], [-78.730433, 35.824988], [-78.732187, 35.824939], [-78.732895, 35.826745], [-78.734335, 35.828957], [-78.734885, 35.829446]]]}, "properties": {"id": "37183052509", "name": "Census Tract 525.09", "median_ratio": 0.8897, "relative_to_county": -6.4, "sales": 19, "enough_sales": true}}, {"type": "Feature", "geometry": {"type": "Polygon", "coordinates": [[[-78.634439, 35.970875], [-78.632433, 35.975771], [-78.63275, 35.978978], [-78.627838, 35.979367], [-78.618119, 35.981251], [-78.611643, 35.981524], [-78.607908, 35.984321], [-78.607514, 35.986738], [-78.607295, 35.99309], [-78.606644, 35.995801], [-78.604955, 35.998939], [-78.604738, 36.001374], [-78.603624, 36.005239], [-78.60076, 36.008779], [-78.598081, 36.010735], [-78.597236, 36.012712], [-78.593991, 36.012628], [-78.591411, 36.013686], [-78.588295, 36.014358], [-78.580585, 36.016438], [-78.577273, 36.016472], [-78.565019, 36.013832], [-78.556459, 36.011938], [-78.553314, 36.012138], [-78.552891, 36.010428], [-78.553067, 36.003397], [-78.553749, 35.997732], [-78.554604, 35.995592], [-78.558025, 35.991643], [-78.558989, 35.989149], [-78.560457, 35.987505], [-78.56143, 35.985123], [-78.561665, 35.980372], [-78.560957, 35.978259], [-78.560721, 35.975637], [-78.558639, 35.970452], [-78.561209, 35.969644], [-78.561817, 35.968612], [-78.56237, 35.96772], [-78.562524, 35.967447], [-78.56266, 35.967087], [-78.562651, 35.966192], [-78.562442, 35.965102], [-78.563395, 35.960242], [-78.567169, 35.953884], [-78.568062, 35.952819], [-78.571185, 35.950406], [-78.573783, 35.948129], [-78.575327, 35.946827], [-78.578403, 35.945392], [-78.579998, 35.942457], [-78.580057, 35.94132], [-78.580051, 35.94128], [-78.581324, 35.940738], [-78.583174, 35.941064], [-78.58447, 35.942806], [-78.583398, 35.945358], [-78.580965, 35.948512], [-78.582015, 35.952553], [-78.584713, 35.959029], [-78.588197, 35.959509], [-78.591458, 35.958237], [-78.595583, 35.957731], [-78.599318, 35.956055], [-78.600931, 35.956973], [-78.602017, 35.95833], [-78.603148, 35.959024], [-78.605398, 35.96216], [-78.607399, 35.963238], [-78.612818, 35.965267], [-78.617544, 35.966553], [-78.621019, 35.969514], [-78.623767, 35.970184], [-78.633844, 35.969538], [-78.634439, 35.970875]]]}, "properties": {"id": "37183053901", "name": "Census Tract 539.01", "median_ratio": 0.9658, "relative_to_county": 1.6, "sales": 98, "enough_sales": true}}, {"type": "Feature", "geometry": {"type": "Polygon", "coordinates": [[[-78.541453, 35.883784], [-78.539423, 35.886872], [-78.538032, 35.887993], [-78.534163, 35.890086], [-78.533733, 35.891337], [-78.533465, 35.892323], [-78.533327, 35.892724], [-78.533312, 35.89285], [-78.533249, 35.893003], [-78.533184, 35.893271], [-78.533182, 35.893473], [-78.533635, 35.895726], [-78.534212, 35.897307], [-78.534566, 35.897954], [-78.534801, 35.898259], [-78.535202, 35.899028], [-78.535423, 35.89962], [-78.535447, 35.899812], [-78.535657, 35.901566], [-78.535485, 35.902611], [-78.535225, 35.904127], [-78.538356, 35.907624], [-78.53836, 35.907741], [-78.538458, 35.907905], [-78.53896, 35.909083], [-78.538845, 35.909212], [-78.537608, 35.910068], [-78.534576, 35.914999], [-78.534455, 35.918424], [-78.534334, 35.918448], [-78.530813, 35.919178], [-78.528229, 35.919872], [-78.525604, 35.919862], [-78.523855, 35.919826], [-78.525402, 35.918428], [-78.526214, 35.917716], [-78.529033, 35.914636], [-78.529227, 35.914128], [-78.5288, 35.910991], [-78.527444, 35.909489], [-78.527194, 35.909158], [-78.524358, 35.910588], [-78.523228, 35.910115], [-78.517678, 35.911085], [-78.515376, 35.913103], [-78.510239, 35.91127], [-78.505116, 35.912576], [-78.504503, 35.911097], [-78.504961, 35.907666], [-78.505005, 35.907384], [-78.505159, 35.906397], [-78.505248, 35.905981], [-78.5058, 35.904287], [-78.505829, 35.904203], [-78.506072, 35.903484], [-78.506692, 35.901658], [-78.506969, 35.900463], [-78.506933, 35.899843], [-78.50677, 35.897549], [-78.506572, 35.896015], [-78.506609, 35.894724], [-78.507983, 35.892905], [-78.508764, 35.889895], [-78.508749, 35.889885], [-78.509338, 35.887707], [-78.510031, 35.884182], [-78.51012, 35.883194], [-78.510323, 35.883246], [-78.512022, 35.883685], [-78.513503, 35.884068], [-78.515213, 35.884511], [-78.517293, 35.885056], [-78.524604, 35.885103], [-78.525964, 35.886108], [-78.528071, 35.88426], [-78.529241, 35.885526], [-78.530047, 35.885887], [-78.532006, 35.885244], [-78.532623, 35.884773], [-78.53335, 35.883604], [-78.533749, 35.881623], [-78.534808, 35.880365], [-78.537634, 35.880105], [-78.540287, 35.880926], [-78.541453, 35.883784]]]}, "properties": {"id": "37183054218", "name": "Census Tract 542.18", "median_ratio": 0.9471, "relative_to_county": -0.4, "sales": 82, "enough_sales": true}}, {"type": "Feature", "geometry": {"type": "Polygon", "coordinates": [[[-78.609777, 35.660874], [-78.607117, 35.663819], [-78.6046, 35.669359], [-78.601614, 35.666837], [-78.601076, 35.66487], [-78.598576, 35.661414], [-78.598059, 35.65967], [-78.597062, 35.657635], [-78.594872, 35.656017], [-78.592652, 35.65799], [-78.592484, 35.658111], [-78.592373, 35.658174], [-78.592116, 35.658284], [-78.591955, 35.658338], [-78.591778, 35.65838], [-78.590874, 35.658417], [-78.589129, 35.658414], [-78.588283, 35.658416], [-78.585526, 35.658625], [-78.582522, 35.658888], [-78.580481, 35.658869], [-78.579757, 35.658805], [-78.578262, 35.65876], [-78.577472, 35.658743], [-78.576154, 35.661457], [-78.575748, 35.662328], [-78.575479, 35.663559], [-78.575465, 35.663903], [-78.575463, 35.664835], [-78.57551, 35.665355], [-78.575787, 35.668279], [-78.575525, 35.669951], [-78.575313, 35.670653], [-78.578311, 35.679386], [-78.579879, 35.683913], [-78.580905, 35.687164], [-78.581945, 35.689312], [-78.584536, 35.694619], [-78.584549, 35.696114], [-78.584533, 35.696478], [-78.575262, 35.694783], [-78.574853, 35.694702], [-78.574542, 35.694245], [-78.569421, 35.685142], [-78.565007, 35.678774], [-78.563721, 35.675754], [-78.56316, 35.672743], [-78.563584, 35.665679], [-78.566366, 35.629211], [-78.566639, 35.629002], [-78.569264, 35.627568], [-78.57074, 35.628591], [-78.571733, 35.626688], [-78.573079, 35.627209], [-78.576829, 35.626944], [-78.578181, 35.625261], [-78.578657, 35.626503], [-78.5799, 35.626349], [-78.581329, 35.627526], [-78.583485, 35.627038], [-78.586074, 35.628083], [-78.586563, 35.629527], [-78.58844, 35.629578], [-78.58926, 35.631204], [-78.590806, 35.631029], [-78.592838, 35.633289], [-78.595365, 35.635686], [-78.596359, 35.635689], [-78.596014, 35.638437], [-78.598917, 35.638277], [-78.599765, 35.639036], [-78.600314, 35.639804], [-78.599533, 35.641424], [-78.600911, 35.641834], [-78.600901, 35.643139], [-78.601551, 35.646523], [-78.603923, 35.646846], [-78.604236, 35.649748], [-78.604347, 35.650589], [-78.606991, 35.651949], [-78.60975, 35.652319], [-78.60725, 35.655285], [-78.607148, 35.65839], [-78.60706, 35.658539], [-78.607059, 35.658659], [-78.607135, 35.658787], [-78.607229, 35.658848], [-78.607508, 35.658987], [-78.607749, 35.659175], [-78.608839, 35.659842], [-78.608921, 35.659859], [-78.609106, 35.659963], [-78.609238, 35.660093], [-78.609382, 35.660133], [-78.609391, 35.660187], [-78.609348, 35.660268], [-78.609349, 35.660316], [-78.60944, 35.66044], [-78.609526, 35.66047], [-78.609552, 35.660498], [-78.609663, 35.660548], [-78.609771, 35.660679], [-78.609777, 35.660874]]]}, "properties": {"id": "37183052813", "name": "Census Tract 528.13", "median_ratio": 0.945, "relative_to_county": -0.6, "sales": 60, "enough_sales": true}}, {"type": "Feature", "geometry": {"type": "Polygon", "coordinates": [[[-78.449704, 35.878741], [-78.446607, 35.881145], [-78.442865, 35.883205], [-78.438485, 35.88647], [-78.429018, 35.892527], [-78.42622, 35.895433], [-78.42351, 35.896406], [-78.417736, 35.897585], [-78.409012, 35.899715], [-78.407187, 35.900561], [-78.40308, 35.904068], [-78.398523, 35.906287], [-78.396774, 35.907477], [-78.392663, 35.911791], [-78.389838, 35.913899], [-78.388335, 35.914051], [-78.386799, 35.913894], [-78.383331, 35.914534], [-78.385632, 35.916489], [-78.379537, 35.920645], [-78.377482, 35.921108], [-78.374216, 35.920217], [-78.371412, 35.92068], [-78.361458, 35.927686], [-78.355646, 35.929887], [-78.354268, 35.931196], [-78.353277, 35.931056], [-78.351206, 35.910845], [-78.350974, 35.910124], [-78.343904, 35.906798], [-78.340798, 35.907407], [-78.338338, 35.905851], [-78.335508, 35.905819], [-78.332073, 35.901008], [-78.332199, 35.899369], [-78.336605, 35.895599], [-78.341509, 35.892472], [-78.343751, 35.88958], [-78.344986, 35.886925], [-78.346744, 35.886561], [-78.351067, 35.884876], [-78.352354, 35.884884], [-78.352893, 35.879122], [-78.352855, 35.872918], [-78.351864, 35.870414], [-78.352034, 35.868571], [-78.353834, 35.865191], [-78.355703, 35.863337], [-78.356481, 35.861818], [-78.35656, 35.853418], [-78.35707, 35.842999], [-78.355827, 35.839588], [-78.357024, 35.838687], [-78.360035, 35.837531], [-78.361093, 35.837131], [-78.366314, 35.836948], [-78.373118, 35.841427], [-78.3771, 35.844467], [-78.388701, 35.850267], [-78.394499, 35.851605], [-78.399495, 35.85223], [-78.40346, 35.85341], [-78.407619, 35.854751], [-78.412817, 35.855981], [-78.425607, 35.86075], [-78.438742, 35.863211], [-78.442198, 35.864263], [-78.44474, 35.865505], [-78.446438, 35.866398], [-78.448601, 35.86815], [-78.450141, 35.870034], [-78.449704, 35.878741]]]}, "properties": {"id": "37183054303", "name": "Census Tract 543.03", "median_ratio": 0.9582, "relative_to_county": 0.8, "sales": 22, "enough_sales": true}}, {"type": "Feature", "geometry": {"type": "Polygon", "coordinates": [[[-78.666719, 35.753748], [-78.665332, 35.757175], [-78.665156, 35.757469], [-78.664052, 35.758743], [-78.663335, 35.759349], [-78.659248, 35.762148], [-78.648421, 35.769421], [-78.648319, 35.7698], [-78.648214, 35.77021], [-78.647958, 35.770163], [-78.644627, 35.769301], [-78.645092, 35.76868], [-78.646601, 35.767183], [-78.642784, 35.765454], [-78.643082, 35.76324], [-78.641412, 35.760152], [-78.639915, 35.758788], [-78.636791, 35.755932], [-78.634392, 35.756639], [-78.633975, 35.753452], [-78.634009, 35.753205], [-78.634809, 35.749513], [-78.638006, 35.744108], [-78.638537, 35.742299], [-78.638439, 35.741096], [-78.633299, 35.732482], [-78.632914, 35.732136], [-78.631014, 35.731013], [-78.630582, 35.730737], [-78.628497, 35.728305], [-78.626583, 35.724807], [-78.62708, 35.721536], [-78.624996, 35.716858], [-78.630503, 35.714885], [-78.63407, 35.716786], [-78.638509, 35.719151], [-78.646983, 35.723759], [-78.648574, 35.725364], [-78.64877, 35.72534], [-78.650685, 35.728329], [-78.65097, 35.729269], [-78.651305, 35.731267], [-78.651321, 35.731989], [-78.650589, 35.735515], [-78.649327, 35.740906], [-78.648949, 35.743334], [-78.649044, 35.748813], [-78.650587, 35.74896], [-78.653423, 35.746668], [-78.655773, 35.746283], [-78.656136, 35.746364], [-78.657343, 35.746871], [-78.659559, 35.751033], [-78.663259, 35.752022], [-78.665509, 35.751662], [-78.667576, 35.752797], [-78.666719, 35.753748]]]}, "properties": {"id": "37183054502", "name": "Census Tract 545.02", "median_ratio": 0.9136, "relative_to_county": -3.9, "sales": 21, "enough_sales": true}}, {"type": "Feature", "geometry": {"type": "Polygon", "coordinates": [[[-78.886479, 35.840463], [-78.883878, 35.842382], [-78.881267, 35.843662], [-78.881102, 35.843743], [-78.877321, 35.844877], [-78.868447, 35.847336], [-78.867235, 35.847865], [-78.865853, 35.848701], [-78.862861, 35.851469], [-78.859516, 35.849437], [-78.854336, 35.843746], [-78.85434, 35.84237], [-78.855104, 35.840763], [-78.855663, 35.83951], [-78.856013, 35.837077], [-78.855337, 35.834462], [-78.855284, 35.834326], [-78.855075, 35.833783], [-78.854909, 35.833431], [-78.854733, 35.833102], [-78.854464, 35.832672], [-78.853796, 35.8317], [-78.852774, 35.829141], [-78.852466, 35.828734], [-78.851766, 35.827875], [-78.849048, 35.824922], [-78.84848, 35.823567], [-78.848283, 35.82263], [-78.847723, 35.820003], [-78.851026, 35.820811], [-78.851975, 35.821059], [-78.861974, 35.824221], [-78.863816, 35.824584], [-78.866618, 35.824827], [-78.868485, 35.823877], [-78.870785, 35.821479], [-78.872224, 35.820633], [-78.872353, 35.82059], [-78.8738, 35.820385], [-78.874249, 35.823313], [-78.87517, 35.826062], [-78.876055, 35.827724], [-78.876695, 35.82875], [-78.877455, 35.829691], [-78.881849, 35.834961], [-78.88499, 35.838713], [-78.886479, 35.840463]]]}, "properties": {"id": "37183053620", "name": "Census Tract 536.20", "median_ratio": 0.9287, "relative_to_county": -2.3, "sales": 54, "enough_sales": true}}, {"type": "Feature", "geometry": {"type": "Polygon", "coordinates": [[[-78.739174, 35.771133], [-78.732844, 35.775491], [-78.732342, 35.777201], [-78.731842, 35.7778], [-78.730047, 35.774619], [-78.729357, 35.770554], [-78.724778, 35.770021], [-78.722908, 35.770713], [-78.722985, 35.770466], [-78.723441, 35.76935], [-78.721739, 35.768589], [-78.721875, 35.766416], [-78.721538, 35.765106], [-78.720157, 35.763592], [-78.716844, 35.761498], [-78.717169, 35.760735], [-78.717122, 35.756049], [-78.717435, 35.755251], [-78.718144, 35.753447], [-78.718122, 35.751339], [-78.717759, 35.748878], [-78.721062, 35.74846], [-78.727295, 35.746901], [-78.730227, 35.74644], [-78.73288, 35.746038], [-78.734842, 35.745757], [-78.734934, 35.746414], [-78.735648, 35.74748], [-78.735054, 35.748262], [-78.735235, 35.748793], [-78.735676, 35.749275], [-78.734086, 35.750347], [-78.732571, 35.751393], [-78.731947, 35.751916], [-78.731153, 35.753339], [-78.729869, 35.755619], [-78.729169, 35.757488], [-78.728944, 35.758152], [-78.731301, 35.759389], [-78.732353, 35.76032], [-78.732913, 35.761146], [-78.735374, 35.766504], [-78.736781, 35.768588], [-78.739291, 35.771004], [-78.739174, 35.771133]]]}, "properties": {"id": "37183053011", "name": "Census Tract 530.11", "median_ratio": 0.9853, "relative_to_county": 3.7, "sales": 29, "enough_sales": true}}, {"type": "Feature", "geometry": {"type": "Polygon", "coordinates": [[[-78.750039, 35.883616], [-78.750259, 35.889588], [-78.748639, 35.889569], [-78.740874, 35.884227], [-78.738824, 35.882826], [-78.7372, 35.881691], [-78.732365, 35.877385], [-78.729683, 35.874924], [-78.727744, 35.873473], [-78.723749, 35.870757], [-78.722983, 35.870213], [-78.723283, 35.869641], [-78.72345, 35.867776], [-78.723458, 35.867757], [-78.723566, 35.867548], [-78.723578, 35.867513], [-78.725258, 35.863202], [-78.72548, 35.861708], [-78.724919, 35.859895], [-78.725586, 35.857203], [-78.722698, 35.855776], [-78.722248, 35.8564], [-78.721729, 35.85681], [-78.718785, 35.858463], [-78.717522, 35.858596], [-78.71657, 35.856023], [-78.712349, 35.856646], [-78.711379, 35.854283], [-78.711254, 35.85212], [-78.710487, 35.846598], [-78.711957, 35.844875], [-78.715454, 35.845307], [-78.716972, 35.843889], [-78.718151, 35.844778], [-78.718674, 35.84492], [-78.721274, 35.845252], [-78.722586, 35.845822], [-78.724335, 35.845579], [-78.724256, 35.848073], [-78.724378, 35.850832], [-78.725202, 35.852885], [-78.726162, 35.855597], [-78.729716, 35.857823], [-78.729553, 35.860001], [-78.731319, 35.862264], [-78.736017, 35.864696], [-78.73687, 35.866051], [-78.741677, 35.866107], [-78.741499, 35.868975], [-78.746374, 35.869079], [-78.746424, 35.870997], [-78.750815, 35.871251], [-78.75072, 35.872075], [-78.746217, 35.871729], [-78.744984, 35.875205], [-78.750814, 35.875844], [-78.750043, 35.880281], [-78.747882, 35.880171], [-78.747878, 35.881737], [-78.751453, 35.88184], [-78.750039, 35.883616]]]}, "properties": {"id": "37183053727", "name": "Census Tract 537.27", "median_ratio": 0.9551, "relative_to_county": 0.5, "sales": 70, "enough_sales": true}}, {"type": "Feature", "geometry": {"type": "Polygon", "coordinates": [[[-78.562493, 35.849139], [-78.560818, 35.850822], [-78.56015, 35.851491], [-78.559688, 35.851931], [-78.557681, 35.853701], [-78.555167, 35.855863], [-78.550417, 35.860256], [-78.549004, 35.861974], [-78.546731, 35.865579], [-78.543595, 35.872565], [-78.540398, 35.876036], [-78.532852, 35.8801], [-78.528121, 35.884216], [-78.528071, 35.88426], [-78.526102, 35.882404], [-78.527985, 35.879736], [-78.529951, 35.877642], [-78.532508, 35.87603], [-78.535624, 35.871632], [-78.535574, 35.870595], [-78.533927, 35.868246], [-78.532053, 35.866751], [-78.527524, 35.864841], [-78.527009, 35.864128], [-78.527286, 35.859885], [-78.528586, 35.857375], [-78.528844, 35.85696], [-78.529351, 35.854673], [-78.530362, 35.852909], [-78.530175, 35.852353], [-78.529833, 35.848716], [-78.529972, 35.84818], [-78.530631, 35.845652], [-78.53095, 35.839376], [-78.531644, 35.835921], [-78.531115, 35.833874], [-78.530637, 35.834027], [-78.531147, 35.832001], [-78.532593, 35.830745], [-78.53597, 35.830713], [-78.535917, 35.832483], [-78.536983, 35.83534], [-78.537365, 35.835774], [-78.538282, 35.837691], [-78.538748, 35.838213], [-78.540265, 35.838675], [-78.541142, 35.83873], [-78.542586, 35.839325], [-78.542722, 35.839373], [-78.544514, 35.835552], [-78.544887, 35.835131], [-78.547825, 35.834399], [-78.548903, 35.834282], [-78.549065, 35.834952], [-78.547229, 35.840634], [-78.546832, 35.842919], [-78.550879, 35.843766], [-78.552128, 35.844842], [-78.550957, 35.848217], [-78.551243, 35.849342], [-78.555805, 35.848818], [-78.556459, 35.848192], [-78.559996, 35.84661], [-78.561479, 35.846408], [-78.562151, 35.846312], [-78.56316, 35.848467], [-78.562493, 35.849139]]]}, "properties": {"id": "37183054116", "name": "Census Tract 541.16", "median_ratio": 0.9608, "relative_to_county": 1.1, "sales": 79, "enough_sales": true}}, {"type": "Feature", "geometry": {"type": "Polygon", "coordinates": [[[-78.613338, 35.70651], [-78.590616, 35.698139], [-78.589227, 35.69768], [-78.584533, 35.696478], [-78.584549, 35.696114], [-78.584536, 35.694619], [-78.581945, 35.689312], [-78.580905, 35.687164], [-78.579879, 35.683913], [-78.578311, 35.679386], [-78.575313, 35.670653], [-78.575525, 35.669951], [-78.575787, 35.668279], [-78.57551, 35.665355], [-78.575463, 35.664835], [-78.575465, 35.663903], [-78.575479, 35.663559], [-78.575748, 35.662328], [-78.576154, 35.661457], [-78.577472, 35.658743], [-78.578262, 35.65876], [-78.579757, 35.658805], [-78.580481, 35.658869], [-78.582522, 35.658888], [-78.585526, 35.658625], [-78.588283, 35.658416], [-78.589129, 35.658414], [-78.590874, 35.658417], [-78.591778, 35.65838], [-78.591955, 35.658338], [-78.592116, 35.658284], [-78.592373, 35.658174], [-78.592484, 35.658111], [-78.592652, 35.65799], [-78.594872, 35.656017], [-78.597062, 35.657635], [-78.598059, 35.65967], [-78.598576, 35.661414], [-78.601076, 35.66487], [-78.601614, 35.666837], [-78.6046, 35.669359], [-78.604048, 35.670709], [-78.603472, 35.673171], [-78.603389, 35.675437], [-78.603451, 35.676956], [-78.60406, 35.686251], [-78.604937, 35.689107], [-78.611495, 35.699531], [-78.611923, 35.700505], [-78.613338, 35.70651]]]}, "properties": {"id": "37183052814", "name": "Census Tract 528.14", "median_ratio": 0.9443, "relative_to_county": -0.7, "sales": 57, "enough_sales": true}}, {"type": "Feature", "geometry": {"type": "Polygon", "coordinates": [[[-78.865246, 35.738535], [-78.857458, 35.740552], [-78.851199, 35.740681], [-78.84912, 35.741103], [-78.849186, 35.741266], [-78.849244, 35.741393], [-78.849595, 35.742156], [-78.849862, 35.742735], [-78.850328, 35.743777], [-78.850889, 35.745022], [-78.851723, 35.746875], [-78.851751, 35.746967], [-78.851854, 35.74764], [-78.851449, 35.749066], [-78.851232, 35.749662], [-78.851022, 35.750237], [-78.849743, 35.752666], [-78.849136, 35.753153], [-78.846779, 35.754298], [-78.846353, 35.754527], [-78.846164, 35.75463], [-78.843362, 35.75624], [-78.841783, 35.757172], [-78.841293, 35.757404], [-78.840518, 35.757489], [-78.839242, 35.757625], [-78.837529, 35.758606], [-78.83582, 35.758787], [-78.835713, 35.75879], [-78.83411, 35.758817], [-78.829757, 35.75965], [-78.829559, 35.759271], [-78.832274, 35.757764], [-78.83591, 35.754478], [-78.836775, 35.753351], [-78.839595, 35.748752], [-78.847647, 35.735407], [-78.848586, 35.734225], [-78.849609, 35.73222], [-78.852943, 35.726765], [-78.854153, 35.727182], [-78.858492, 35.729422], [-78.861201, 35.732831], [-78.862584, 35.735716], [-78.863353, 35.736725], [-78.865246, 35.738535]]]}, "properties": {"id": "37183053429", "name": "Census Tract 534.29", "median_ratio": 0.9406, "relative_to_county": -1.1, "sales": 38, "enough_sales": true}}, {"type": "Feature", "geometry": {"type": "Polygon", "coordinates": [[[-78.514518, 35.864847], [-78.513931, 35.865043], [-78.512355, 35.864865], [-78.511278, 35.86658], [-78.509338, 35.868309], [-78.508247, 35.869363], [-78.507379, 35.870958], [-78.506526, 35.87157], [-78.504633, 35.87202], [-78.503975, 35.872053], [-78.500355, 35.87288], [-78.501622, 35.877147], [-78.501909, 35.878045], [-78.502388, 35.880049], [-78.502365, 35.881037], [-78.498936, 35.880078], [-78.49339, 35.879474], [-78.491131, 35.878924], [-78.486541, 35.878838], [-78.483636, 35.878518], [-78.481165, 35.879039], [-78.477269, 35.879215], [-78.475012, 35.879684], [-78.475236, 35.878516], [-78.477181, 35.873593], [-78.477643, 35.866109], [-78.481833, 35.86137], [-78.482333, 35.861339], [-78.490461, 35.861468], [-78.491342, 35.861286], [-78.493835, 35.860074], [-78.497969, 35.854593], [-78.498924, 35.853782], [-78.500878, 35.85234], [-78.501114, 35.845154], [-78.501618, 35.843434], [-78.501089, 35.840468], [-78.501242, 35.839705], [-78.505912, 35.840746], [-78.506616, 35.841022], [-78.507838, 35.841627], [-78.513965, 35.844612], [-78.512582, 35.845668], [-78.511438, 35.848472], [-78.511414, 35.84884], [-78.511421, 35.849318], [-78.511445, 35.849685], [-78.512904, 35.854794], [-78.51281, 35.856172], [-78.51259, 35.858408], [-78.512978, 35.859681], [-78.513337, 35.860408], [-78.513556, 35.86101], [-78.513675, 35.861411], [-78.5137, 35.86154], [-78.513946, 35.863212], [-78.514518, 35.864847]]]}, "properties": {"id": "37183054120", "name": "Census Tract 541.20", "median_ratio": 0.9759, "relative_to_county": 2.7, "sales": 46, "enough_sales": true}}, {"type": "Feature", "geometry": {"type": "Polygon", "coordinates": [[[-78.717169, 35.760735], [-78.716844, 35.761498], [-78.715276, 35.762489], [-78.713286, 35.764839], [-78.709644, 35.766763], [-78.707561, 35.767287], [-78.705296, 35.7668], [-78.703106, 35.766715], [-78.698992, 35.766798], [-78.694166, 35.768371], [-78.692313, 35.768714], [-78.691313, 35.769097], [-78.690971, 35.768395], [-78.690888, 35.768209], [-78.690736, 35.766835], [-78.690835, 35.765628], [-78.690945, 35.760003], [-78.692389, 35.757316], [-78.693016, 35.756305], [-78.694478, 35.753766], [-78.6947, 35.752138], [-78.698328, 35.751833], [-78.701177, 35.751791], [-78.706603, 35.752194], [-78.710334, 35.752991], [-78.717122, 35.756049], [-78.717169, 35.760735]]]}, "properties": {"id": "37183052307", "name": "Census Tract 523.07", "median_ratio": null, "relative_to_county": null, "sales": 2, "enough_sales": false}}, {"type": "Feature", "geometry": {"type": "Polygon", "coordinates": [[[-78.650665, 35.872416], [-78.647841, 35.874316], [-78.650532, 35.877147], [-78.648631, 35.882055], [-78.646196, 35.882235], [-78.645779, 35.878996], [-78.644728, 35.875164], [-78.642282, 35.872201], [-78.641736, 35.871564], [-78.638597, 35.867883], [-78.63753, 35.864877], [-78.643192, 35.869254], [-78.644709, 35.869918], [-78.645952, 35.869956], [-78.647039, 35.869649], [-78.650544, 35.868645], [-78.650665, 35.872416]]]}, "properties": {"id": "37183053730", "name": "Census Tract 537.30", "median_ratio": 0.9484, "relative_to_county": -0.2, "sales": 23, "enough_sales": true}}, {"type": "Feature", "geometry": {"type": "Polygon", "coordinates": [[[-78.531972, 35.754551], [-78.530829, 35.754579], [-78.520758, 35.754393], [-78.516912, 35.754343], [-78.513569, 35.754929], [-78.50738, 35.754036], [-78.504002, 35.753572], [-78.495196, 35.752014], [-78.492114, 35.751628], [-78.487853, 35.751746], [-78.483514, 35.750979], [-78.474126, 35.751282], [-78.468752, 35.74919], [-78.465675, 35.748694], [-78.452072, 35.747094], [-78.447025, 35.746933], [-78.443821, 35.746822], [-78.438131, 35.747276], [-78.430466, 35.75048], [-78.430082, 35.750746], [-78.429437, 35.75196], [-78.428108, 35.751231], [-78.427106, 35.746041], [-78.4259, 35.745563], [-78.424654, 35.741235], [-78.423665, 35.740147], [-78.423981, 35.739175], [-78.423208, 35.736901], [-78.424002, 35.734061], [-78.423406, 35.729601], [-78.423492, 35.728387], [-78.42165, 35.726043], [-78.431934, 35.720577], [-78.439037, 35.716835], [-78.444701, 35.713818], [-78.456014, 35.707811], [-78.458808, 35.706338], [-78.458935, 35.706271], [-78.460036, 35.705691], [-78.463995, 35.708135], [-78.465624, 35.708164], [-78.467711, 35.707482], [-78.471585, 35.7049], [-78.473735, 35.70152], [-78.477101, 35.702017], [-78.483661, 35.704343], [-78.48432, 35.705022], [-78.484532, 35.70651], [-78.483672, 35.711329], [-78.481938, 35.714521], [-78.47958, 35.72037], [-78.47714, 35.721667], [-78.476742, 35.723333], [-78.47809, 35.724352], [-78.480927, 35.725739], [-78.48535, 35.725578], [-78.488014, 35.723831], [-78.492532, 35.725968], [-78.495517, 35.725981], [-78.501853, 35.724443], [-78.513643, 35.726767], [-78.514025, 35.730799], [-78.514519, 35.731342], [-78.517833, 35.731851], [-78.523146, 35.7307], [-78.525907, 35.731117], [-78.528516, 35.732506], [-78.529188, 35.73548], [-78.527421, 35.73917], [-78.526627, 35.740268], [-78.529634, 35.746094], [-78.531617, 35.750882], [-78.531779, 35.751649], [-78.531972, 35.754551]]]}, "properties": {"id": "37183054109", "name": "Census Tract 541.09", "median_ratio": 0.9576, "relative_to_county": 0.7, "sales": 34, "enough_sales": true}}, {"type": "Feature", "geometry": {"type": "Polygon", "coordinates": [[[-78.639573, 35.858871], [-78.638066, 35.861462], [-78.636959, 35.861485], [-78.634337, 35.866886], [-78.632763, 35.868001], [-78.627433, 35.870442], [-78.626806, 35.870518], [-78.624906, 35.870608], [-78.62228, 35.872921], [-78.620824, 35.86816], [-78.620503, 35.865842], [-78.619552, 35.86262], [-78.619218, 35.861429], [-78.616028, 35.857258], [-78.614642, 35.853309], [-78.614524, 35.852782], [-78.614508, 35.850564], [-78.621868, 35.851042], [-78.62328, 35.851493], [-78.632632, 35.851682], [-78.63409, 35.852197], [-78.638021, 35.855146], [-78.641252, 35.856147], [-78.639573, 35.858871]]]}, "properties": {"id": "37183054001", "name": "Census Tract 540.01", "median_ratio": 0.9715, "relative_to_county": 2.2, "sales": 55, "enough_sales": true}}, {"type": "Feature", "geometry": {"type": "Polygon", "coordinates": [[[-78.605879, 35.850107], [-78.602468, 35.854286], [-78.602847, 35.857938], [-78.601267, 35.858659], [-78.600684, 35.860917], [-78.598404, 35.863385], [-78.598215, 35.864867], [-78.595696, 35.864653], [-78.594203, 35.869477], [-78.592232, 35.873554], [-78.587932, 35.877882], [-78.587332, 35.878378], [-78.586403, 35.877754], [-78.585053, 35.87708], [-78.583446, 35.876548], [-78.581344, 35.876112], [-78.581177, 35.876091], [-78.576683, 35.875165], [-78.578397, 35.873222], [-78.580395, 35.870815], [-78.581892, 35.86736], [-78.582023, 35.864631], [-78.580965, 35.855122], [-78.58039, 35.849881], [-78.579801, 35.844495], [-78.580894, 35.844553], [-78.587229, 35.845668], [-78.590618, 35.846279], [-78.59025, 35.848512], [-78.593299, 35.847815], [-78.597529, 35.848267], [-78.601585, 35.849042], [-78.603768, 35.84982], [-78.605879, 35.850107]]]}, "properties": {"id": "37183054018", "name": "Census Tract 540.18", "median_ratio": null, "relative_to_county": null, "sales": 14, "enough_sales": false}}, {"type": "Feature", "geometry": {"type": "Polygon", "coordinates": [[[-78.664088, 35.851722], [-78.663148, 35.854424], [-78.661533, 35.855346], [-78.658886, 35.853025], [-78.653703, 35.852563], [-78.646214, 35.851061], [-78.643372, 35.851011], [-78.644112, 35.848941], [-78.644332, 35.847406], [-78.644296, 35.846718], [-78.643656, 35.84404], [-78.64266, 35.84032], [-78.641635, 35.838211], [-78.64031, 35.836421], [-78.63859, 35.834526], [-78.64608, 35.835366], [-78.656307, 35.836452], [-78.661828, 35.836958], [-78.662246, 35.837331], [-78.664007, 35.838149], [-78.663687, 35.839999], [-78.662054, 35.841471], [-78.663071, 35.845405], [-78.660932, 35.847519], [-78.663245, 35.84858], [-78.664088, 35.851722]]]}, "properties": {"id": "37183052601", "name": "Census Tract 526.01", "median_ratio": 0.916, "relative_to_county": -3.6, "sales": 40, "enough_sales": true}}, {"type": "Feature", "geometry": {"type": "Polygon", "coordinates": [[[-78.793118, 35.662331], [-78.791803, 35.66225], [-78.79045, 35.662509], [-78.785758, 35.663582], [-78.784148, 35.663769], [-78.777914, 35.663373], [-78.775878, 35.663115], [-78.773887, 35.662411], [-78.772529, 35.661826], [-78.7707, 35.662367], [-78.768357, 35.662186], [-78.761981, 35.662372], [-78.759905, 35.662937], [-78.753226, 35.662029], [-78.752195, 35.661814], [-78.751761, 35.661698], [-78.751354, 35.661631], [-78.750461, 35.661313], [-78.749738, 35.660985], [-78.745114, 35.659772], [-78.740488, 35.65127], [-78.741036, 35.644826], [-78.742378, 35.642409], [-78.743294, 35.639673], [-78.742448, 35.638412], [-78.744126, 35.634993], [-78.744114, 35.631829], [-78.746265, 35.631918], [-78.746992, 35.631887], [-78.754303, 35.629806], [-78.757586, 35.629558], [-78.759841, 35.630336], [-78.763085, 35.631458], [-78.763554, 35.63151], [-78.764797, 35.631412], [-78.767087, 35.630848], [-78.774283, 35.629342], [-78.776028, 35.628811], [-78.778754, 35.62794], [-78.779593, 35.627904], [-78.780616, 35.628891], [-78.781442, 35.630164], [-78.783236, 35.634026], [-78.783258, 35.638837], [-78.783213, 35.639392], [-78.782822, 35.643797], [-78.783522, 35.644975], [-78.784189, 35.645943], [-78.784432, 35.647346], [-78.784435, 35.647898], [-78.784493, 35.648607], [-78.784604, 35.648917], [-78.784989, 35.649403], [-78.785379, 35.64975], [-78.786409, 35.651822], [-78.786762, 35.652219], [-78.787733, 35.653035], [-78.789147, 35.65431], [-78.789748, 35.655611], [-78.789863, 35.655859], [-78.791385, 35.658369], [-78.792378, 35.660076], [-78.794386, 35.662454], [-78.793118, 35.662331]]]}, "properties": {"id": "37183053211", "name": "Census Tract 532.11", "median_ratio": 0.9503, "relative_to_county": -0.0, "sales": 116, "enough_sales": true}}, {"type": "Feature", "geometry": {"type": "Polygon", "coordinates": [[[-78.730151, 35.779553], [-78.723448, 35.78367], [-78.7219, 35.783783], [-78.721103, 35.779941], [-78.721834, 35.777346], [-78.722413, 35.772463], [-78.722908, 35.770713], [-78.724778, 35.770021], [-78.729357, 35.770554], [-78.730047, 35.774619], [-78.731842, 35.7778], [-78.730151, 35.779553]]]}, "properties": {"id": "37183052410", "name": "Census Tract 524.10", "median_ratio": null, "relative_to_county": null, "sales": 8, "enough_sales": false}}, {"type": "Feature", "geometry": {"type": "Polygon", "coordinates": [[[-78.505127, 35.985461], [-78.498078, 35.989476], [-78.49555, 35.991389], [-78.490457, 35.996649], [-78.487167, 36.00008], [-78.485853, 35.999541], [-78.485393, 35.99935], [-78.475667, 35.995314], [-78.469482, 35.992739], [-78.471679, 35.989824], [-78.473071, 35.986852], [-78.476198, 35.984346], [-78.475571, 35.982916], [-78.478834, 35.983652], [-78.481097, 35.983482], [-78.483079, 35.98273], [-78.485759, 35.981654], [-78.487266, 35.980453], [-78.493824, 35.981716], [-78.496053, 35.982628], [-78.500626, 35.982565], [-78.506142, 35.984732], [-78.505127, 35.985461]]]}, "properties": {"id": "37183054223", "name": "Census Tract 542.23", "median_ratio": 0.9381, "relative_to_county": -1.3, "sales": 64, "enough_sales": true}}, {"type": "Feature", "geometry": {"type": "Polygon", "coordinates": [[[-78.878775, 35.733482], [-78.876349, 35.735934], [-78.87714, 35.737281], [-78.876442, 35.737271], [-78.875766, 35.737256], [-78.874872, 35.737235], [-78.872772, 35.737142], [-78.872106, 35.737141], [-78.871362, 35.737125], [-78.871308, 35.737124], [-78.87113, 35.737117], [-78.871046, 35.737111], [-78.870952, 35.737105], [-78.870905, 35.737102], [-78.870718, 35.73709], [-78.867815, 35.736571], [-78.867086, 35.736424], [-78.862584, 35.735716], [-78.861201, 35.732831], [-78.858492, 35.729422], [-78.854153, 35.727182], [-78.852943, 35.726765], [-78.854507, 35.724514], [-78.856234, 35.723098], [-78.858895, 35.721906], [-78.861338, 35.721467], [-78.866901, 35.721286], [-78.868516, 35.720947], [-78.869798, 35.720507], [-78.871315, 35.721359], [-78.8755, 35.72283], [-78.877304, 35.723209], [-78.876744, 35.724677], [-78.876116, 35.725582], [-78.874218, 35.727642], [-78.875361, 35.730831], [-78.877863, 35.731289], [-78.878775, 35.733482]]]}, "properties": {"id": "37183053434", "name": "Census Tract 534.34", "median_ratio": 0.9298, "relative_to_county": -2.2, "sales": 60, "enough_sales": true}}, {"type": "Feature", "geometry": {"type": "Polygon", "coordinates": [[[-78.661172, 35.855492], [-78.661322, 35.859551], [-78.659822, 35.860764], [-78.658684, 35.865536], [-78.657765, 35.866525], [-78.657354, 35.866662], [-78.65438, 35.866628], [-78.652204, 35.867358], [-78.650544, 35.868645], [-78.647039, 35.869649], [-78.645952, 35.869956], [-78.644709, 35.869918], [-78.643192, 35.869254], [-78.63753, 35.864877], [-78.637561, 35.863037], [-78.638066, 35.861462], [-78.639573, 35.858871], [-78.641252, 35.856147], [-78.642272, 35.854276], [-78.64249, 35.853441], [-78.643372, 35.851011], [-78.646214, 35.851061], [-78.653703, 35.852563], [-78.658886, 35.853025], [-78.661533, 35.855346], [-78.661172, 35.855492]]]}, "properties": {"id": "37183053716", "name": "Census Tract 537.16", "median_ratio": 0.9341, "relative_to_county": -1.7, "sales": 59, "enough_sales": true}}, {"type": "Feature", "geometry": {"type": "Polygon", "coordinates": [[[-78.737564, 35.607035], [-78.737157, 35.61431], [-78.732665, 35.618058], [-78.723345, 35.624862], [-78.723198, 35.624924], [-78.716985, 35.629605], [-78.715708, 35.632031], [-78.714643, 35.634781], [-78.714351, 35.635534], [-78.713802, 35.636954], [-78.713753, 35.63708], [-78.713618, 35.637433], [-78.712914, 35.639246], [-78.710376, 35.642942], [-78.70899, 35.646306], [-78.708548, 35.647386], [-78.705868, 35.653969], [-78.702503, 35.662164], [-78.702453, 35.662275], [-78.701616, 35.663393], [-78.699389, 35.665202], [-78.696254, 35.661096], [-78.694855, 35.660138], [-78.694804, 35.660107], [-78.691411, 35.658134], [-78.687055, 35.657515], [-78.682347, 35.658271], [-78.680253, 35.658218], [-78.676139, 35.656784], [-78.66862, 35.65666], [-78.666304, 35.655506], [-78.667517, 35.652441], [-78.667911, 35.650129], [-78.670922, 35.641513], [-78.671348, 35.634562], [-78.673863, 35.632609], [-78.677454, 35.626387], [-78.678889, 35.624891], [-78.682464, 35.619386], [-78.6838, 35.615769], [-78.686315, 35.609424], [-78.690032, 35.598326], [-78.690524, 35.591038], [-78.694071, 35.592119], [-78.703544, 35.594069], [-78.71042, 35.59451], [-78.711355, 35.594479], [-78.71709, 35.593778], [-78.720282, 35.593031], [-78.725938, 35.593172], [-78.726289, 35.59325], [-78.727554, 35.594029], [-78.729437, 35.595271], [-78.731576, 35.595531], [-78.73526, 35.596875], [-78.736144, 35.597666], [-78.737333, 35.600792], [-78.737564, 35.607035]]]}, "properties": {"id": "37183053110", "name": "Census Tract 531.10", "median_ratio": 0.9645, "relative_to_county": 1.5, "sales": 75, "enough_sales": true}}, {"type": "Feature", "geometry": {"type": "Polygon", "coordinates": [[[-78.875656, 35.761016], [-78.873429, 35.772859], [-78.8722, 35.779454], [-78.868153, 35.778423], [-78.867526, 35.778291], [-78.865004, 35.777419], [-78.860008, 35.777015], [-78.859549, 35.776141], [-78.855562, 35.773093], [-78.853125, 35.77369], [-78.849073, 35.772922], [-78.846012, 35.773723], [-78.844206, 35.769565], [-78.8427, 35.767571], [-78.843749, 35.763815], [-78.844897, 35.759714], [-78.845542, 35.758017], [-78.845627, 35.757087], [-78.846079, 35.755481], [-78.846353, 35.754527], [-78.846779, 35.754298], [-78.849136, 35.753153], [-78.850095, 35.754097], [-78.851179, 35.755111], [-78.852074, 35.755846], [-78.85298, 35.756218], [-78.854314, 35.756608], [-78.856209, 35.756998], [-78.860279, 35.757258], [-78.861311, 35.757148], [-78.862545, 35.757205], [-78.868796, 35.758211], [-78.869705, 35.758378], [-78.872305, 35.758937], [-78.874735, 35.76078], [-78.875656, 35.761016]]]}, "properties": {"id": "37183053409", "name": "Census Tract 534.09", "median_ratio": 0.9238, "relative_to_county": -2.8, "sales": 58, "enough_sales": true}}, {"type": "Feature", "geometry": {"type": "Polygon", "coordinates": [[[-78.761136, 35.912457], [-78.760823, 35.915244], [-78.759107, 35.917312], [-78.75914, 35.918401], [-78.758528, 35.920439], [-78.758504, 35.920506], [-78.758465, 35.920679], [-78.758343, 35.921114], [-78.75821, 35.921558], [-78.757651, 35.920419], [-78.75673, 35.919869], [-78.755461, 35.919519], [-78.753576, 35.919216], [-78.752271, 35.919174], [-78.751011, 35.919114], [-78.748005, 35.918712], [-78.746694, 35.918538], [-78.745402, 35.918473], [-78.74141, 35.920175], [-78.741103, 35.920623], [-78.737702, 35.919631], [-78.731696, 35.919069], [-78.730257, 35.917629], [-78.730099, 35.917312], [-78.728556, 35.91404], [-78.728387, 35.911296], [-78.728396, 35.911002], [-78.734131, 35.910065], [-78.737655, 35.909479], [-78.743204, 35.908857], [-78.755012, 35.910638], [-78.756326, 35.910593], [-78.762839, 35.908557], [-78.761136, 35.912457]]]}, "properties": {"id": "37183053718", "name": "Census Tract 537.18", "median_ratio": 0.9206, "relative_to_county": -3.2, "sales": 57, "enough_sales": true}}, {"type": "Feature", "geometry": {"type": "Polygon", "coordinates": [[[-78.528502, 35.99188], [-78.525518, 35.995533], [-78.521158, 36.004798], [-78.518106, 36.011624], [-78.517898, 36.011549], [-78.512912, 36.009747], [-78.502294, 36.005893], [-78.496369, 36.003716], [-78.493542, 36.002668], [-78.487167, 36.00008], [-78.490457, 35.996649], [-78.49555, 35.991389], [-78.498078, 35.989476], [-78.505127, 35.985461], [-78.506142, 35.984732], [-78.507279, 35.983668], [-78.509181, 35.980849], [-78.513127, 35.982535], [-78.514432, 35.982733], [-78.51907, 35.984377], [-78.52174, 35.986943], [-78.521904, 35.987095], [-78.522264, 35.987382], [-78.52244, 35.9875], [-78.526868, 35.991135], [-78.528502, 35.99188]]]}, "properties": {"id": "37183054204", "name": "Census Tract 542.04", "median_ratio": 0.9513, "relative_to_county": 0.1, "sales": 65, "enough_sales": true}}, {"type": "Feature", "geometry": {"type": "Polygon", "coordinates": [[[-78.620824, 35.86816], [-78.61566, 35.869497], [-78.612758, 35.869237], [-78.611134, 35.868316], [-78.60445, 35.864396], [-78.602795, 35.863357], [-78.598404, 35.863385], [-78.600684, 35.860917], [-78.601267, 35.858659], [-78.602847, 35.857938], [-78.602468, 35.854286], [-78.605879, 35.850107], [-78.607799, 35.850149], [-78.612367, 35.850238], [-78.614508, 35.850564], [-78.614524, 35.852782], [-78.614642, 35.853309], [-78.616028, 35.857258], [-78.619218, 35.861429], [-78.619552, 35.86262], [-78.620503, 35.865842], [-78.620824, 35.86816]]]}, "properties": {"id": "37183054004", "name": "Census Tract 540.04", "median_ratio": 0.9593, "relative_to_county": 0.9, "sales": 70, "enough_sales": true}}, {"type": "Feature", "geometry": {"type": "Polygon", "coordinates": [[[-78.351292, 35.820245], [-78.351735, 35.821944], [-78.345484, 35.822094], [-78.344376, 35.822117], [-78.340406, 35.822192], [-78.33591, 35.821766], [-78.329785, 35.820474], [-78.328353, 35.820305], [-78.327269, 35.820278], [-78.323245, 35.820867], [-78.32206, 35.821074], [-78.31461, 35.824293], [-78.312058, 35.825388], [-78.302134, 35.82767], [-78.300382, 35.828085], [-78.298966, 35.828403], [-78.297568, 35.828718], [-78.293133, 35.829572], [-78.273233, 35.832999], [-78.260925, 35.83473], [-78.257783, 35.830755], [-78.254434, 35.82911], [-78.253766, 35.827365], [-78.254714, 35.826518], [-78.254712, 35.824363], [-78.256662, 35.823942], [-78.255196, 35.822159], [-78.256491, 35.820637], [-78.255973, 35.81812], [-78.263059, 35.813643], [-78.264021, 35.813042], [-78.268314, 35.810358], [-78.278924, 35.804392], [-78.298297, 35.793502], [-78.324246, 35.779002], [-78.325494, 35.779199], [-78.326619, 35.780484], [-78.32494, 35.781523], [-78.331143, 35.784603], [-78.333395, 35.788969], [-78.33442, 35.790139], [-78.336193, 35.790661], [-78.338737, 35.794753], [-78.338843, 35.794944], [-78.338836, 35.795334], [-78.339039, 35.796103], [-78.339248, 35.796465], [-78.33995, 35.797108], [-78.340172, 35.797569], [-78.340132, 35.798305], [-78.340218, 35.798693], [-78.34142, 35.800617], [-78.342073, 35.800812], [-78.343713, 35.800875], [-78.344387, 35.80255], [-78.347125, 35.803362], [-78.347214, 35.805844], [-78.346473, 35.808036], [-78.346919, 35.809113], [-78.34508, 35.810156], [-78.346902, 35.811962], [-78.346145, 35.81281], [-78.346769, 35.814493], [-78.346887, 35.815737], [-78.34976, 35.815533], [-78.350676, 35.81473], [-78.351115, 35.814692], [-78.352498, 35.818498], [-78.351292, 35.820245]]]}, "properties": {"id": "37183054306", "name": "Census Tract 543.06", "median_ratio": 0.9984, "relative_to_county": 5.0, "sales": 60, "enough_sales": true}}, {"type": "Feature", "geometry": {"type": "Polygon", "coordinates": [[[-78.714601, 35.841968], [-78.711957, 35.844875], [-78.710185, 35.842649], [-78.707384, 35.840958], [-78.705347, 35.84121], [-78.704018, 35.841447], [-78.701521, 35.842007], [-78.699916, 35.841985], [-78.695372, 35.845634], [-78.688553, 35.844638], [-78.688245, 35.845549], [-78.688122, 35.845691], [-78.686565, 35.844936], [-78.680933, 35.843354], [-78.681119, 35.843174], [-78.681612, 35.842782], [-78.684255, 35.841338], [-78.694335, 35.835449], [-78.695059, 35.835106], [-78.697608, 35.833722], [-78.706967, 35.823893], [-78.709417, 35.825152], [-78.710652, 35.826934], [-78.710572, 35.831394], [-78.712153, 35.834168], [-78.712897, 35.835535], [-78.714074, 35.83939], [-78.714601, 35.841968]]]}, "properties": {"id": "37183052508", "name": "Census Tract 525.08", "median_ratio": 0.883, "relative_to_county": -7.1, "sales": 20, "enough_sales": true}}, {"type": "Feature", "geometry": {"type": "Polygon", "coordinates": [[[-78.73288, 35.746038], [-78.730227, 35.74644], [-78.727295, 35.746901], [-78.721062, 35.74846], [-78.717759, 35.748878], [-78.708138, 35.749863], [-78.705531, 35.749405], [-78.701185, 35.748374], [-78.70046, 35.748194], [-78.695837, 35.74652], [-78.687632, 35.743429], [-78.68583, 35.742876], [-78.683217, 35.742782], [-78.680353, 35.742998], [-78.68212, 35.73585], [-78.683074, 35.7287], [-78.683834, 35.724665], [-78.684802, 35.721907], [-78.686097, 35.720146], [-78.685992, 35.717627], [-78.685631, 35.715027], [-78.686367, 35.711973], [-78.688763, 35.70703], [-78.689012, 35.701052], [-78.69199, 35.698058], [-78.69346, 35.694349], [-78.694217, 35.687158], [-78.695695, 35.685485], [-78.697056, 35.682956], [-78.700279, 35.679971], [-78.70413, 35.674991], [-78.706384, 35.67087], [-78.707943, 35.67159], [-78.711816, 35.673173], [-78.713117, 35.673378], [-78.716191, 35.672824], [-78.721805, 35.672551], [-78.721427, 35.680889], [-78.723847, 35.684599], [-78.723494, 35.689145], [-78.724266, 35.691084], [-78.72617, 35.696437], [-78.723325, 35.697706], [-78.722323, 35.70018], [-78.719196, 35.70205], [-78.710251, 35.708871], [-78.710085, 35.712392], [-78.710414, 35.713287], [-78.713008, 35.715188], [-78.715899, 35.719648], [-78.715804, 35.722605], [-78.717712, 35.726382], [-78.719899, 35.729485], [-78.723084, 35.731777], [-78.725789, 35.736846], [-78.728222, 35.738941], [-78.73284, 35.743986], [-78.73288, 35.746038]]]}, "properties": {"id": "37183053010", "name": "Census Tract 530.10", "median_ratio": 0.9573, "relative_to_county": 0.7, "sales": 68, "enough_sales": true}}, {"type": "Feature", "geometry": {"type": "Polygon", "coordinates": [[[-78.855337, 35.834462], [-78.853576, 35.835231], [-78.852918, 35.835383], [-78.852272, 35.835688], [-78.85183, 35.836114], [-78.850667, 35.837406], [-78.850594, 35.837475], [-78.849675, 35.838154], [-78.845614, 35.840661], [-78.841334, 35.83681], [-78.840964, 35.836379], [-78.83884, 35.833307], [-78.838785, 35.830543], [-78.838836, 35.828549], [-78.838677, 35.827818], [-78.838471, 35.827389], [-78.837946, 35.82678], [-78.836626, 35.825924], [-78.831757, 35.823199], [-78.830055, 35.822994], [-78.828274, 35.821563], [-78.827642, 35.820689], [-78.825665, 35.818874], [-78.82638, 35.818143], [-78.826697, 35.81627], [-78.831735, 35.814852], [-78.836517, 35.814961], [-78.844611, 35.816805], [-78.846276, 35.816935], [-78.847593, 35.817078], [-78.847708, 35.81797], [-78.847723, 35.820003], [-78.848283, 35.82263], [-78.84848, 35.823567], [-78.849048, 35.824922], [-78.851766, 35.827875], [-78.852466, 35.828734], [-78.852774, 35.829141], [-78.853796, 35.8317], [-78.854464, 35.832672], [-78.854733, 35.833102], [-78.854909, 35.833431], [-78.855075, 35.833783], [-78.855284, 35.834326], [-78.855337, 35.834462]]]}, "properties": {"id": "37183053611", "name": "Census Tract 536.11", "median_ratio": 0.9347, "relative_to_county": -1.7, "sales": 55, "enough_sales": true}}, {"type": "Feature", "geometry": {"type": "Polygon", "coordinates": [[[-78.918303, 35.820463], [-78.91744, 35.822648], [-78.913889, 35.831637], [-78.909416, 35.843001], [-78.902157, 35.84225], [-78.899893, 35.842224], [-78.898996, 35.842257], [-78.89826, 35.842453], [-78.896201, 35.843409], [-78.895171, 35.843876], [-78.890882, 35.845765], [-78.889152, 35.843719], [-78.886479, 35.840463], [-78.88499, 35.838713], [-78.881849, 35.834961], [-78.877455, 35.829691], [-78.876695, 35.82875], [-78.876055, 35.827724], [-78.87517, 35.826062], [-78.874249, 35.823313], [-78.874364, 35.823356], [-78.87501, 35.823528], [-78.876865, 35.823906], [-78.877685, 35.824037], [-78.879142, 35.824211], [-78.888732, 35.822996], [-78.890132, 35.822777], [-78.900716, 35.822737], [-78.902295, 35.822297], [-78.907573, 35.822607], [-78.910213, 35.823723], [-78.912961, 35.822577], [-78.91483, 35.820725], [-78.915261, 35.820531], [-78.918128, 35.820174], [-78.918583, 35.819769], [-78.918303, 35.820463]]]}, "properties": {"id": "37183053617", "name": "Census Tract 536.17", "median_ratio": 0.9275, "relative_to_county": -2.4, "sales": 107, "enough_sales": true}}, {"type": "Feature", "geometry": {"type": "Polygon", "coordinates": [[[-78.81214, 35.551576], [-78.809205, 35.554934], [-78.808704, 35.556021], [-78.808396, 35.556927], [-78.808128, 35.55772], [-78.808095, 35.557821], [-78.806742, 35.561579], [-78.805909, 35.562631], [-78.804959, 35.563765], [-78.804255, 35.564597], [-78.802295, 35.566925], [-78.801046, 35.568513], [-78.800605, 35.570002], [-78.800594, 35.573435], [-78.799792, 35.579982], [-78.799813, 35.584337], [-78.799704, 35.588707], [-78.798326, 35.590433], [-78.796613, 35.59134], [-78.793062, 35.591465], [-78.779165, 35.59182], [-78.776616, 35.591848], [-78.77382, 35.592568], [-78.773176, 35.588658], [-78.77316, 35.588561], [-78.772924, 35.587079], [-78.772878, 35.586849], [-78.772513, 35.585159], [-78.772435, 35.582805], [-78.771999, 35.580042], [-78.770645, 35.57673], [-78.769959, 35.575055], [-78.769649, 35.57411], [-78.770339, 35.572587], [-78.77126, 35.571017], [-78.772533, 35.569208], [-78.774006, 35.567054], [-78.774307, 35.5665], [-78.77475, 35.564383], [-78.776779, 35.55808], [-78.777264, 35.555417], [-78.776496, 35.552954], [-78.776141, 35.552101], [-78.776573, 35.548351], [-78.776791, 35.546806], [-78.777147, 35.546146], [-78.778215, 35.544537], [-78.778354, 35.543915], [-78.778867, 35.541238], [-78.792282, 35.545406], [-78.795701, 35.546469], [-78.810894, 35.551181], [-78.81214, 35.551576]]]}, "properties": {"id": "37183053112", "name": "Census Tract 531.12", "median_ratio": 0.9714, "relative_to_county": 2.2, "sales": 147, "enough_sales": true}}, {"type": "Feature", "geometry": {"type": "Polygon", "coordinates": [[[-78.491865, 35.969759], [-78.488712, 35.969044], [-78.488747, 35.969352], [-78.488368, 35.969737], [-78.487807, 35.969957], [-78.485518, 35.97401], [-78.481875, 35.97738], [-78.478051, 35.982249], [-78.475701, 35.982814], [-78.475571, 35.982916], [-78.476198, 35.984346], [-78.473071, 35.986852], [-78.471679, 35.989824], [-78.469482, 35.992739], [-78.435073, 35.97843], [-78.426864, 35.975012], [-78.41914, 35.965959], [-78.418732, 35.96549], [-78.412203, 35.957832], [-78.418983, 35.954139], [-78.420163, 35.952977], [-78.422024, 35.949503], [-78.426167, 35.941197], [-78.426653, 35.940366], [-78.427211, 35.939684], [-78.428345, 35.93876], [-78.429266, 35.938123], [-78.429989, 35.937915], [-78.441096, 35.932803], [-78.449843, 35.928626], [-78.457413, 35.92328], [-78.457531, 35.930387], [-78.45691, 35.935117], [-78.456449, 35.938703], [-78.456153, 35.94113], [-78.45677, 35.941479], [-78.460259, 35.943509], [-78.465664, 35.947209], [-78.466852, 35.948045], [-78.472127, 35.951876], [-78.472352, 35.952111], [-78.473078, 35.952891], [-78.473663, 35.953475], [-78.474899, 35.954153], [-78.480462, 35.956364], [-78.480939, 35.95666], [-78.484936, 35.960143], [-78.4859, 35.9611], [-78.486988, 35.96227], [-78.487524, 35.962851], [-78.48909, 35.964673], [-78.489996, 35.966106], [-78.490388, 35.966724], [-78.491576, 35.968657], [-78.491865, 35.969759]]]}, "properties": {"id": "37183054221", "name": "Census Tract 542.21", "median_ratio": 0.9863, "relative_to_county": 3.8, "sales": 219, "enough_sales": true}}, {"type": "Feature", "geometry": {"type": "Polygon", "coordinates": [[[-78.822973, 35.723632], [-78.819405, 35.724559], [-78.814646, 35.725846], [-78.813629, 35.726217], [-78.810236, 35.72781], [-78.792612, 35.737344], [-78.792107, 35.736988], [-78.787678, 35.736317], [-78.784889, 35.737317], [-78.779907, 35.739692], [-78.780094, 35.738158], [-78.776924, 35.730738], [-78.77719, 35.729197], [-78.77733, 35.728643], [-78.777614, 35.724749], [-78.779605, 35.723036], [-78.785099, 35.722697], [-78.785812, 35.722251], [-78.786331, 35.721642], [-78.787971, 35.716477], [-78.788314, 35.715502], [-78.793977, 35.706847], [-78.794595, 35.704871], [-78.794343, 35.703273], [-78.794749, 35.703379], [-78.798358, 35.704312], [-78.801456, 35.705936], [-78.804532, 35.706616], [-78.80681, 35.708066], [-78.809175, 35.713148], [-78.810681, 35.715448], [-78.810635, 35.715639], [-78.815127, 35.71848], [-78.815512, 35.718717], [-78.817161, 35.719518], [-78.818494, 35.720148], [-78.819328, 35.720952], [-78.819737, 35.721674], [-78.820448, 35.722546], [-78.821239, 35.722989], [-78.822973, 35.723632]]]}, "properties": {"id": "37183053405", "name": "Census Tract 534.05", "median_ratio": 0.9164, "relative_to_county": -3.6, "sales": 64, "enough_sales": true}}, {"type": "Feature", "geometry": {"type": "Polygon", "coordinates": [[[-78.487454, 35.798227], [-78.474764, 35.798973], [-78.472576, 35.799771], [-78.466721, 35.80484], [-78.464856, 35.805691], [-78.458466, 35.807663], [-78.457162, 35.807852], [-78.455536, 35.807695], [-78.452591, 35.806659], [-78.454112, 35.804794], [-78.453682, 35.804561], [-78.449876, 35.801419], [-78.449763, 35.801084], [-78.449878, 35.800491], [-78.449548, 35.800183], [-78.4494, 35.79976], [-78.448442, 35.799167], [-78.44791, 35.799074], [-78.447768, 35.798233], [-78.447599, 35.798041], [-78.447159, 35.798018], [-78.445948, 35.795619], [-78.444295, 35.794564], [-78.443386, 35.791516], [-78.440413, 35.790884], [-78.438812, 35.788744], [-78.437049, 35.786748], [-78.437484, 35.785279], [-78.436809, 35.784968], [-78.437311, 35.784458], [-78.437628, 35.784242], [-78.437352, 35.783546], [-78.438127, 35.783464], [-78.43841, 35.783079], [-78.438357, 35.782261], [-78.43868, 35.781711], [-78.440042, 35.780377], [-78.440257, 35.780003], [-78.439927, 35.779097], [-78.439376, 35.778404], [-78.439974, 35.775963], [-78.440171, 35.775752], [-78.439563, 35.774466], [-78.438599, 35.773401], [-78.438565, 35.773011], [-78.437972, 35.772368], [-78.437966, 35.771544], [-78.43775, 35.771209], [-78.438215, 35.77016], [-78.437947, 35.76938], [-78.43773, 35.768875], [-78.437541, 35.768578], [-78.436815, 35.76776], [-78.436816, 35.767579], [-78.436542, 35.767231], [-78.436543, 35.767082], [-78.435004, 35.765723], [-78.434951, 35.765317], [-78.434235, 35.764954], [-78.433521, 35.764229], [-78.433579, 35.763959], [-78.43292, 35.76319], [-78.432055, 35.761527], [-78.431822, 35.76109], [-78.431624, 35.760513], [-78.431442, 35.760228], [-78.431346, 35.759764], [-78.431293, 35.758796], [-78.428577, 35.754508], [-78.430136, 35.752797], [-78.429437, 35.75196], [-78.430082, 35.750746], [-78.430466, 35.75048], [-78.438131, 35.747276], [-78.443821, 35.746822], [-78.447025, 35.746933], [-78.452072, 35.747094], [-78.465675, 35.748694], [-78.466353, 35.751134], [-78.467944, 35.753737], [-78.468418, 35.756621], [-78.469909, 35.761026], [-78.471553, 35.761393], [-78.472146, 35.762304], [-78.473268, 35.764411], [-78.473247, 35.764934], [-78.473455, 35.765826], [-78.474704, 35.770571], [-78.473611, 35.773445], [-78.47368, 35.773463], [-78.474437, 35.773707], [-78.475756, 35.77478], [-78.475855, 35.774869], [-78.477469, 35.776596], [-78.478393, 35.781011], [-78.4785, 35.781483], [-78.478831, 35.782223], [-78.480663, 35.785688], [-78.482313, 35.787896], [-78.482967, 35.789445], [-78.486138, 35.793257], [-78.486477, 35.794351], [-78.487695, 35.797048], [-78.487454, 35.798227]]]}, "properties": {"id": "37183054108", "name": "Census Tract 541.08", "median_ratio": 0.9852, "relative_to_county": 3.6, "sales": 132, "enough_sales": true}}, {"type": "Feature", "geometry": {"type": "Polygon", "coordinates": [[[-78.569242, 35.831196], [-78.563073, 35.831589], [-78.560086, 35.832684], [-78.556504, 35.833946], [-78.555526, 35.834033], [-78.548903, 35.834282], [-78.547825, 35.834399], [-78.544887, 35.835131], [-78.544514, 35.835552], [-78.542722, 35.839373], [-78.542586, 35.839325], [-78.541142, 35.83873], [-78.540265, 35.838675], [-78.538748, 35.838213], [-78.538282, 35.837691], [-78.537365, 35.835774], [-78.536983, 35.83534], [-78.535917, 35.832483], [-78.53597, 35.830713], [-78.538525, 35.82901], [-78.539473, 35.827707], [-78.539557, 35.82275], [-78.538247, 35.81959], [-78.539256, 35.818292], [-78.539094, 35.817263], [-78.536115, 35.815075], [-78.535986, 35.81427], [-78.533062, 35.811958], [-78.532475, 35.81069], [-78.532517, 35.810225], [-78.536587, 35.807737], [-78.53992, 35.803392], [-78.540226, 35.804777], [-78.543439, 35.807244], [-78.546675, 35.808475], [-78.54695, 35.811009], [-78.548009, 35.811183], [-78.547306, 35.815796], [-78.547621, 35.816167], [-78.547915, 35.816754], [-78.548615, 35.817434], [-78.549053, 35.817413], [-78.549189, 35.818119], [-78.550744, 35.819474], [-78.550788, 35.819868], [-78.550628, 35.820578], [-78.55061, 35.820674], [-78.555199, 35.820288], [-78.555956, 35.818693], [-78.556194, 35.818487], [-78.556339, 35.818363], [-78.557428, 35.817427], [-78.55776, 35.817127], [-78.560127, 35.814573], [-78.56145, 35.813828], [-78.563548, 35.81288], [-78.565559, 35.811541], [-78.565775, 35.811347], [-78.566367, 35.813364], [-78.566673, 35.814362], [-78.568745, 35.819281], [-78.569, 35.819908], [-78.569163, 35.821871], [-78.569203, 35.823116], [-78.569214, 35.823917], [-78.56929, 35.829011], [-78.569242, 35.831196]]]}, "properties": {"id": "37183054119", "name": "Census Tract 541.19", "median_ratio": 0.9541, "relative_to_county": 0.4, "sales": 97, "enough_sales": true}}, {"type": "Feature", "geometry": {"type": "Polygon", "coordinates": [[[-78.653013, 35.905656], [-78.651808, 35.910002], [-78.651468, 35.911484], [-78.649198, 35.917763], [-78.649021, 35.918878], [-78.649007, 35.92477], [-78.644571, 35.92438], [-78.642494, 35.922969], [-78.636158, 35.925632], [-78.631149, 35.930614], [-78.628758, 35.932437], [-78.626093, 35.933123], [-78.618309, 35.936305], [-78.616064, 35.936326], [-78.61065, 35.939242], [-78.607794, 35.933166], [-78.607692, 35.930448], [-78.606142, 35.929664], [-78.604712, 35.930764], [-78.601716, 35.931988], [-78.598514, 35.932353], [-78.596439, 35.935532], [-78.596511, 35.936755], [-78.595428, 35.939447], [-78.590882, 35.940083], [-78.585919, 35.941916], [-78.58447, 35.942806], [-78.583174, 35.941064], [-78.581324, 35.940738], [-78.580051, 35.94128], [-78.579613, 35.939726], [-78.579705, 35.939508], [-78.579493, 35.936284], [-78.579714, 35.936023], [-78.579892, 35.935801], [-78.580146, 35.934642], [-78.580194, 35.933759], [-78.580205, 35.933554], [-78.580041, 35.932968], [-78.579769, 35.932801], [-78.580959, 35.93202], [-78.582974, 35.931154], [-78.586609, 35.928741], [-78.587273, 35.927863], [-78.587764, 35.925892], [-78.591871, 35.920594], [-78.594253, 35.916654], [-78.595836, 35.912952], [-78.600658, 35.908068], [-78.60174, 35.906836], [-78.603124, 35.903691], [-78.603716, 35.903076], [-78.611063, 35.896784], [-78.611655, 35.896347], [-78.612804, 35.895911], [-78.618877, 35.895412], [-78.622581, 35.893899], [-78.625313, 35.893267], [-78.62723, 35.891458], [-78.628392, 35.893365], [-78.62933, 35.894], [-78.634935, 35.894422], [-78.635469, 35.89445], [-78.639697, 35.894931], [-78.640823, 35.895139], [-78.641675, 35.895439], [-78.644599, 35.896802], [-78.649221, 35.899968], [-78.652203, 35.900898], [-78.65285, 35.902514], [-78.653087, 35.904913], [-78.653013, 35.905656]]]}, "properties": {"id": "37183053808", "name": "Census Tract 538.08", "median_ratio": 0.9119, "relative_to_county": -4.1, "sales": 59, "enough_sales": true}}, {"type": "Feature", "geometry": {"type": "Polygon", "coordinates": [[[-78.657629, 35.712259], [-78.656061, 35.715641], [-78.655892, 35.715992], [-78.651142, 35.725165], [-78.650588, 35.726443], [-78.65097, 35.729269], [-78.650685, 35.728329], [-78.64877, 35.72534], [-78.648574, 35.725364], [-78.646983, 35.723759], [-78.638509, 35.719151], [-78.63407, 35.716786], [-78.630503, 35.714885], [-78.622863, 35.710794], [-78.623579, 35.710071], [-78.625196, 35.708015], [-78.626869, 35.704486], [-78.628115, 35.701894], [-78.628334, 35.701457], [-78.629304, 35.699875], [-78.631177, 35.697956], [-78.633354, 35.695765], [-78.634995, 35.693494], [-78.635091, 35.693437], [-78.635871, 35.69302], [-78.636802, 35.692641], [-78.639285, 35.692332], [-78.641704, 35.691903], [-78.64443, 35.689307], [-78.645925, 35.688373], [-78.646044, 35.688406], [-78.646467, 35.688521], [-78.646799, 35.688598], [-78.64768, 35.68872], [-78.650348, 35.688566], [-78.651483, 35.688256], [-78.651544, 35.68902], [-78.652297, 35.693028], [-78.652344, 35.693303], [-78.652399, 35.693507], [-78.652532, 35.693856], [-78.653183, 35.69522], [-78.652962, 35.696988], [-78.654197, 35.700704], [-78.656167, 35.7044], [-78.656811, 35.709778], [-78.657168, 35.711718], [-78.657629, 35.712259]]]}, "properties": {"id": "37183052802", "name": "Census Tract 528.02", "median_ratio": 0.9405, "relative_to_county": -1.1, "sales": 70, "enough_sales": true}}, {"type": "Feature", "geometry": {"type": "Polygon", "coordinates": [[[-78.631858, 35.788043], [-78.628527, 35.787919], [-78.62962, 35.784647], [-78.627933, 35.784604], [-78.624579, 35.784554], [-78.623329, 35.784511], [-78.622541, 35.786781], [-78.621421, 35.786924], [-78.620351, 35.792828], [-78.616179, 35.792496], [-78.613079, 35.792929], [-78.613129, 35.790041], [-78.613514, 35.787891], [-78.613539, 35.785982], [-78.61335, 35.784003], [-78.613472, 35.779825], [-78.616512, 35.779926], [-78.62068, 35.779797], [-78.623549, 35.779911], [-78.625756, 35.78], [-78.628213, 35.780066], [-78.632258, 35.780196], [-78.631858, 35.788043]]]}, "properties": {"id": "37183050600", "name": "Census Tract 506", "median_ratio": 0.9538, "relative_to_county": 0.3, "sales": 44, "enough_sales": true}}, {"type": "Feature", "geometry": {"type": "Polygon", "coordinates": [[[-78.781229, 35.785083], [-78.781204, 35.788035], [-78.778572, 35.788364], [-78.772879, 35.791328], [-78.76842, 35.792708], [-78.766653, 35.792745], [-78.76376, 35.792338], [-78.747903, 35.789728], [-78.747324, 35.789631], [-78.74692, 35.78956], [-78.747061, 35.789359], [-78.748035, 35.787842], [-78.748973, 35.785239], [-78.749092, 35.782983], [-78.748457, 35.780384], [-78.750913, 35.779766], [-78.752499, 35.77919], [-78.761915, 35.775927], [-78.764195, 35.775898], [-78.764765, 35.775881], [-78.767197, 35.775421], [-78.768566, 35.775781], [-78.777326, 35.782406], [-78.778492, 35.782493], [-78.780447, 35.782501], [-78.781244, 35.783061], [-78.781229, 35.785083]]]}, "properties": {"id": "37183053517", "name": "Census Tract 535.17", "median_ratio": null, "relative_to_county": null, "sales": 14, "enough_sales": false}}, {"type": "Feature", "geometry": {"type": "Polygon", "coordinates": [[[-78.70413, 35.674991], [-78.700279, 35.679971], [-78.697056, 35.682956], [-78.695695, 35.685485], [-78.694217, 35.687158], [-78.69346, 35.694349], [-78.69199, 35.698058], [-78.689012, 35.701052], [-78.688763, 35.70703], [-78.686367, 35.711973], [-78.685631, 35.715027], [-78.685992, 35.717627], [-78.686097, 35.720146], [-78.684802, 35.721907], [-78.683834, 35.724665], [-78.683074, 35.7287], [-78.68212, 35.73585], [-78.680353, 35.742998], [-78.671911, 35.741756], [-78.669303, 35.740342], [-78.667554, 35.739345], [-78.663268, 35.736852], [-78.662651, 35.736409], [-78.662739, 35.73594], [-78.662533, 35.735889], [-78.663303, 35.731419], [-78.661686, 35.731338], [-78.660109, 35.731289], [-78.660089, 35.731372], [-78.651305, 35.731267], [-78.65097, 35.729269], [-78.650588, 35.726443], [-78.651142, 35.725165], [-78.655892, 35.715992], [-78.656061, 35.715641], [-78.657629, 35.712259], [-78.657168, 35.711718], [-78.656811, 35.709778], [-78.656167, 35.7044], [-78.654197, 35.700704], [-78.652962, 35.696988], [-78.653183, 35.69522], [-78.652532, 35.693856], [-78.652399, 35.693507], [-78.652344, 35.693303], [-78.652297, 35.693028], [-78.651544, 35.68902], [-78.651483, 35.688256], [-78.652231, 35.683267], [-78.652329, 35.682978], [-78.652426, 35.682775], [-78.652595, 35.682515], [-78.652882, 35.682124], [-78.652905, 35.682094], [-78.653468, 35.681373], [-78.654638, 35.680569], [-78.656542, 35.679309], [-78.657005, 35.678694], [-78.65805, 35.676332], [-78.658451, 35.672713], [-78.658509, 35.671495], [-78.658651, 35.669281], [-78.659027, 35.668742], [-78.659671, 35.667997], [-78.660167, 35.667256], [-78.660699, 35.666375], [-78.661748, 35.664484], [-78.663169, 35.661895], [-78.664187, 35.660023], [-78.664273, 35.659859], [-78.664343, 35.659725], [-78.664404, 35.65961], [-78.664429, 35.659562], [-78.666304, 35.655506], [-78.66862, 35.65666], [-78.676139, 35.656784], [-78.680253, 35.658218], [-78.682347, 35.658271], [-78.687055, 35.657515], [-78.691411, 35.658134], [-78.694804, 35.660107], [-78.694855, 35.660138], [-78.696254, 35.661096], [-78.699389, 35.665202], [-78.700592, 35.667026], [-78.70107, 35.667585], [-78.703248, 35.669425], [-78.706384, 35.67087], [-78.70413, 35.674991]]]}, "properties": {"id": "37183053009", "name": "Census Tract 530.09", "median_ratio": 0.971, "relative_to_county": 2.1, "sales": 102, "enough_sales": true}}, {"type": "Feature", "geometry": {"type": "Polygon", "coordinates": [[[-78.760391, 35.71075], [-78.756209, 35.713561], [-78.753867, 35.716168], [-78.751992, 35.719099], [-78.751136, 35.720496], [-78.750852, 35.720961], [-78.7502, 35.722586], [-78.749574, 35.724215], [-78.746363, 35.729417], [-78.744784, 35.735955], [-78.744492, 35.73647], [-78.744108, 35.73721], [-78.743377, 35.739103], [-78.74323, 35.739494], [-78.743033, 35.739952], [-78.741947, 35.742199], [-78.741713, 35.742548], [-78.740426, 35.743778], [-78.739012, 35.744632], [-78.737713, 35.745645], [-78.735575, 35.745672], [-78.734842, 35.745757], [-78.73288, 35.746038], [-78.73284, 35.743986], [-78.728222, 35.738941], [-78.725789, 35.736846], [-78.723084, 35.731777], [-78.719899, 35.729485], [-78.717712, 35.726382], [-78.715804, 35.722605], [-78.715899, 35.719648], [-78.713008, 35.715188], [-78.710414, 35.713287], [-78.710085, 35.712392], [-78.710251, 35.708871], [-78.719196, 35.70205], [-78.722323, 35.70018], [-78.723325, 35.697706], [-78.72617, 35.696437], [-78.728848, 35.696756], [-78.731785, 35.698442], [-78.736228, 35.698906], [-78.73748, 35.699791], [-78.740657, 35.703315], [-78.743571, 35.703897], [-78.749354, 35.706567], [-78.752128, 35.708199], [-78.757455, 35.709076], [-78.760229, 35.70881], [-78.761149, 35.709272], [-78.760391, 35.71075]]]}, "properties": {"id": "37183053007", "name": "Census Tract 530.07", "median_ratio": 0.9128, "relative_to_county": -4.0, "sales": 29, "enough_sales": true}}, {"type": "Feature", "geometry": {"type": "Polygon", "coordinates": [[[-78.860909, 35.616932], [-78.860324, 35.617278], [-78.858492, 35.617657], [-78.857981, 35.617989], [-78.857783, 35.618333], [-78.857277, 35.619697], [-78.856621, 35.621292], [-78.854019, 35.625388], [-78.852795, 35.627178], [-78.852382, 35.627886], [-78.852116, 35.62945], [-78.851904, 35.631228], [-78.851713, 35.632182], [-78.846673, 35.635201], [-78.844671, 35.637944], [-78.843384, 35.639171], [-78.843031, 35.639502], [-78.842576, 35.639918], [-78.841431, 35.640908], [-78.838884, 35.642761], [-78.835861, 35.640625], [-78.83328, 35.639493], [-78.833034, 35.639375], [-78.831955, 35.638669], [-78.829406, 35.635514], [-78.827609, 35.633265], [-78.827102, 35.632656], [-78.825938, 35.631273], [-78.822461, 35.627567], [-78.821618, 35.626687], [-78.82003, 35.625002], [-78.817905, 35.622121], [-78.814817, 35.618158], [-78.814302, 35.617628], [-78.8115, 35.615408], [-78.807928, 35.612464], [-78.80713, 35.610809], [-78.804254, 35.604904], [-78.802983, 35.602419], [-78.805428, 35.60156], [-78.811664, 35.5981], [-78.81322, 35.597646], [-78.816208, 35.597072], [-78.818025, 35.597004], [-78.818766, 35.597001], [-78.820577, 35.596997], [-78.822078, 35.597007], [-78.824021, 35.597061], [-78.82677, 35.59717], [-78.827135, 35.597234], [-78.829049, 35.597628], [-78.830131, 35.597807], [-78.832318, 35.597761], [-78.832399, 35.597754], [-78.837147, 35.597654], [-78.839463, 35.602685], [-78.839675, 35.604184], [-78.841166, 35.604227], [-78.84307, 35.605666], [-78.852327, 35.609906], [-78.853446, 35.611813], [-78.858931, 35.6133], [-78.862943, 35.615527], [-78.860909, 35.616932]]]}, "properties": {"id": "37183053206", "name": "Census Tract 532.06", "median_ratio": 0.962, "relative_to_county": 1.2, "sales": 123, "enough_sales": true}}, {"type": "Feature", "geometry": {"type": "Polygon", "coordinates": [[[-78.711579, 35.974444], [-78.699847, 36.011427], [-78.695497, 36.013284], [-78.691669, 36.013354], [-78.690535, 36.015482], [-78.691375, 36.017921], [-78.687015, 36.020639], [-78.685172, 36.02084], [-78.684472, 36.02046], [-78.685293, 36.015391], [-78.684731, 36.013552], [-78.683472, 36.012783], [-78.678814, 36.0129], [-78.675336, 36.012279], [-78.669427, 36.012057], [-78.666113, 36.011229], [-78.665287, 36.010161], [-78.666284, 36.008515], [-78.66698, 36.006102], [-78.667255, 36.003171], [-78.664971, 36.002564], [-78.660349, 36.00038], [-78.658403, 35.998796], [-78.657435, 35.998805], [-78.655913, 36.000325], [-78.650209, 36.003996], [-78.648864, 36.00791], [-78.647098, 36.010007], [-78.643655, 36.010115], [-78.642358, 36.009075], [-78.640472, 36.00526], [-78.64091, 36.001433], [-78.641687, 36.000132], [-78.644093, 36.000641], [-78.643882, 36.00442], [-78.644489, 36.005595], [-78.646278, 36.00583], [-78.647449, 36.002643], [-78.652066, 35.999222], [-78.652696, 35.998215], [-78.651365, 35.997783], [-78.649995, 35.995535], [-78.648948, 35.995672], [-78.644015, 35.993042], [-78.643407, 35.992138], [-78.64468, 35.989589], [-78.644445, 35.986398], [-78.643366, 35.985953], [-78.640151, 35.98639], [-78.635788, 35.986014], [-78.63398, 35.98512], [-78.632997, 35.982799], [-78.63275, 35.978978], [-78.632433, 35.975771], [-78.634439, 35.970875], [-78.633844, 35.969538], [-78.63617, 35.967236], [-78.638115, 35.96616], [-78.638619, 35.965125], [-78.642567, 35.962208], [-78.643746, 35.958831], [-78.644716, 35.957465], [-78.647243, 35.957763], [-78.648972, 35.957192], [-78.651329, 35.955264], [-78.65416, 35.956232], [-78.655421, 35.95438], [-78.65674, 35.953889], [-78.658128, 35.951314], [-78.657467, 35.949977], [-78.659109, 35.949071], [-78.658076, 35.94851], [-78.658225, 35.946967], [-78.6568, 35.946236], [-78.657138, 35.944209], [-78.659884, 35.943828], [-78.662384, 35.945601], [-78.669497, 35.945359], [-78.6731, 35.943851], [-78.674471, 35.943921], [-78.676795, 35.946503], [-78.676987, 35.948955], [-78.675783, 35.950125], [-78.675571, 35.951345], [-78.678619, 35.95811], [-78.678611, 35.960007], [-78.680109, 35.962074], [-78.683829, 35.971893], [-78.687108, 35.9739], [-78.693554, 35.977041], [-78.702464, 35.980298], [-78.704751, 35.97669], [-78.706993, 35.975038], [-78.710791, 35.973274], [-78.711579, 35.974444]]]}, "properties": {"id": "37183053804", "name": "Census Tract 538.04", "median_ratio": 0.9292, "relative_to_county": -2.3, "sales": 62, "enough_sales": true}}, {"type": "Feature", "geometry": {"type": "Polygon", "coordinates": [[[-78.515625, 35.788814], [-78.515352, 35.79546], [-78.515082, 35.795474], [-78.508508, 35.796094], [-78.498947, 35.798332], [-78.496959, 35.798626], [-78.490163, 35.79821], [-78.487454, 35.798227], [-78.487695, 35.797048], [-78.486477, 35.794351], [-78.486138, 35.793257], [-78.482967, 35.789445], [-78.482313, 35.787896], [-78.480663, 35.785688], [-78.478831, 35.782223], [-78.4785, 35.781483], [-78.478393, 35.781011], [-78.477469, 35.776596], [-78.475855, 35.774869], [-78.475756, 35.77478], [-78.474437, 35.773707], [-78.47368, 35.773463], [-78.473611, 35.773445], [-78.474704, 35.770571], [-78.473455, 35.765826], [-78.473247, 35.764934], [-78.473268, 35.764411], [-78.472146, 35.762304], [-78.471553, 35.761393], [-78.469909, 35.761026], [-78.468418, 35.756621], [-78.467944, 35.753737], [-78.466353, 35.751134], [-78.465675, 35.748694], [-78.468752, 35.74919], [-78.474126, 35.751282], [-78.483514, 35.750979], [-78.487853, 35.751746], [-78.492114, 35.751628], [-78.495196, 35.752014], [-78.496029, 35.753535], [-78.497442, 35.760783], [-78.497862, 35.761789], [-78.500263, 35.767588], [-78.50417, 35.767598], [-78.506433, 35.767572], [-78.506415, 35.769985], [-78.507015, 35.772663], [-78.50714, 35.773286], [-78.512281, 35.781571], [-78.512638, 35.782131], [-78.514963, 35.785882], [-78.51547, 35.787371], [-78.515625, 35.788814]]]}, "properties": {"id": "37183054115", "name": "Census Tract 541.15", "median_ratio": 0.9649, "relative_to_county": 1.5, "sales": 81, "enough_sales": true}}, {"type": "Feature", "geometry": {"type": "Polygon", "coordinates": [[[-78.817417, 35.875335], [-78.815777, 35.882039], [-78.813918, 35.881893], [-78.8115, 35.88182], [-78.810008, 35.881844], [-78.80868, 35.881874], [-78.80708, 35.882049], [-78.809126, 35.878552], [-78.805554, 35.879981], [-78.801889, 35.880431], [-78.80048, 35.88179], [-78.801452, 35.883395], [-78.799864, 35.885907], [-78.800779, 35.886789], [-78.799456, 35.887734], [-78.793874, 35.889736], [-78.791058, 35.891973], [-78.791443, 35.894773], [-78.784254, 35.898604], [-78.77536, 35.903412], [-78.771124, 35.905214], [-78.76576, 35.901678], [-78.765245, 35.901329], [-78.767831, 35.897234], [-78.76743, 35.896199], [-78.767271, 35.896017], [-78.765282, 35.895278], [-78.763093, 35.897405], [-78.762653, 35.896123], [-78.759718, 35.895208], [-78.75945, 35.891893], [-78.763817, 35.892084], [-78.763904, 35.88388], [-78.769827, 35.884105], [-78.769136, 35.882215], [-78.770634, 35.881285], [-78.771274, 35.868998], [-78.765511, 35.864387], [-78.76824, 35.861465], [-78.774002, 35.861737], [-78.774082, 35.858625], [-78.776631, 35.858855], [-78.778011, 35.857563], [-78.779792, 35.857176], [-78.785944, 35.856976], [-78.7856, 35.852564], [-78.77724, 35.852217], [-78.777577, 35.845369], [-78.777745, 35.844741], [-78.78173, 35.840403], [-78.783892, 35.841582], [-78.793132, 35.846697], [-78.809324, 35.857748], [-78.809901, 35.858145], [-78.814597, 35.861363], [-78.812381, 35.86248], [-78.814129, 35.866115], [-78.814489, 35.86679], [-78.814624, 35.867089], [-78.815076, 35.868201], [-78.815628, 35.870877], [-78.815768, 35.871629], [-78.815993, 35.872808], [-78.817417, 35.875335]]]}, "properties": {"id": "37183980100", "name": "Census Tract 9801", "median_ratio": null, "relative_to_county": null, "sales": 0, "enough_sales": false}}, {"type": "Feature", "geometry": {"type": "Polygon", "coordinates": [[[-78.671652, 35.838136], [-78.668929, 35.839497], [-78.66637, 35.838215], [-78.664007, 35.838149], [-78.662246, 35.837331], [-78.661828, 35.836958], [-78.65993, 35.834853], [-78.655292, 35.831861], [-78.65521, 35.828321], [-78.651151, 35.827859], [-78.649182, 35.825944], [-78.646475, 35.823714], [-78.641383, 35.822053], [-78.637726, 35.821586], [-78.637846, 35.823647], [-78.635944, 35.824297], [-78.634128, 35.821155], [-78.633364, 35.819184], [-78.635776, 35.817048], [-78.636662, 35.815188], [-78.639501, 35.812477], [-78.640453, 35.8107], [-78.642496, 35.809224], [-78.643301, 35.808952], [-78.643724, 35.807521], [-78.646174, 35.804545], [-78.652424, 35.814631], [-78.653842, 35.815614], [-78.655016, 35.815893], [-78.659764, 35.816353], [-78.660805, 35.816652], [-78.662313, 35.817533], [-78.662769, 35.817975], [-78.663198, 35.818598], [-78.663558, 35.819326], [-78.664353, 35.821308], [-78.66565, 35.824448], [-78.667801, 35.83334], [-78.669461, 35.835283], [-78.673861, 35.837988], [-78.671652, 35.838136]]]}, "properties": {"id": "37183051700", "name": "Census Tract 517", "median_ratio": 0.9293, "relative_to_county": -2.2, "sales": 50, "enough_sales": true}}, {"type": "Feature", "geometry": {"type": "Polygon", "coordinates": [[[-78.454112, 35.804794], [-78.452591, 35.806659], [-78.452506, 35.806824], [-78.445393, 35.804331], [-78.44177, 35.804185], [-78.43805, 35.804448], [-78.427888, 35.804226], [-78.423757, 35.806457], [-78.422508, 35.807014], [-78.399611, 35.816763], [-78.388606, 35.821449], [-78.386202, 35.822324], [-78.382262, 35.823441], [-78.36766, 35.826279], [-78.362907, 35.827468], [-78.354817, 35.830762], [-78.35468, 35.830538], [-78.351605, 35.82655], [-78.351735, 35.821944], [-78.351292, 35.820245], [-78.352498, 35.818498], [-78.351115, 35.814692], [-78.350676, 35.81473], [-78.34976, 35.815533], [-78.346887, 35.815737], [-78.346769, 35.814493], [-78.346145, 35.81281], [-78.346902, 35.811962], [-78.34508, 35.810156], [-78.346919, 35.809113], [-78.346473, 35.808036], [-78.347214, 35.805844], [-78.347125, 35.803362], [-78.344387, 35.80255], [-78.343713, 35.800875], [-78.342073, 35.800812], [-78.34142, 35.800617], [-78.340218, 35.798693], [-78.340132, 35.798305], [-78.340172, 35.797569], [-78.33995, 35.797108], [-78.339248, 35.796465], [-78.339039, 35.796103], [-78.338836, 35.795334], [-78.338843, 35.794944], [-78.338737, 35.794753], [-78.347013, 35.785612], [-78.34989, 35.783555], [-78.353085, 35.782624], [-78.357878, 35.782082], [-78.359671, 35.781877], [-78.362215, 35.781635], [-78.366326, 35.781847], [-78.374239, 35.782388], [-78.377135, 35.782622], [-78.382534, 35.785028], [-78.387038, 35.787212], [-78.38966, 35.787815], [-78.39865, 35.787086], [-78.399659, 35.787197], [-78.408084, 35.791504], [-78.410972, 35.792989], [-78.417528, 35.794131], [-78.421364, 35.794701], [-78.424556, 35.795177], [-78.425804, 35.795466], [-78.430192, 35.796795], [-78.431158, 35.796923], [-78.433877, 35.796266], [-78.435211, 35.794956], [-78.436279, 35.791718], [-78.438812, 35.788744], [-78.440413, 35.790884], [-78.443386, 35.791516], [-78.444295, 35.794564], [-78.445948, 35.795619], [-78.447159, 35.798018], [-78.447599, 35.798041], [-78.447768, 35.798233], [-78.44791, 35.799074], [-78.448442, 35.799167], [-78.4494, 35.79976], [-78.449548, 35.800183], [-78.449878, 35.800491], [-78.449763, 35.801084], [-78.449876, 35.801419], [-78.453682, 35.804561], [-78.454112, 35.804794]]]}, "properties": {"id": "37183054404", "name": "Census Tract 544.04", "median_ratio": 0.9973, "relative_to_county": 4.9, "sales": 166, "enough_sales": true}}, {"type": "Feature", "geometry": {"type": "Polygon", "coordinates": [[[-78.535624, 35.871632], [-78.532508, 35.87603], [-78.529951, 35.877642], [-78.527985, 35.879736], [-78.526102, 35.882404], [-78.528071, 35.88426], [-78.525964, 35.886108], [-78.524604, 35.885103], [-78.517293, 35.885056], [-78.515213, 35.884511], [-78.513503, 35.884068], [-78.512022, 35.883685], [-78.510323, 35.883246], [-78.51012, 35.883194], [-78.505195, 35.881811], [-78.502365, 35.881037], [-78.502388, 35.880049], [-78.501909, 35.878045], [-78.501622, 35.877147], [-78.500355, 35.87288], [-78.503975, 35.872053], [-78.504633, 35.87202], [-78.506526, 35.87157], [-78.507379, 35.870958], [-78.508247, 35.869363], [-78.509338, 35.868309], [-78.511278, 35.86658], [-78.512355, 35.864865], [-78.513931, 35.865043], [-78.514518, 35.864847], [-78.513946, 35.863212], [-78.5137, 35.86154], [-78.513675, 35.861411], [-78.513556, 35.86101], [-78.513337, 35.860408], [-78.512978, 35.859681], [-78.51259, 35.858408], [-78.51281, 35.856172], [-78.512904, 35.854794], [-78.511445, 35.849685], [-78.511421, 35.849318], [-78.511414, 35.84884], [-78.511438, 35.848472], [-78.512582, 35.845668], [-78.513965, 35.844612], [-78.521021, 35.846238], [-78.5243, 35.846917], [-78.529972, 35.84818], [-78.529833, 35.848716], [-78.530175, 35.852353], [-78.530362, 35.852909], [-78.529351, 35.854673], [-78.528844, 35.85696], [-78.528586, 35.857375], [-78.527286, 35.859885], [-78.527009, 35.864128], [-78.527524, 35.864841], [-78.532053, 35.866751], [-78.533927, 35.868246], [-78.535574, 35.870595], [-78.535624, 35.871632]]]}, "properties": {"id": "37183054121", "name": "Census Tract 541.21", "median_ratio": 0.9772, "relative_to_county": 2.8, "sales": 113, "enough_sales": true}}, {"type": "Feature", "geometry": {"type": "Polygon", "coordinates": [[[-78.6763, 35.802848], [-78.674678, 35.804338], [-78.673764, 35.808379], [-78.673611, 35.810705], [-78.670356, 35.813872], [-78.669102, 35.815959], [-78.667545, 35.815917], [-78.664917, 35.816139], [-78.66502, 35.815715], [-78.661173, 35.816273], [-78.660805, 35.816652], [-78.659764, 35.816353], [-78.655016, 35.815893], [-78.653842, 35.815614], [-78.652424, 35.814631], [-78.646174, 35.804545], [-78.645955, 35.804079], [-78.646179, 35.799558], [-78.646307, 35.797885], [-78.647555, 35.797722], [-78.652878, 35.795729], [-78.655438, 35.796367], [-78.658531, 35.799256], [-78.660208, 35.799844], [-78.6599, 35.800508], [-78.65915, 35.801459], [-78.659786, 35.802669], [-78.665456, 35.802688], [-78.666772, 35.80269], [-78.673832, 35.802724], [-78.676121, 35.802225], [-78.6763, 35.802848]]]}, "properties": {"id": "37183051600", "name": "Census Tract 516", "median_ratio": 0.9523, "relative_to_county": 0.2, "sales": 76, "enough_sales": true}}, {"type": "Feature", "geometry": {"type": "Polygon", "coordinates": [[[-78.877112, 35.752835], [-78.876963, 35.754132], [-78.875656, 35.761016], [-78.874735, 35.76078], [-78.872305, 35.758937], [-78.869705, 35.758378], [-78.868796, 35.758211], [-78.862545, 35.757205], [-78.861311, 35.757148], [-78.860279, 35.757258], [-78.856209, 35.756998], [-78.854314, 35.756608], [-78.85298, 35.756218], [-78.852074, 35.755846], [-78.851179, 35.755111], [-78.850095, 35.754097], [-78.849136, 35.753153], [-78.849743, 35.752666], [-78.851022, 35.750237], [-78.851232, 35.749662], [-78.851449, 35.749066], [-78.851854, 35.74764], [-78.851751, 35.746967], [-78.851723, 35.746875], [-78.850889, 35.745022], [-78.850328, 35.743777], [-78.849862, 35.742735], [-78.849595, 35.742156], [-78.849244, 35.741393], [-78.849186, 35.741266], [-78.84912, 35.741103], [-78.851199, 35.740681], [-78.857458, 35.740552], [-78.865246, 35.738535], [-78.870344, 35.743369], [-78.874759, 35.747373], [-78.876339, 35.749421], [-78.877012, 35.751494], [-78.877112, 35.752835]]]}, "properties": {"id": "37183053430", "name": "Census Tract 534.30", "median_ratio": 0.9383, "relative_to_county": -1.3, "sales": 23, "enough_sales": true}}, {"type": "Feature", "geometry": {"type": "Polygon", "coordinates": [[[-78.625825, 35.881201], [-78.624122, 35.881689], [-78.621891, 35.885776], [-78.619598, 35.887154], [-78.614548, 35.886838], [-78.611419, 35.884816], [-78.610187, 35.884885], [-78.607659, 35.888895], [-78.60493, 35.889333], [-78.604362, 35.887114], [-78.600763, 35.886049], [-78.60058, 35.886017], [-78.600581, 35.885067], [-78.600545, 35.884735], [-78.599431, 35.883206], [-78.597827, 35.881963], [-78.597208, 35.877079], [-78.596318, 35.875081], [-78.596144, 35.873868], [-78.596902, 35.871367], [-78.598215, 35.864867], [-78.598404, 35.863385], [-78.602795, 35.863357], [-78.60445, 35.864396], [-78.611134, 35.868316], [-78.612758, 35.869237], [-78.61566, 35.869497], [-78.620824, 35.86816], [-78.62228, 35.872921], [-78.623241, 35.875279], [-78.625097, 35.879552], [-78.625825, 35.881201]]]}, "properties": {"id": "37183054012", "name": "Census Tract 540.12", "median_ratio": 0.9528, "relative_to_county": 0.2, "sales": 40, "enough_sales": true}}, {"type": "Feature", "geometry": {"type": "Polygon", "coordinates": [[[-78.727403, 35.873849], [-78.72704, 35.878261], [-78.727728, 35.881672], [-78.727561, 35.882423], [-78.726815, 35.883961], [-78.726752, 35.884245], [-78.727018, 35.885702], [-78.727436, 35.886939], [-78.72743, 35.888383], [-78.727396, 35.888947], [-78.727174, 35.892761], [-78.727188, 35.893385], [-78.72728, 35.89465], [-78.727153, 35.896371], [-78.727078, 35.898785], [-78.725854, 35.898149], [-78.724758, 35.89814], [-78.724617, 35.898181], [-78.723689, 35.897032], [-78.722248, 35.896172], [-78.721571, 35.895798], [-78.719091, 35.894397], [-78.716614, 35.893005], [-78.713644, 35.890581], [-78.713059, 35.890116], [-78.712218, 35.88942], [-78.711405, 35.88762], [-78.711107, 35.886816], [-78.710461, 35.885268], [-78.708794, 35.882171], [-78.708242, 35.881312], [-78.7069, 35.879349], [-78.703907, 35.877283], [-78.701891, 35.875064], [-78.700932, 35.871982], [-78.706401, 35.872971], [-78.707509, 35.873161], [-78.714781, 35.873254], [-78.716031, 35.872992], [-78.718565, 35.872237], [-78.723525, 35.87076], [-78.723749, 35.870757], [-78.727744, 35.873473], [-78.727403, 35.873849]]]}, "properties": {"id": "37183053725", "name": "Census Tract 537.25", "median_ratio": 0.9117, "relative_to_county": -4.1, "sales": 53, "enough_sales": true}}, {"type": "Feature", "geometry": {"type": "Polygon", "coordinates": [[[-78.574853, 35.694702], [-78.566541, 35.693016], [-78.562254, 35.691698], [-78.536591, 35.683254], [-78.534785, 35.682586], [-78.531926, 35.681333], [-78.529008, 35.680002], [-78.521352, 35.676516], [-78.512858, 35.672629], [-78.511454, 35.67197], [-78.511568, 35.671883], [-78.516469, 35.668101], [-78.516786, 35.667856], [-78.518556, 35.666486], [-78.518639, 35.666422], [-78.531166, 35.656637], [-78.540033, 35.649734], [-78.561576, 35.632942], [-78.566366, 35.629211], [-78.563584, 35.665679], [-78.56316, 35.672743], [-78.563721, 35.675754], [-78.565007, 35.678774], [-78.569421, 35.685142], [-78.574542, 35.694245], [-78.574853, 35.694702]]]}, "properties": {"id": "37183052809", "name": "Census Tract 528.09", "median_ratio": 0.9371, "relative_to_county": -1.4, "sales": 15, "enough_sales": true}}, {"type": "Feature", "geometry": {"type": "Polygon", "coordinates": [[[-78.848464, 35.6576], [-78.840105, 35.655059], [-78.834271, 35.654863], [-78.82297, 35.654844], [-78.822744, 35.652829], [-78.818553, 35.648079], [-78.81561, 35.646502], [-78.821811, 35.641582], [-78.821819, 35.640731], [-78.825017, 35.640743], [-78.825067, 35.637183], [-78.827866, 35.636861], [-78.829406, 35.635514], [-78.831955, 35.638669], [-78.833034, 35.639375], [-78.83328, 35.639493], [-78.835861, 35.640625], [-78.838884, 35.642761], [-78.844357, 35.646849], [-78.846117, 35.64909], [-78.846319, 35.649408], [-78.846764, 35.650228], [-78.847088, 35.651209], [-78.848348, 35.655822], [-78.848464, 35.6576]]]}, "properties": {"id": "37183053204", "name": "Census Tract 532.04", "median_ratio": 0.9562, "relative_to_county": 0.6, "sales": 45, "enough_sales": true}}, {"type": "Feature", "geometry": {"type": "Polygon", "coordinates": [[[-78.808775, 35.681266], [-78.807327, 35.683829], [-78.807144, 35.684289], [-78.806957, 35.684969], [-78.805046, 35.692034], [-78.8056, 35.694624], [-78.805091, 35.695913], [-78.804003, 35.696728], [-78.802783, 35.697947], [-78.802478, 35.69877], [-78.802323, 35.69994], [-78.803294, 35.702772], [-78.803574, 35.703048], [-78.80447, 35.70349], [-78.804532, 35.706616], [-78.801456, 35.705936], [-78.798358, 35.704312], [-78.794749, 35.703379], [-78.794343, 35.703273], [-78.789874, 35.702711], [-78.782655, 35.700749], [-78.780013, 35.699428], [-78.776182, 35.697823], [-78.772247, 35.69522], [-78.772343, 35.695113], [-78.773066, 35.694453], [-78.775543, 35.692532], [-78.777194, 35.691445], [-78.779397, 35.689886], [-78.780212, 35.689311], [-78.782308, 35.687965], [-78.782595, 35.687731], [-78.786772, 35.683125], [-78.79037, 35.680584], [-78.792149, 35.678157], [-78.792584, 35.677324], [-78.792894, 35.676644], [-78.794034, 35.673716], [-78.794735, 35.672435], [-78.798542, 35.667224], [-78.801933, 35.671173], [-78.802969, 35.672597], [-78.804639, 35.675154], [-78.804951, 35.675612], [-78.805041, 35.675762], [-78.805213, 35.676077], [-78.805586, 35.676937], [-78.806939, 35.679039], [-78.80903, 35.679645], [-78.808775, 35.681266]]]}, "properties": {"id": "37183053421", "name": "Census Tract 534.21", "median_ratio": 0.9514, "relative_to_county": 0.1, "sales": 64, "enough_sales": true}}, {"type": "Feature", "geometry": {"type": "Polygon", "coordinates": [[[-78.55958, 35.8932], [-78.559147, 35.894154], [-78.558033, 35.903134], [-78.557505, 35.905064], [-78.554708, 35.908898], [-78.554537, 35.90878], [-78.552927, 35.908328], [-78.550712, 35.90823], [-78.547344, 35.90628], [-78.545906, 35.905869], [-78.543637, 35.905455], [-78.543028, 35.905453], [-78.542307, 35.905675], [-78.541138, 35.906572], [-78.540221, 35.908767], [-78.53896, 35.909083], [-78.538458, 35.907905], [-78.53836, 35.907741], [-78.538356, 35.907624], [-78.535225, 35.904127], [-78.535485, 35.902611], [-78.535657, 35.901566], [-78.535447, 35.899812], [-78.535423, 35.89962], [-78.535202, 35.899028], [-78.534801, 35.898259], [-78.534566, 35.897954], [-78.534212, 35.897307], [-78.533635, 35.895726], [-78.533182, 35.893473], [-78.533184, 35.893271], [-78.533249, 35.893003], [-78.533312, 35.89285], [-78.533327, 35.892724], [-78.533465, 35.892323], [-78.533733, 35.891337], [-78.534163, 35.890086], [-78.538032, 35.887993], [-78.539423, 35.886872], [-78.541453, 35.883784], [-78.540287, 35.880926], [-78.537634, 35.880105], [-78.534808, 35.880365], [-78.533749, 35.881623], [-78.53335, 35.883604], [-78.532623, 35.884773], [-78.532006, 35.885244], [-78.530047, 35.885887], [-78.529241, 35.885526], [-78.528071, 35.88426], [-78.528121, 35.884216], [-78.532852, 35.8801], [-78.540398, 35.876036], [-78.542069, 35.877069], [-78.542756, 35.877477], [-78.546991, 35.879419], [-78.547699, 35.879941], [-78.548754, 35.880901], [-78.549296, 35.881531], [-78.549565, 35.881885], [-78.55002, 35.88233], [-78.550354, 35.882603], [-78.552723, 35.884701], [-78.556439, 35.889683], [-78.557324, 35.891069], [-78.557651, 35.891435], [-78.559399, 35.893109], [-78.55958, 35.8932]]]}, "properties": {"id": "37183054023", "name": "Census Tract 540.23", "median_ratio": 0.9913, "relative_to_county": 4.3, "sales": 86, "enough_sales": true}}, {"type": "Feature", "geometry": {"type": "Polygon", "coordinates": [[[-78.898237, 35.686305], [-78.896758, 35.689925], [-78.894508, 35.692922], [-78.894025, 35.694517], [-78.894553, 35.696909], [-78.895734, 35.698006], [-78.896437, 35.699602], [-78.888964, 35.701696], [-78.887938, 35.702094], [-78.88759, 35.702262], [-78.886361, 35.702981], [-78.886184, 35.703107], [-78.883897, 35.705212], [-78.883751, 35.705355], [-78.883496, 35.705604], [-78.882324, 35.706753], [-78.880211, 35.708826], [-78.876653, 35.712348], [-78.875737, 35.713638], [-78.87345, 35.717957], [-78.869798, 35.720507], [-78.868516, 35.720947], [-78.866901, 35.721286], [-78.861338, 35.721467], [-78.858895, 35.721906], [-78.856234, 35.723098], [-78.854507, 35.724514], [-78.852943, 35.726765], [-78.848649, 35.725251], [-78.846139, 35.723768], [-78.842829, 35.718999], [-78.840303, 35.71422], [-78.843907, 35.711016], [-78.855545, 35.705067], [-78.874428, 35.695702], [-78.881004, 35.692445], [-78.885973, 35.689977], [-78.89118, 35.687395], [-78.900406, 35.68281], [-78.898237, 35.686305]]]}, "properties": {"id": "37183053417", "name": "Census Tract 534.17", "median_ratio": 0.9482, "relative_to_county": -0.3, "sales": 41, "enough_sales": true}}, {"type": "Feature", "geometry": {"type": "Polygon", "coordinates": [[[-78.823738, 35.881994], [-78.823655, 35.882196], [-78.822785, 35.884298], [-78.82275, 35.88438], [-78.822001, 35.886185], [-78.82193, 35.88851], [-78.820876, 35.888901], [-78.820261, 35.890383], [-78.819393, 35.89257], [-78.818663, 35.894243], [-78.817592, 35.89684], [-78.814165, 35.905077], [-78.813568, 35.905337], [-78.810634, 35.902619], [-78.8083, 35.902015], [-78.80131, 35.902696], [-78.797155, 35.901049], [-78.792002, 35.901145], [-78.790546, 35.901923], [-78.787678, 35.89991], [-78.784254, 35.898604], [-78.791443, 35.894773], [-78.791058, 35.891973], [-78.793874, 35.889736], [-78.799456, 35.887734], [-78.800779, 35.886789], [-78.799864, 35.885907], [-78.801452, 35.883395], [-78.80048, 35.88179], [-78.801889, 35.880431], [-78.805554, 35.879981], [-78.809126, 35.878552], [-78.80708, 35.882049], [-78.80868, 35.881874], [-78.810008, 35.881844], [-78.8115, 35.88182], [-78.813918, 35.881893], [-78.815777, 35.882039], [-78.815682, 35.884214], [-78.816177, 35.884776], [-78.8186, 35.887088], [-78.821025, 35.884207], [-78.824485, 35.880198], [-78.823738, 35.881994]]]}, "properties": {"id": "37183053615", "name": "Census Tract 536.15", "median_ratio": 0.984, "relative_to_county": 3.5, "sales": 15, "enough_sales": true}}, {"type": "Feature", "geometry": {"type": "Polygon", "coordinates": [[[-78.814128, 35.906258], [-78.813579, 35.906487], [-78.813177, 35.907455], [-78.812871, 35.908194], [-78.810559, 35.913765], [-78.80945, 35.916435], [-78.808364, 35.919064], [-78.805772, 35.918799], [-78.805042, 35.918774], [-78.800293, 35.918658], [-78.801481, 35.916775], [-78.800541, 35.916226], [-78.798738, 35.914144], [-78.795283, 35.908223], [-78.794748, 35.907075], [-78.795351, 35.903698], [-78.792314, 35.903178], [-78.790546, 35.901923], [-78.792002, 35.901145], [-78.797155, 35.901049], [-78.80131, 35.902696], [-78.8083, 35.902015], [-78.810634, 35.902619], [-78.813568, 35.905337], [-78.813968, 35.90601], [-78.814128, 35.906258]]]}, "properties": {"id": "37183053614", "name": "Census Tract 536.14", "median_ratio": 0.9686, "relative_to_county": 1.9, "sales": 49, "enough_sales": true}}, {"type": "Feature", "geometry": {"type": "Polygon", "coordinates": [[[-78.6947, 35.752138], [-78.694478, 35.753766], [-78.693016, 35.756305], [-78.692389, 35.757316], [-78.690945, 35.760003], [-78.690835, 35.765628], [-78.690736, 35.766835], [-78.690888, 35.768209], [-78.690971, 35.768395], [-78.691313, 35.769097], [-78.689478, 35.770002], [-78.685248, 35.772216], [-78.683208, 35.773355], [-78.680879, 35.775512], [-78.678978, 35.776662], [-78.675529, 35.780726], [-78.670325, 35.779271], [-78.667266, 35.779033], [-78.665004, 35.778714], [-78.659494, 35.775656], [-78.65604, 35.774195], [-78.655503, 35.773129], [-78.651766, 35.770837], [-78.648214, 35.77021], [-78.648319, 35.7698], [-78.648421, 35.769421], [-78.659248, 35.762148], [-78.663335, 35.759349], [-78.664052, 35.758743], [-78.665156, 35.757469], [-78.665332, 35.757175], [-78.667761, 35.757069], [-78.682327, 35.754215], [-78.694735, 35.75185], [-78.6947, 35.752138]]]}, "properties": {"id": "37183052305", "name": "Census Tract 523.05", "median_ratio": null, "relative_to_county": null, "sales": 8, "enough_sales": false}}, {"type": "Feature", "geometry": {"type": "Polygon", "coordinates": [[[-78.946811, 35.741805], [-78.943946, 35.749964], [-78.940139, 35.760848], [-78.936271, 35.771898], [-78.935492, 35.771347], [-78.933378, 35.771357], [-78.931747, 35.771577], [-78.929376, 35.77188], [-78.928113, 35.772327], [-78.927605, 35.772551], [-78.926964, 35.772752], [-78.926361, 35.77289], [-78.925274, 35.773128], [-78.92175, 35.774301], [-78.919229, 35.775151], [-78.913516, 35.776882], [-78.913046, 35.776995], [-78.910942, 35.777399], [-78.908713, 35.777799], [-78.907392, 35.778009], [-78.906395, 35.778127], [-78.904521, 35.77834], [-78.902776, 35.778858], [-78.900129, 35.780957], [-78.898224, 35.781216], [-78.892591, 35.781226], [-78.891283, 35.781375], [-78.889919, 35.78179], [-78.886142, 35.783295], [-78.879305, 35.785233], [-78.876567, 35.786421], [-78.873956, 35.78725], [-78.87089, 35.787758], [-78.8722, 35.779454], [-78.873429, 35.772859], [-78.875656, 35.761016], [-78.882031, 35.760342], [-78.882937, 35.760107], [-78.885842, 35.758368], [-78.887001, 35.757657], [-78.889576, 35.755812], [-78.890309, 35.755485], [-78.891565, 35.755095], [-78.893133, 35.754915], [-78.893789, 35.754912], [-78.896099, 35.755169], [-78.894451, 35.753019], [-78.894591, 35.746852], [-78.90294, 35.746008], [-78.904798, 35.745626], [-78.912266, 35.744869], [-78.914714, 35.744823], [-78.920623, 35.744233], [-78.923547, 35.74393], [-78.946923, 35.741562], [-78.946811, 35.741805]]]}, "properties": {"id": "37183053426", "name": "Census Tract 534.26", "median_ratio": 0.9526, "relative_to_county": 0.2, "sales": 112, "enough_sales": true}}, {"type": "Feature", "geometry": {"type": "Polygon", "coordinates": [[[-78.930521, 35.668853], [-78.92229, 35.672135], [-78.900406, 35.68281], [-78.89118, 35.687395], [-78.891573, 35.686875], [-78.89158, 35.686366], [-78.888602, 35.686041], [-78.887499, 35.685222], [-78.886484, 35.682564], [-78.885457, 35.681547], [-78.883889, 35.681215], [-78.882033, 35.680478], [-78.879631, 35.680396], [-78.875043, 35.677257], [-78.875016, 35.677251], [-78.86781, 35.678594], [-78.865282, 35.680376], [-78.86408, 35.679125], [-78.863388, 35.676505], [-78.863668, 35.673432], [-78.860956, 35.670153], [-78.860901, 35.670099], [-78.853651, 35.66513], [-78.853427, 35.660574], [-78.848464, 35.6576], [-78.848348, 35.655822], [-78.847088, 35.651209], [-78.846764, 35.650228], [-78.846319, 35.649408], [-78.846117, 35.64909], [-78.844357, 35.646849], [-78.838884, 35.642761], [-78.841431, 35.640908], [-78.842576, 35.639918], [-78.843031, 35.639502], [-78.843384, 35.639171], [-78.844671, 35.637944], [-78.846673, 35.635201], [-78.851713, 35.632182], [-78.851904, 35.631228], [-78.852116, 35.62945], [-78.852382, 35.627886], [-78.852795, 35.627178], [-78.854019, 35.625388], [-78.856621, 35.621292], [-78.857277, 35.619697], [-78.857783, 35.618333], [-78.857981, 35.617989], [-78.858492, 35.617657], [-78.860324, 35.617278], [-78.860909, 35.616932], [-78.862943, 35.615527], [-78.858931, 35.6133], [-78.866419, 35.607401], [-78.870255, 35.604871], [-78.869875, 35.606006], [-78.870124, 35.607623], [-78.87653, 35.612138], [-78.878428, 35.612524], [-78.881032, 35.612805], [-78.882975, 35.613035], [-78.88343, 35.613057], [-78.884181, 35.612921], [-78.885593, 35.612248], [-78.887286, 35.611994], [-78.887535, 35.611972], [-78.889228, 35.611775], [-78.891977, 35.611136], [-78.893603, 35.612542], [-78.897987, 35.61369], [-78.902269, 35.612186], [-78.904841, 35.613056], [-78.908606, 35.614788], [-78.90996, 35.616248], [-78.910612, 35.618048], [-78.915426, 35.624041], [-78.91761, 35.627256], [-78.917669, 35.629395], [-78.917012, 35.63254], [-78.91791, 35.636179], [-78.918271, 35.63917], [-78.919628, 35.641449], [-78.922464, 35.643157], [-78.923251, 35.644793], [-78.923603, 35.64724], [-78.925106, 35.650551], [-78.92629, 35.657099], [-78.92821, 35.661528], [-78.928274, 35.661966], [-78.928359, 35.663133], [-78.928386, 35.663274], [-78.929691, 35.665975], [-78.930521, 35.668853]]]}, "properties": {"id": "37183053208", "name": "Census Tract 532.08", "median_ratio": 0.9463, "relative_to_county": -0.5, "sales": 272, "enough_sales": true}}, {"type": "Feature", "geometry": {"type": "Polygon", "coordinates": [[[-78.821643, 35.761911], [-78.811837, 35.764857], [-78.809647, 35.765872], [-78.807816, 35.767465], [-78.805621, 35.771145], [-78.802851, 35.776299], [-78.800779, 35.775522], [-78.797452, 35.772239], [-78.796809, 35.771865], [-78.795215, 35.771701], [-78.795334, 35.769908], [-78.79544, 35.769472], [-78.795758, 35.768221], [-78.799039, 35.767629], [-78.79908, 35.765486], [-78.798109, 35.763448], [-78.798649, 35.760937], [-78.798999, 35.76057], [-78.797429, 35.759608], [-78.797443, 35.75735], [-78.795989, 35.755825], [-78.801964, 35.754968], [-78.808488, 35.754963], [-78.814486, 35.756159], [-78.816208, 35.757214], [-78.820946, 35.760805], [-78.821643, 35.761911]]]}, "properties": {"id": "37183053518", "name": "Census Tract 535.18", "median_ratio": 0.9494, "relative_to_county": -0.1, "sales": 46, "enough_sales": true}}, {"type": "Feature", "geometry": {"type": "Polygon", "coordinates": [[[-78.694735, 35.75185], [-78.682327, 35.754215], [-78.667761, 35.757069], [-78.665332, 35.757175], [-78.666719, 35.753748], [-78.667576, 35.752797], [-78.670059, 35.750309], [-78.675112, 35.747008], [-78.678582, 35.748444], [-78.679289, 35.750994], [-78.6836, 35.750982], [-78.685355, 35.750122], [-78.686583, 35.750025], [-78.68907, 35.749546], [-78.691954, 35.750443], [-78.69491, 35.750295], [-78.694735, 35.75185]]]}, "properties": {"id": "37183052304", "name": "Census Tract 523.04", "median_ratio": null, "relative_to_county": null, "sales": 12, "enough_sales": false}}, {"type": "Feature", "geometry": {"type": "Polygon", "coordinates": [[[-78.613488, 35.762878], [-78.610657, 35.763769], [-78.60844, 35.762996], [-78.602354, 35.762476], [-78.600075, 35.760254], [-78.598886, 35.760084], [-78.598242, 35.758955], [-78.598234, 35.758731], [-78.597963, 35.758296], [-78.596497, 35.75702], [-78.591772, 35.757148], [-78.589951, 35.758821], [-78.585707, 35.760503], [-78.58294, 35.75837], [-78.582774, 35.756896], [-78.582473, 35.755395], [-78.582625, 35.754142], [-78.582762, 35.753868], [-78.58538, 35.75144], [-78.585763, 35.750281], [-78.585912, 35.749656], [-78.586221, 35.747848], [-78.586073, 35.746357], [-78.588628, 35.747293], [-78.589842, 35.747588], [-78.593463, 35.747531], [-78.593863, 35.747517], [-78.597234, 35.747393], [-78.600678, 35.747259], [-78.602724, 35.74721], [-78.606644, 35.748289], [-78.607135, 35.744521], [-78.607032, 35.739267], [-78.606932, 35.737167], [-78.606902, 35.735702], [-78.606962, 35.735739], [-78.610108, 35.738051], [-78.612328, 35.739727], [-78.612849, 35.740265], [-78.612929, 35.74038], [-78.614028, 35.743867], [-78.613557, 35.747108], [-78.611717, 35.750691], [-78.612564, 35.751753], [-78.612481, 35.754453], [-78.612364, 35.756328], [-78.612828, 35.757906], [-78.614113, 35.762096], [-78.613488, 35.762878]]]}, "properties": {"id": "37183052102", "name": "Census Tract 521.02", "median_ratio": 0.9628, "relative_to_county": 1.3, "sales": 42, "enough_sales": true}}, {"type": "Feature", "geometry": {"type": "Polygon", "coordinates": [[[-78.539728, 35.773258], [-78.53933, 35.775203], [-78.537262, 35.778936], [-78.537191, 35.782643], [-78.536988, 35.783245], [-78.536473, 35.785784], [-78.536379, 35.785966], [-78.535297, 35.789037], [-78.536222, 35.791006], [-78.536649, 35.791653], [-78.539063, 35.793374], [-78.538704, 35.793564], [-78.534864, 35.795568], [-78.534386, 35.795739], [-78.529739, 35.796358], [-78.523167, 35.795275], [-78.521169, 35.795144], [-78.515352, 35.79546], [-78.515625, 35.788814], [-78.51547, 35.787371], [-78.514963, 35.785882], [-78.512638, 35.782131], [-78.512281, 35.781571], [-78.50714, 35.773286], [-78.507015, 35.772663], [-78.506415, 35.769985], [-78.506433, 35.767572], [-78.50417, 35.767598], [-78.500263, 35.767588], [-78.497862, 35.761789], [-78.497442, 35.760783], [-78.496029, 35.753535], [-78.495196, 35.752014], [-78.504002, 35.753572], [-78.50738, 35.754036], [-78.513569, 35.754929], [-78.516912, 35.754343], [-78.520758, 35.754393], [-78.530829, 35.754579], [-78.531972, 35.754551], [-78.532797, 35.757286], [-78.535489, 35.760226], [-78.537975, 35.760551], [-78.5384, 35.760876], [-78.539238, 35.762133], [-78.539656, 35.766416], [-78.538754, 35.769432], [-78.539048, 35.771303], [-78.539691, 35.772998], [-78.539728, 35.773258]]]}, "properties": {"id": "37183054114", "name": "Census Tract 541.14", "median_ratio": 0.9671, "relative_to_county": 1.7, "sales": 75, "enough_sales": true}}, {"type": "Feature", "geometry": {"type": "Polygon", "coordinates": [[[-78.584403, 35.722535], [-78.578299, 35.727378], [-78.577373, 35.729628], [-78.575009, 35.733574], [-78.574519, 35.734375], [-78.573127, 35.736425], [-78.569505, 35.738981], [-78.56962, 35.739772], [-78.569428, 35.740051], [-78.568633, 35.739447], [-78.567013, 35.737948], [-78.560147, 35.733003], [-78.559186, 35.73207], [-78.558798, 35.731694], [-78.558454, 35.731405], [-78.557857, 35.731035], [-78.556706, 35.730369], [-78.556143, 35.730031], [-78.553108, 35.727976], [-78.551217, 35.727338], [-78.550517, 35.726869], [-78.549934, 35.726388], [-78.548604, 35.72552], [-78.546654, 35.724308], [-78.545929, 35.72402], [-78.544581, 35.723733], [-78.544483, 35.723716], [-78.544275, 35.723681], [-78.542139, 35.723317], [-78.541945, 35.723284], [-78.535549, 35.722241], [-78.534073, 35.721711], [-78.53379, 35.721462], [-78.532598, 35.720983], [-78.530949, 35.720865], [-78.529588, 35.720807], [-78.519263, 35.71916], [-78.517961, 35.72326], [-78.513643, 35.726767], [-78.501853, 35.724443], [-78.495517, 35.725981], [-78.492532, 35.725968], [-78.488014, 35.723831], [-78.48535, 35.725578], [-78.480927, 35.725739], [-78.47809, 35.724352], [-78.476742, 35.723333], [-78.47714, 35.721667], [-78.47958, 35.72037], [-78.481938, 35.714521], [-78.483672, 35.711329], [-78.484532, 35.70651], [-78.48432, 35.705022], [-78.483661, 35.704343], [-78.477101, 35.702017], [-78.473735, 35.70152], [-78.480356, 35.696474], [-78.482873, 35.694237], [-78.507958, 35.674719], [-78.509793, 35.67328], [-78.510692, 35.672568], [-78.511454, 35.67197], [-78.512858, 35.672629], [-78.521352, 35.676516], [-78.529008, 35.680002], [-78.531926, 35.681333], [-78.534785, 35.682586], [-78.536591, 35.683254], [-78.562254, 35.691698], [-78.566541, 35.693016], [-78.574853, 35.694702], [-78.575262, 35.694783], [-78.580567, 35.700105], [-78.581105, 35.700796], [-78.583429, 35.70541], [-78.583876, 35.708076], [-78.584403, 35.722535]]]}, "properties": {"id": "37183052807", "name": "Census Tract 528.07", "median_ratio": 0.9584, "relative_to_county": 0.8, "sales": 192, "enough_sales": true}}, {"type": "Feature", "geometry": {"type": "Polygon", "coordinates": [[[-78.452571, 35.810634], [-78.451456, 35.816372], [-78.451939, 35.822038], [-78.451039, 35.830434], [-78.449773, 35.831907], [-78.447584, 35.834761], [-78.446604, 35.836956], [-78.447292, 35.842125], [-78.446917, 35.844049], [-78.446013, 35.848509], [-78.443901, 35.858552], [-78.443741, 35.864024], [-78.443908, 35.864573], [-78.44474, 35.865505], [-78.442198, 35.864263], [-78.438742, 35.863211], [-78.425607, 35.86075], [-78.412817, 35.855981], [-78.407619, 35.854751], [-78.40346, 35.85341], [-78.399495, 35.85223], [-78.394499, 35.851605], [-78.388701, 35.850267], [-78.3771, 35.844467], [-78.373118, 35.841427], [-78.366314, 35.836948], [-78.361093, 35.837131], [-78.360035, 35.837531], [-78.35751, 35.833864], [-78.356612, 35.831651], [-78.354817, 35.830762], [-78.362907, 35.827468], [-78.36766, 35.826279], [-78.382262, 35.823441], [-78.386202, 35.822324], [-78.388606, 35.821449], [-78.399611, 35.816763], [-78.422508, 35.807014], [-78.423757, 35.806457], [-78.427888, 35.804226], [-78.43805, 35.804448], [-78.44177, 35.804185], [-78.445393, 35.804331], [-78.452506, 35.806824], [-78.452571, 35.810634]]]}, "properties": {"id": "37183054403", "name": "Census Tract 544.03", "median_ratio": null, "relative_to_county": null, "sales": 12, "enough_sales": false}}, {"type": "Feature", "geometry": {"type": "Polygon", "coordinates": [[[-78.565559, 35.811541], [-78.563548, 35.81288], [-78.56145, 35.813828], [-78.560127, 35.814573], [-78.55776, 35.817127], [-78.557428, 35.817427], [-78.556339, 35.818363], [-78.556194, 35.818487], [-78.555956, 35.818693], [-78.555199, 35.820288], [-78.55061, 35.820674], [-78.550628, 35.820578], [-78.550788, 35.819868], [-78.550744, 35.819474], [-78.549189, 35.818119], [-78.549053, 35.817413], [-78.548615, 35.817434], [-78.547915, 35.816754], [-78.547621, 35.816167], [-78.547306, 35.815796], [-78.548009, 35.811183], [-78.54695, 35.811009], [-78.546675, 35.808475], [-78.543439, 35.807244], [-78.540226, 35.804777], [-78.53992, 35.803392], [-78.539423, 35.801926], [-78.538798, 35.80178], [-78.538443, 35.801696], [-78.538461, 35.801474], [-78.538908, 35.800709], [-78.539631, 35.799991], [-78.539745, 35.799451], [-78.54047, 35.798282], [-78.54054, 35.798077], [-78.541142, 35.796932], [-78.541367, 35.796302], [-78.541477, 35.796204], [-78.541425, 35.795716], [-78.541537, 35.795582], [-78.541573, 35.794982], [-78.540604, 35.794181], [-78.53937, 35.793434], [-78.539063, 35.793374], [-78.541553, 35.792229], [-78.54254, 35.792022], [-78.544524, 35.792038], [-78.546259, 35.792548], [-78.548737, 35.79383], [-78.55066, 35.794837], [-78.555462, 35.797345], [-78.556572, 35.797741], [-78.557182, 35.797879], [-78.562844, 35.798448], [-78.562814, 35.798637], [-78.562667, 35.800216], [-78.564294, 35.803467], [-78.564678, 35.807753], [-78.565775, 35.811347], [-78.565559, 35.811541]]]}, "properties": {"id": "37183054118", "name": "Census Tract 541.18", "median_ratio": 0.9458, "relative_to_county": -0.5, "sales": 81, "enough_sales": true}}, {"type": "Feature", "geometry": {"type": "Polygon", "coordinates": [[[-78.607135, 35.744521], [-78.606644, 35.748289], [-78.602724, 35.74721], [-78.600678, 35.747259], [-78.597234, 35.747393], [-78.593863, 35.747517], [-78.593463, 35.747531], [-78.589842, 35.747588], [-78.588628, 35.747293], [-78.586073, 35.746357], [-78.585673, 35.746212], [-78.583898, 35.745548], [-78.569447, 35.740062], [-78.569428, 35.740051], [-78.56962, 35.739772], [-78.569505, 35.738981], [-78.573127, 35.736425], [-78.574519, 35.734375], [-78.575009, 35.733574], [-78.577373, 35.729628], [-78.578299, 35.727378], [-78.584403, 35.722535], [-78.585053, 35.725371], [-78.587468, 35.731369], [-78.58981, 35.731349], [-78.591272, 35.730701], [-78.593023, 35.729162], [-78.596649, 35.727246], [-78.596716, 35.727266], [-78.598136, 35.727733], [-78.600217, 35.728018], [-78.600057, 35.731353], [-78.600815, 35.731903], [-78.60104, 35.732068], [-78.603739, 35.733949], [-78.606579, 35.735512], [-78.606902, 35.735702], [-78.606932, 35.737167], [-78.607032, 35.739267], [-78.607135, 35.744521]]]}, "properties": {"id": "37183052816", "name": "Census Tract 528.16", "median_ratio": 0.9587, "relative_to_county": 0.9, "sales": 41, "enough_sales": true}}, {"type": "Feature", "geometry": {"type": "Polygon", "coordinates": [[[-78.600658, 35.908068], [-78.595836, 35.912952], [-78.594253, 35.916654], [-78.591871, 35.920594], [-78.587764, 35.925892], [-78.587273, 35.927863], [-78.586609, 35.928741], [-78.582974, 35.931154], [-78.580959, 35.93202], [-78.579769, 35.932801], [-78.579116, 35.933267], [-78.576658, 35.932977], [-78.575987, 35.931306], [-78.573645, 35.931028], [-78.571863, 35.929173], [-78.573235, 35.928825], [-78.574948, 35.926968], [-78.575995, 35.924515], [-78.57639, 35.924443], [-78.575914, 35.924254], [-78.575482, 35.924065], [-78.574909, 35.923838], [-78.574728, 35.923758], [-78.574464, 35.92361], [-78.573971, 35.923215], [-78.573912, 35.923171], [-78.573552, 35.92288], [-78.573234, 35.922569], [-78.572636, 35.921907], [-78.572332, 35.921532], [-78.57156, 35.920712], [-78.570357, 35.919307], [-78.571011, 35.91904], [-78.571228, 35.918881], [-78.571519, 35.918544], [-78.571631, 35.918275], [-78.571683, 35.918067], [-78.571658, 35.917707], [-78.571525, 35.917471], [-78.574127, 35.9165], [-78.576219, 35.914835], [-78.576333, 35.91492], [-78.577324, 35.914934], [-78.578224, 35.914568], [-78.578821, 35.913866], [-78.579444, 35.913392], [-78.580073, 35.913195], [-78.581398, 35.913232], [-78.582096, 35.913147], [-78.582944, 35.912877], [-78.583778, 35.912872], [-78.587577, 35.910802], [-78.586837, 35.909863], [-78.588377, 35.904599], [-78.590908, 35.905262], [-78.593889, 35.906313], [-78.596824, 35.907415], [-78.600658, 35.908068]]]}, "properties": {"id": "37183054019", "name": "Census Tract 540.19", "median_ratio": 0.9359, "relative_to_county": -1.5, "sales": 53, "enough_sales": true}}, {"type": "Feature", "geometry": {"type": "Polygon", "coordinates": [[[-78.894447, 35.853353], [-78.893018, 35.853155], [-78.893651, 35.854575], [-78.893796, 35.855788], [-78.893716, 35.856438], [-78.890486, 35.867874], [-78.870298, 35.86756], [-78.873155, 35.862671], [-78.872765, 35.86014], [-78.867337, 35.856127], [-78.864734, 35.852701], [-78.862861, 35.851469], [-78.865853, 35.848701], [-78.867235, 35.847865], [-78.868447, 35.847336], [-78.877321, 35.844877], [-78.881102, 35.843743], [-78.881267, 35.843662], [-78.883878, 35.842382], [-78.886479, 35.840463], [-78.889152, 35.843719], [-78.890882, 35.845765], [-78.892782, 35.848195], [-78.894068, 35.850696], [-78.894725, 35.853194], [-78.894447, 35.853353]]]}, "properties": {"id": "37183053619", "name": "Census Tract 536.19", "median_ratio": null, "relative_to_county": null, "sales": 0, "enough_sales": false}}, {"type": "Feature", "geometry": {"type": "Polygon", "coordinates": [[[-78.652878, 35.795729], [-78.647555, 35.797722], [-78.646307, 35.797885], [-78.645094, 35.79783], [-78.642481, 35.796678], [-78.645518, 35.78964], [-78.64581, 35.788648], [-78.646119, 35.786211], [-78.646975, 35.781518], [-78.646555, 35.780698], [-78.649181, 35.780813], [-78.650558, 35.780903], [-78.650785, 35.786379], [-78.651017, 35.78866], [-78.651454, 35.790643], [-78.653205, 35.794033], [-78.652878, 35.795729]]]}, "properties": {"id": "37183050300", "name": "Census Tract 503", "median_ratio": null, "relative_to_county": null, "sales": 12, "enough_sales": false}}, {"type": "Feature", "geometry": {"type": "Polygon", "coordinates": [[[-78.827866, 35.636861], [-78.825067, 35.637183], [-78.825017, 35.640743], [-78.821819, 35.640731], [-78.821811, 35.641582], [-78.81561, 35.646502], [-78.813865, 35.645969], [-78.811564, 35.645541], [-78.809551, 35.645188], [-78.809004, 35.645093], [-78.807066, 35.644671], [-78.804052, 35.643384], [-78.802638, 35.642756], [-78.802002, 35.642313], [-78.800666, 35.639483], [-78.798626, 35.636981], [-78.797661, 35.635739], [-78.794489, 35.632145], [-78.791862, 35.628206], [-78.790711, 35.628057], [-78.786912, 35.627974], [-78.78691, 35.626836], [-78.788804, 35.623301], [-78.789968, 35.62185], [-78.790367, 35.621346], [-78.79164, 35.619938], [-78.793595, 35.61828], [-78.796244, 35.617165], [-78.796947, 35.61588], [-78.798318, 35.612615], [-78.800804, 35.610765], [-78.800846, 35.610734], [-78.80163, 35.610033], [-78.802554, 35.607148], [-78.804254, 35.604904], [-78.80713, 35.610809], [-78.807928, 35.612464], [-78.8115, 35.615408], [-78.814302, 35.617628], [-78.814817, 35.618158], [-78.817905, 35.622121], [-78.82003, 35.625002], [-78.821618, 35.626687], [-78.822461, 35.627567], [-78.825938, 35.631273], [-78.827102, 35.632656], [-78.827609, 35.633265], [-78.829406, 35.635514], [-78.827866, 35.636861]]]}, "properties": {"id": "37183053205", "name": "Census Tract 532.05", "median_ratio": 0.9424, "relative_to_county": -0.9, "sales": 100, "enough_sales": true}}, {"type": "Feature", "geometry": {"type": "Polygon", "coordinates": [[[-78.828721, 35.753566], [-78.828729, 35.754954], [-78.828722, 35.756568], [-78.828196, 35.7593], [-78.828333, 35.759798], [-78.828353, 35.760076], [-78.828254, 35.760105], [-78.821713, 35.762076], [-78.821643, 35.761911], [-78.820946, 35.760805], [-78.816208, 35.757214], [-78.814486, 35.756159], [-78.808488, 35.754963], [-78.801964, 35.754968], [-78.795989, 35.755825], [-78.791443, 35.757438], [-78.786706, 35.757158], [-78.78306, 35.757919], [-78.782762, 35.755392], [-78.782858, 35.749139], [-78.779907, 35.739692], [-78.784889, 35.737317], [-78.787678, 35.736317], [-78.792107, 35.736988], [-78.792612, 35.737344], [-78.798335, 35.73892], [-78.80569, 35.740838], [-78.812098, 35.742085], [-78.812138, 35.742239], [-78.815204, 35.743975], [-78.816268, 35.745977], [-78.816424, 35.746122], [-78.818378, 35.747046], [-78.821392, 35.750088], [-78.824691, 35.751324], [-78.826504, 35.752719], [-78.828767, 35.753309], [-78.828721, 35.753566]]]}, "properties": {"id": "37183053509", "name": "Census Tract 535.09", "median_ratio": 0.8898, "relative_to_county": -6.4, "sales": 68, "enough_sales": true}}, {"type": "Feature", "geometry": {"type": "Polygon", "coordinates": [[[-78.613514, 35.787891], [-78.613129, 35.790041], [-78.613079, 35.792929], [-78.612874, 35.794258], [-78.610674, 35.796796], [-78.610913, 35.798976], [-78.608483, 35.801118], [-78.608257, 35.802413], [-78.608134, 35.803503], [-78.605717, 35.804414], [-78.603938, 35.806211], [-78.60234, 35.804989], [-78.600455, 35.805704], [-78.60025, 35.802368], [-78.596123, 35.797938], [-78.595968, 35.795909], [-78.595037, 35.793969], [-78.595871, 35.79316], [-78.594993, 35.791625], [-78.591561, 35.792154], [-78.590908, 35.790124], [-78.589195, 35.789803], [-78.588909, 35.791514], [-78.586436, 35.790952], [-78.586204, 35.79092], [-78.586703, 35.789898], [-78.587724, 35.787823], [-78.588705, 35.786462], [-78.593428, 35.782169], [-78.595906, 35.780754], [-78.598439, 35.780067], [-78.608084, 35.779579], [-78.613472, 35.779825], [-78.61335, 35.784003], [-78.613539, 35.785982], [-78.613514, 35.787891]]]}, "properties": {"id": "37183051900", "name": "Census Tract 519", "median_ratio": 0.9204, "relative_to_county": -3.2, "sales": 61, "enough_sales": true}}, {"type": "Feature", "geometry": {"type": "Polygon", "coordinates": [[[-78.767197, 35.775421], [-78.764765, 35.775881], [-78.764195, 35.775898], [-78.761915, 35.775927], [-78.752499, 35.77919], [-78.750913, 35.779766], [-78.748457, 35.780384], [-78.746222, 35.776915], [-78.741399, 35.772585], [-78.739291, 35.771004], [-78.740115, 35.769914], [-78.741339, 35.766665], [-78.745733, 35.762749], [-78.746679, 35.763319], [-78.752157, 35.764986], [-78.755407, 35.765963], [-78.756836, 35.766534], [-78.764077, 35.77228], [-78.767192, 35.774948], [-78.767197, 35.775421]]]}, "properties": {"id": "37183053516", "name": "Census Tract 535.16", "median_ratio": 0.9126, "relative_to_county": -4.0, "sales": 28, "enough_sales": true}}, {"type": "Feature", "geometry": {"type": "Polygon", "coordinates": [[[-78.542224, 35.960943], [-78.541793, 35.965461], [-78.539321, 35.979045], [-78.537566, 35.983906], [-78.535261, 35.986313], [-78.530191, 35.990375], [-78.528502, 35.99188], [-78.526868, 35.991135], [-78.52244, 35.9875], [-78.522264, 35.987382], [-78.521904, 35.987095], [-78.52174, 35.986943], [-78.51907, 35.984377], [-78.514432, 35.982733], [-78.513127, 35.982535], [-78.509181, 35.980849], [-78.509707, 35.979415], [-78.511122, 35.975571], [-78.511798, 35.974488], [-78.514835, 35.971227], [-78.515343, 35.970007], [-78.515876, 35.966039], [-78.51613, 35.963807], [-78.516386, 35.961714], [-78.518211, 35.961629], [-78.518376, 35.96127], [-78.524289, 35.956716], [-78.526981, 35.95358], [-78.529567, 35.950572], [-78.5311, 35.94973], [-78.538333, 35.945998], [-78.539146, 35.945932], [-78.539175, 35.949152], [-78.540039, 35.953025], [-78.541893, 35.958782], [-78.542224, 35.960943]]]}, "properties": {"id": "37183054206", "name": "Census Tract 542.06", "median_ratio": 0.9651, "relative_to_county": 1.5, "sales": 56, "enough_sales": true}}, {"type": "Feature", "geometry": {"type": "Polygon", "coordinates": [[[-78.360035, 35.837531], [-78.357024, 35.838687], [-78.355827, 35.839588], [-78.35707, 35.842999], [-78.35656, 35.853418], [-78.356481, 35.861818], [-78.355703, 35.863337], [-78.353834, 35.865191], [-78.352034, 35.868571], [-78.351864, 35.870414], [-78.352855, 35.872918], [-78.352893, 35.879122], [-78.352354, 35.884884], [-78.351067, 35.884876], [-78.346744, 35.886561], [-78.344986, 35.886925], [-78.343751, 35.88958], [-78.341509, 35.892472], [-78.336605, 35.895599], [-78.332199, 35.899369], [-78.331521, 35.897934], [-78.3285, 35.896726], [-78.321268, 35.896083], [-78.319332, 35.895332], [-78.319631, 35.894529], [-78.317456, 35.894563], [-78.316857, 35.895515], [-78.314623, 35.896183], [-78.31299, 35.897321], [-78.310488, 35.896337], [-78.307207, 35.896588], [-78.307597, 35.894871], [-78.305, 35.891313], [-78.303023, 35.890588], [-78.30133, 35.887771], [-78.296986, 35.886593], [-78.297694, 35.886283], [-78.295802, 35.884878], [-78.29615, 35.883559], [-78.295054, 35.881115], [-78.291295, 35.880682], [-78.290608, 35.879775], [-78.289941, 35.876597], [-78.286335, 35.874808], [-78.284316, 35.874578], [-78.281607, 35.871162], [-78.281102, 35.868545], [-78.278014, 35.867335], [-78.275286, 35.862284], [-78.275126, 35.859198], [-78.278958, 35.857302], [-78.280657, 35.856037], [-78.293903, 35.843758], [-78.298899, 35.839405], [-78.301945, 35.836736], [-78.303353, 35.835691], [-78.305575, 35.834685], [-78.30686, 35.834352], [-78.309417, 35.83406], [-78.313837, 35.834211], [-78.321406, 35.834562], [-78.325654, 35.834719], [-78.332096, 35.835029], [-78.336113, 35.83521], [-78.343663, 35.834958], [-78.345895, 35.834386], [-78.35468, 35.830538], [-78.354817, 35.830762], [-78.356612, 35.831651], [-78.35751, 35.833864], [-78.360035, 35.837531]]]}, "properties": {"id": "37183054304", "name": "Census Tract 543.04", "median_ratio": 1.0099, "relative_to_county": 6.2, "sales": 169, "enough_sales": true}}, {"type": "Feature", "geometry": {"type": "Polygon", "coordinates": [[[-78.950188, 35.732118], [-78.948388, 35.737267], [-78.948268, 35.737709], [-78.947033, 35.741226], [-78.946988, 35.741366], [-78.946923, 35.741562], [-78.923547, 35.74393], [-78.920623, 35.744233], [-78.914714, 35.744823], [-78.912266, 35.744869], [-78.904798, 35.745626], [-78.90294, 35.746008], [-78.894591, 35.746852], [-78.894588, 35.746658], [-78.895415, 35.740663], [-78.896038, 35.735055], [-78.903027, 35.732511], [-78.905928, 35.730001], [-78.907768, 35.729514], [-78.908353, 35.729455], [-78.908627, 35.729407], [-78.909091, 35.72928], [-78.911147, 35.72871], [-78.911932, 35.72849], [-78.912625, 35.728294], [-78.914681, 35.727711], [-78.916438, 35.727203], [-78.918838, 35.726506], [-78.919161, 35.726413], [-78.920896, 35.726013], [-78.925133, 35.72689], [-78.926317, 35.727266], [-78.928643, 35.728103], [-78.929976, 35.728536], [-78.931183, 35.7289], [-78.935617, 35.730181], [-78.941708, 35.731001], [-78.946019, 35.731021], [-78.947429, 35.731506], [-78.948985, 35.732067], [-78.950188, 35.732118]]]}, "properties": {"id": "37183053427", "name": "Census Tract 534.27", "median_ratio": 0.9681, "relative_to_county": 1.8, "sales": 104, "enough_sales": true}}, {"type": "Feature", "geometry": {"type": "Polygon", "coordinates": [[[-78.809919, 35.831303], [-78.80714, 35.833451], [-78.804099, 35.833831], [-78.801937, 35.835161], [-78.798555, 35.836349], [-78.795416, 35.836492], [-78.787503, 35.835142], [-78.785978, 35.83556], [-78.783891, 35.838036], [-78.784312, 35.838006], [-78.784587, 35.838805], [-78.784261, 35.840985], [-78.783892, 35.841582], [-78.78173, 35.840403], [-78.777745, 35.844741], [-78.777577, 35.845369], [-78.777612, 35.843998], [-78.769701, 35.843741], [-78.768395, 35.844745], [-78.766521, 35.842904], [-78.763495, 35.84117], [-78.762307, 35.841678], [-78.762274, 35.833273], [-78.760456, 35.833272], [-78.76104, 35.832797], [-78.763743, 35.831685], [-78.765114, 35.831144], [-78.768576, 35.829631], [-78.76917, 35.829135], [-78.770131, 35.827426], [-78.771562, 35.819091], [-78.772016, 35.818219], [-78.7731, 35.817036], [-78.773681, 35.81654], [-78.777521, 35.813066], [-78.781126, 35.809825], [-78.782084, 35.810507], [-78.787401, 35.811663], [-78.792245, 35.811237], [-78.794814, 35.811747], [-78.795395, 35.81369], [-78.797575, 35.814638], [-78.80002, 35.816221], [-78.802347, 35.818021], [-78.80488, 35.824815], [-78.806032, 35.826335], [-78.808899, 35.829032], [-78.811043, 35.830959], [-78.809919, 35.831303]]]}, "properties": {"id": "37183053512", "name": "Census Tract 535.12", "median_ratio": 0.9121, "relative_to_county": -4.1, "sales": 52, "enough_sales": true}}, {"type": "Feature", "geometry": {"type": "Polygon", "coordinates": [[[-78.687762, 35.794181], [-78.685127, 35.793718], [-78.684293, 35.79378], [-78.683831, 35.801116], [-78.676142, 35.801062], [-78.676121, 35.802225], [-78.673832, 35.802724], [-78.666772, 35.80269], [-78.665456, 35.802688], [-78.659786, 35.802669], [-78.65915, 35.801459], [-78.6599, 35.800508], [-78.660208, 35.799844], [-78.660077, 35.797904], [-78.662794, 35.792028], [-78.662824, 35.791738], [-78.665237, 35.792677], [-78.670266, 35.793017], [-78.669679, 35.791775], [-78.67099, 35.788399], [-78.673167, 35.78888], [-78.674461, 35.789151], [-78.674643, 35.78699], [-78.674774, 35.786604], [-78.682079, 35.789448], [-78.685021, 35.791193], [-78.688157, 35.79302], [-78.687762, 35.794181]]]}, "properties": {"id": "37183051400", "name": "Census Tract 514", "median_ratio": 0.9331, "relative_to_county": -1.8, "sales": 47, "enough_sales": true}}, {"type": "Feature", "geometry": {"type": "Polygon", "coordinates": [[[-78.936271, 35.771898], [-78.934191, 35.780602], [-78.933454, 35.783687], [-78.931175, 35.793219], [-78.930891, 35.794377], [-78.923868, 35.79366], [-78.922195, 35.794491], [-78.91887, 35.796545], [-78.916902, 35.798444], [-78.91419, 35.801306], [-78.910958, 35.80212], [-78.906466, 35.803805], [-78.906017, 35.803744], [-78.90512, 35.805769], [-78.90283, 35.80787], [-78.903471, 35.810552], [-78.902473, 35.81884], [-78.90244, 35.821108], [-78.902295, 35.822297], [-78.900716, 35.822737], [-78.890132, 35.822777], [-78.888732, 35.822996], [-78.879142, 35.824211], [-78.877685, 35.824037], [-78.876865, 35.823906], [-78.87501, 35.823528], [-78.874364, 35.823356], [-78.874249, 35.823313], [-78.8738, 35.820385], [-78.873728, 35.819881], [-78.872888, 35.814571], [-78.872516, 35.811655], [-78.872288, 35.809911], [-78.872094, 35.808427], [-78.871387, 35.803043], [-78.870769, 35.798718], [-78.870574, 35.793968], [-78.87089, 35.787758], [-78.873956, 35.78725], [-78.876567, 35.786421], [-78.879305, 35.785233], [-78.886142, 35.783295], [-78.889919, 35.78179], [-78.891283, 35.781375], [-78.892591, 35.781226], [-78.898224, 35.781216], [-78.900129, 35.780957], [-78.902776, 35.778858], [-78.904521, 35.77834], [-78.906395, 35.778127], [-78.907392, 35.778009], [-78.908713, 35.777799], [-78.910942, 35.777399], [-78.913046, 35.776995], [-78.913516, 35.776882], [-78.919229, 35.775151], [-78.92175, 35.774301], [-78.925274, 35.773128], [-78.926361, 35.77289], [-78.926964, 35.772752], [-78.927605, 35.772551], [-78.928113, 35.772327], [-78.929376, 35.77188], [-78.931747, 35.771577], [-78.933378, 35.771357], [-78.935492, 35.771347], [-78.936271, 35.771898]]]}, "properties": {"id": "37183053411", "name": "Census Tract 534.11", "median_ratio": 0.9102, "relative_to_county": -4.2, "sales": 114, "enough_sales": true}}, {"type": "Feature", "geometry": {"type": "Polygon", "coordinates": [[[-78.785944, 35.856976], [-78.779792, 35.857176], [-78.778011, 35.857563], [-78.776631, 35.858855], [-78.774082, 35.858625], [-78.774002, 35.861737], [-78.76824, 35.861465], [-78.765511, 35.864387], [-78.771274, 35.868998], [-78.770634, 35.881285], [-78.769136, 35.882215], [-78.769827, 35.884105], [-78.763904, 35.88388], [-78.763817, 35.892084], [-78.75945, 35.891893], [-78.756072, 35.891892], [-78.756143, 35.889749], [-78.751858, 35.889598], [-78.751698, 35.891862], [-78.751648, 35.892867], [-78.747455, 35.892879], [-78.747568, 35.889557], [-78.748639, 35.889569], [-78.750259, 35.889588], [-78.750039, 35.883616], [-78.751453, 35.88184], [-78.747878, 35.881737], [-78.747882, 35.880171], [-78.750043, 35.880281], [-78.750814, 35.875844], [-78.744984, 35.875205], [-78.746217, 35.871729], [-78.75072, 35.872075], [-78.750815, 35.871251], [-78.746424, 35.870997], [-78.746374, 35.869079], [-78.741499, 35.868975], [-78.741677, 35.866107], [-78.73687, 35.866051], [-78.736017, 35.864696], [-78.731319, 35.862264], [-78.729553, 35.860001], [-78.729716, 35.857823], [-78.726162, 35.855597], [-78.725202, 35.852885], [-78.724378, 35.850832], [-78.724256, 35.848073], [-78.724335, 35.845579], [-78.724337, 35.842554], [-78.722477, 35.837839], [-78.721976, 35.836395], [-78.721513, 35.835443], [-78.720082, 35.834095], [-78.721631, 35.834407], [-78.722427, 35.835027], [-78.722113, 35.83523], [-78.721823, 35.835235], [-78.721909, 35.835304], [-78.721985, 35.835434], [-78.721983, 35.835611], [-78.722102, 35.835734], [-78.722156, 35.835745], [-78.723505, 35.835406], [-78.724792, 35.833536], [-78.724593, 35.832497], [-78.726969, 35.832468], [-78.727034, 35.831451], [-78.730889, 35.829237], [-78.732463, 35.830221], [-78.734885, 35.829446], [-78.735959, 35.830146], [-78.736341, 35.829242], [-78.740461, 35.829241], [-78.74349, 35.82929], [-78.74348, 35.825281], [-78.745937, 35.825592], [-78.750753, 35.825655], [-78.750691, 35.828201], [-78.754533, 35.830662], [-78.75646, 35.830719], [-78.756435, 35.83327], [-78.760456, 35.833272], [-78.762274, 35.833273], [-78.762307, 35.841678], [-78.763495, 35.84117], [-78.766521, 35.842904], [-78.768395, 35.844745], [-78.769701, 35.843741], [-78.777612, 35.843998], [-78.777577, 35.845369], [-78.77724, 35.852217], [-78.7856, 35.852564], [-78.785944, 35.856976]]]}, "properties": {"id": "37183980200", "name": "Census Tract 9802", "median_ratio": null, "relative_to_county": null, "sales": 0, "enough_sales": false}}, {"type": "Feature", "geometry": {"type": "Polygon", "coordinates": [[[-78.572729, 35.879868], [-78.571234, 35.881626], [-78.570056, 35.883024], [-78.56449, 35.888052], [-78.560174, 35.891964], [-78.559399, 35.893109], [-78.557651, 35.891435], [-78.557324, 35.891069], [-78.556439, 35.889683], [-78.552723, 35.884701], [-78.550354, 35.882603], [-78.55002, 35.88233], [-78.549565, 35.881885], [-78.549296, 35.881531], [-78.548754, 35.880901], [-78.547699, 35.879941], [-78.546991, 35.879419], [-78.542756, 35.877477], [-78.542069, 35.877069], [-78.540398, 35.876036], [-78.543595, 35.872565], [-78.546731, 35.865579], [-78.549004, 35.861974], [-78.555542, 35.86805], [-78.558524, 35.870272], [-78.56089, 35.871442], [-78.563317, 35.872356], [-78.576683, 35.875165], [-78.572729, 35.879868]]]}, "properties": {"id": "37183054022", "name": "Census Tract 540.22", "median_ratio": 0.97, "relative_to_county": 2.0, "sales": 40, "enough_sales": true}}, {"type": "Feature", "geometry": {"type": "Polygon", "coordinates": [[[-78.794735, 35.672435], [-78.794034, 35.673716], [-78.792894, 35.676644], [-78.792584, 35.677324], [-78.792149, 35.678157], [-78.79037, 35.680584], [-78.786772, 35.683125], [-78.782595, 35.687731], [-78.782308, 35.687965], [-78.780212, 35.689311], [-78.779397, 35.689886], [-78.777194, 35.691445], [-78.775543, 35.692532], [-78.773066, 35.694453], [-78.772343, 35.695113], [-78.772247, 35.69522], [-78.7674, 35.692046], [-78.766709, 35.6918], [-78.760623, 35.690625], [-78.75824, 35.688259], [-78.755599, 35.686091], [-78.755034, 35.685881], [-78.746883, 35.684451], [-78.744824, 35.683861], [-78.743792, 35.683156], [-78.742967, 35.682127], [-78.743146, 35.679978], [-78.744102, 35.677456], [-78.745625, 35.661457], [-78.745114, 35.659772], [-78.749738, 35.660985], [-78.750461, 35.661313], [-78.751354, 35.661631], [-78.751761, 35.661698], [-78.752195, 35.661814], [-78.753226, 35.662029], [-78.759905, 35.662937], [-78.761981, 35.662372], [-78.768357, 35.662186], [-78.7707, 35.662367], [-78.772529, 35.661826], [-78.773887, 35.662411], [-78.775878, 35.663115], [-78.777914, 35.663373], [-78.784148, 35.663769], [-78.785758, 35.663582], [-78.79045, 35.662509], [-78.791803, 35.66225], [-78.793118, 35.662331], [-78.794386, 35.662454], [-78.798542, 35.667224], [-78.794735, 35.672435]]]}, "properties": {"id": "37183053210", "name": "Census Tract 532.10", "median_ratio": 0.9261, "relative_to_county": -2.6, "sales": 40, "enough_sales": true}}]}