{
  "type": "FeatureCollection",
  "features": [
    {
      "type": "Feature",
      "geometry": {
        "type": "Point",
        "coordinates": [
          -78.937784,
          36.005776
        ]
      },
      "properties": {
        "id": "osm-node-319195120",
        "name": "Medical Center Library",
        "type": "library",
        "close_hour": 17,
        "hours_source": "default"
      }
    },
    {
      "type": "Feature",
      "geometry": {
        "type": "Point",
        "coordinates": [
          -78.6372,
          35.7883
        ]
      },
      "properties": {
        "id": "osm-node-367909237",
        "name": "Finch Library",
        "type": "library",
        "close_hour": 17,
        "hours_source": "default"
      }
    },
    {
      "type": "Feature",
      "geometry": {
        "type": "Point",
        "coordinates": [
          -77.40525,
          35.611456
        ]
      },
      "properties": {
        "id": "osm-node-367909408",
        "name": "Laupus Health Sciences Library",
        "type": "library",
        "close_hour": 17,
        "hours_source": "osm"
      }
    },
    {
      "type": "Feature",
      "geometry": {
        "type": "Point",
        "coordinates": [
          -78.637011,
          35.782844
        ]
      },
      "properties": {
        "id": "osm-node-5808092229",
        "name": "The North Carolina State Library",
        "type": "library",
        "close_hour": 17,
        "hours_source": "default"
      }
    },
    {
      "type": "Feature",
      "geometry": {
        "type": "Point",
        "coordinates": [
          -80.014971,
          35.968263
        ]
      },
      "properties": {
        "id": "osm-node-6505391955",
        "name": "Bernice Bienenstock Furniture Library",
        "type": "library",
        "close_hour": 17,
        "hours_source": "osm"
      }
    },
    {
      "type": "Feature",
      "geometry": {
        "type": "Point",
        "coordinates": [
          -80.850206,
          35.233421
        ]
      },
      "properties": {
        "id": "osm-node-6717446624",
        "name": "Johnson & Wales University Library",
        "type": "library",
        "close_hour": 16,
        "hours_source": "osm"
      }
    },
    {
      "type": "Feature",
      "geometry": {
        "type": "Point",
        "coordinates": [
          -79.049247,
          35.911292
        ]
      },
      "properties": {
        "id": "osm-node-6937660034",
        "name": "Information & Library Science Library",
        "type": "library",
        "close_hour": 17,
        "hours_source": "osm"
      }
    },
    {
      "type": "Feature",
      "geometry": {
        "type": "Point",
        "coordinates": [
          -82.586789,
          35.606163
        ]
      },
      "properties": {
        "id": "osm-node-6957805170",
        "name": "Old Buncombe County Genealogical Society & Library",
        "type": "library",
        "close_hour": 17,
        "hours_source": "default"
      }
    },
    {
      "type": "Feature",
      "geometry": {
        "type": "Point",
        "coordinates": [
          -77.403561,
          34.735419
        ]
      },
      "properties": {
        "id": "osm-node-7083351371",
        "name": "Camp Johnson Branch Library",
        "type": "library",
        "close_hour": 17,
        "hours_source": "default"
      }
    },
    {
      "type": "Feature",
      "geometry": {
        "type": "Point",
        "coordinates": [
          -80.894242,
          35.128998
        ]
      },
      "properties": {
        "id": "osm-node-7527844148",
        "name": "Harper Campus Library",
        "type": "library",
        "close_hour": 17,
        "hours_source": "osm"
      }
    },
    {
      "type": "Feature",
      "geometry": {
        "type": "Point",
        "coordinates": [
          -78.704971,
          35.649899
        ]
      },
      "properties": {
        "id": "osm-node-8951225636",
        "name": "Howell Library",
        "type": "library",
        "close_hour": 17,
        "hours_source": "default"
      }
    },
    {
      "type": "Feature",
      "geometry": {
        "type": "Point",
        "coordinates": [
          -81.780918,
          35.728178
        ]
      },
      "properties": {
        "id": "osm-node-9742139661",
        "name": "Glen Alpine Free Library",
        "type": "library",
        "close_hour": 17,
        "hours_source": "default"
      }
    },
    {
      "type": "Feature",
      "geometry": {
        "type": "Point",
        "coordinates": [
          -82.218448,
          35.839408
        ]
      },
      "properties": {
        "id": "osm-node-11128711189",
        "name": "Joe's Library",
        "type": "library",
        "close_hour": 17,
        "hours_source": "osm"
      }
    },
    {
      "type": "Feature",
      "geometry": {
        "type": "Point",
        "coordinates": [
          -77.899635,
          35.711947
        ]
      },
      "properties": {
        "id": "osm-node-11483585426",
        "name": "East Library",
        "type": "library",
        "close_hour": 17,
        "hours_source": "default"
      }
    },
    {
      "type": "Feature",
      "geometry": {
        "type": "Point",
        "coordinates": [
          -80.829958,
          35.2177
        ]
      },
      "properties": {
        "id": "osm-node-11533270784",
        "name": "Hagemeyer Library",
        "type": "library",
        "close_hour": 17,
        "hours_source": "osm"
      }
    },
    {
      "type": "Feature",
      "geometry": {
        "type": "Point",
        "coordinates": [
          -80.892756,
          35.086471
        ]
      },
      "properties": {
        "id": "osm-node-11954986663",
        "name": "Charlotte Mecklenburg Public Library - Pineville Branch",
        "type": "library",
        "close_hour": 17,
        "hours_source": "osm"
      }
    },
    {
      "type": "Feature",
      "geometry": {
        "type": "Point",
        "coordinates": [
          -79.032573,
          35.899527
        ]
      },
      "properties": {
        "id": "osm-node-11969159315",
        "name": "Garden Library",
        "type": "library",
        "close_hour": 17,
        "hours_source": "default"
      }
    },
    {
      "type": "Feature",
      "geometry": {
        "type": "Point",
        "coordinates": [
          -80.835254,
          35.170614
        ]
      },
      "properties": {
        "id": "osm-node-12085456145",
        "name": "Media Center",
        "type": "library",
        "close_hour": 17,
        "hours_source": "default"
      }
    },
    {
      "type": "Feature",
      "geometry": {
        "type": "Point",
        "coordinates": [
          -77.965021,
          35.351386
        ]
      },
      "properties": {
        "id": "osm-node-12095908298",
        "name": "Seymour Johnson AFB Library",
        "type": "library",
        "close_hour": 18,
        "hours_source": "osm"
      }
    },
    {
      "type": "Feature",
      "geometry": {
        "type": "Point",
        "coordinates": [
          -80.842232,
          35.226734
        ]
      },
      "properties": {
        "id": "osm-node-12421861670",
        "name": "Founders Hall Library",
        "type": "library",
        "close_hour": 16,
        "hours_source": "osm"
      }
    },
    {
      "type": "Feature",
      "geometry": {
        "type": "Point",
        "coordinates": [
          -78.916903,
          35.282266
        ]
      },
      "properties": {
        "id": "osm-node-12421861718",
        "name": "Anderson Creek Public Library",
        "type": "library",
        "close_hour": 17,
        "hours_source": "default"
      }
    },
    {
      "type": "Feature",
      "geometry": {
        "type": "Point",
        "coordinates": [
          -81.218947,
          35.701886
        ]
      },
      "properties": {
        "id": "osm-node-12421861795",
        "name": "Conover Public Library",
        "type": "library",
        "close_hour": 17,
        "hours_source": "default"
      }
    },
    {
      "type": "Feature",
      "geometry": {
        "type": "Point",
        "coordinates": [
          -77.684114,
          35.452558
        ]
      },
      "properties": {
        "id": "osm-node-12421861874",
        "name": "Greene County Library",
        "type": "library",
        "close_hour": 17,
        "hours_source": "default"
      }
    },
    {
      "type": "Feature",
      "geometry": {
        "type": "Point",
        "coordinates": [
          -81.783536,
          36.26577
        ]
      },
      "properties": {
        "id": "osm-node-12474407117",
        "name": "Western Watauga Branch Library",
        "type": "library",
        "close_hour": 0,
        "hours_source": "osm"
      }
    },
    {
      "type": "Feature",
      "geometry": {
        "type": "Point",
        "coordinates": [
          -80.875049,
          35.583997
        ]
      },
      "properties": {
        "id": "osm-node-13076069201",
        "name": "Mooresville Public Library - West Branch",
        "type": "library",
        "close_hour": 17,
        "hours_source": "osm"
      }
    },
    {
      "type": "Feature",
      "geometry": {
        "type": "Point",
        "coordinates": [
          -80.834401,
          35.211024
        ]
      },
      "properties": {
        "id": "osm-node-13146085913",
        "name": "The Asian Herald Library",
        "type": "library",
        "close_hour": 17,
        "hours_source": "default"
      }
    },
    {
      "type": "Feature",
      "geometry": {
        "type": "Point",
        "coordinates": [
          -79.054643,
          35.91233
        ]
      },
      "properties": {
        "id": "osm-node-14031551911",
        "name": "Hanes Art Center Library",
        "type": "library",
        "close_hour": 17,
        "hours_source": "osm"
      }
    },
    {
      "type": "Feature",
      "geometry": {
        "type": "Point",
        "coordinates": [
          -77.097751,
          36.436402
        ]
      },
      "properties": {
        "id": "osm-node-14167216072",
        "name": "Whitaker Library",
        "type": "library",
        "close_hour": 17,
        "hours_source": "default"
      }
    },
    {
      "type": "Feature",
      "geometry": {
        "type": "Point",
        "coordinates": [
          -78.20457,
          34.412408
        ]
      },
      "properties": {
        "id": "osm-node-357769631",
        "name": "CANETUCK COMMUNITY BUILDING",
        "type": "community_centre",
        "close_hour": 17,
        "hours_source": "default"
      }
    },
    {
      "type": "Feature",
      "geometry": {
        "type": "Point",
        "coordinates": [
          -79.442448,
          36.10695
        ]
      },
      "properties": {
        "id": "osm-node-357772191",
        "name": "Elmira Community Center",
        "type": "community_centre",
        "close_hour": 17,
        "hours_source": "default"
      }
    },
    {
      "type": "Feature",
      "geometry": {
        "type": "Point",
        "coordinates": [
          -79.770174,
          36.497825
        ]
      },
      "properties": {
        "id": "osm-node-357786154",
        "name": "Bridge Street Recreation Center",
        "type": "community_centre",
        "close_hour": 17,
        "hours_source": "default"
      }
    },
    {
      "type": "Feature",
      "geometry": {
        "type": "Point",
        "coordinates": [
          -81.983715,
          35.446512
        ]
      },
      "properties": {
        "id": "osm-node-357799648",
        "name": "Gilkey Community Center",
        "type": "community_centre",
        "close_hour": 17,
        "hours_source": "default"
      }
    },
    {
      "type": "Feature",
      "geometry": {
        "type": "Point",
        "coordinates": [
          -81.930082,
          36.237221
        ]
      },
      "properties": {
        "id": "osm-node-357800710",
        "name": "Beech Mountain Community Center",
        "type": "community_centre",
        "close_hour": 17,
        "hours_source": "default"
      }
    },
    {
      "type": "Feature",
      "geometry": {
        "type": "Point",
        "coordinates": [
          -82.774968,
          35.199885
        ]
      },
      "properties": {
        "id": "osm-node-357803516",
        "name": "Cathey's Creek Community Center",
        "type": "community_centre",
        "close_hour": 17,
        "hours_source": "default"
      }
    },
    {
      "type": "Feature",
      "geometry": {
        "type": "Point",
        "coordinates": [
          -78.913512,
          36.01672
        ]
      },
      "properties": {
        "id": "osm-node-357814075",
        "name": "Saint James Family Life Center",
        "type": "community_centre",
        "close_hour": 17,
        "hours_source": "default"
      }
    },
    {
      "type": "Feature",
      "geometry": {
        "type": "Point",
        "coordinates": [
          -81.556592,
          35.294859
        ]
      },
      "properties": {
        "id": "osm-node-367911830",
        "name": "City Park Community Center",
        "type": "community_centre",
        "close_hour": 17,
        "hours_source": "default"
      }
    },
    {
      "type": "Feature",
      "geometry": {
        "type": "Point",
        "coordinates": [
          -82.41873,
          35.310394
        ]
      },
      "properties": {
        "id": "osm-node-367912219",
        "name": "Tracy Grove Community Center",
        "type": "community_centre",
        "close_hour": 17,
        "hours_source": "default"
      }
    },
    {
      "type": "Feature",
      "geometry": {
        "type": "Point",
        "coordinates": [
          -78.639904,
          35.778175
        ]
      },
      "properties": {
        "id": "osm-node-3305510862",
        "name": "LGBT Center of Raleigh",
        "type": "community_centre",
        "close_hour": 20,
        "hours_source": "osm"
      }
    },
    {
      "type": "Feature",
      "geometry": {
        "type": "Point",
        "coordinates": [
          -78.660213,
          35.886817
        ]
      },
      "properties": {
        "id": "osm-node-3859874470",
        "name": "Greystone Recreation Center",
        "type": "community_centre",
        "close_hour": 17,
        "hours_source": "default"
      }
    },
    {
      "type": "Feature",
      "geometry": {
        "type": "Point",
        "coordinates": [
          -80.766586,
          35.960011
        ]
      },
      "properties": {
        "id": "osm-node-4059210590",
        "name": "Harmony Community Center",
        "type": "community_centre",
        "close_hour": 17,
        "hours_source": "default"
      }
    },
    {
      "type": "Feature",
      "geometry": {
        "type": "Point",
        "coordinates": [
          -78.008485,
          34.238847
        ]
      },
      "properties": {
        "id": "osm-node-4366355067",
        "name": "Brunswick Senior Resources, Inc.",
        "type": "community_centre",
        "close_hour": 17,
        "hours_source": "default"
      }
    },
    {
      "type": "Feature",
      "geometry": {
        "type": "Point",
        "coordinates": [
          -79.351399,
          36.102115
        ]
      },
      "properties": {
        "id": "osm-node-4421888189",
        "name": "The Lamb's Chapel",
        "type": "community_centre",
        "close_hour": 17,
        "hours_source": "osm"
      }
    },
    {
      "type": "Feature",
      "geometry": {
        "type": "Point",
        "coordinates": [
          -79.053255,
          35.914683
        ]
      },
      "properties": {
        "id": "osm-node-4576833869",
        "name": "Welcome Center",
        "type": "community_centre",
        "close_hour": 17,
        "hours_source": "default"
      }
    },
    {
      "type": "Feature",
      "geometry": {
        "type": "Point",
        "coordinates": [
          -80.4196,
          35.262136
        ]
      },
      "properties": {
        "id": "osm-node-4722364227",
        "name": "Locust Community Building",
        "type": "community_centre",
        "close_hour": 17,
        "hours_source": "default"
      }
    },
    {
      "type": "Feature",
      "geometry": {
        "type": "Point",
        "coordinates": [
          -78.897373,
          35.078323
        ]
      },
      "properties": {
        "id": "osm-node-5257413181",
        "name": "Smith Recreation Center",
        "type": "community_centre",
        "close_hour": 17,
        "hours_source": "default"
      }
    },
    {
      "type": "Feature",
      "geometry": {
        "type": "Point",
        "coordinates": [
          -79.045223,
          35.054902
        ]
      },
      "properties": {
        "id": "osm-node-5257513484",
        "name": "E.E Miller Recreation Center",
        "type": "community_centre",
        "close_hour": 17,
        "hours_source": "default"
      }
    },
    {
      "type": "Feature",
      "geometry": {
        "type": "Point",
        "coordinates": [
          -79.075957,
          35.049679
        ]
      },
      "properties": {
        "id": "osm-node-5257513485",
        "name": "Lake Rim Recreation Center",
        "type": "community_centre",
        "close_hour": 17,
        "hours_source": "default"
      }
    },
    {
      "type": "Feature",
      "geometry": {
        "type": "Point",
        "coordinates": [
          -78.993635,
          35.059061
        ]
      },
      "properties": {
        "id": "osm-node-5258867290",
        "name": "Cliffdale Recreation Center",
        "type": "community_centre",
        "close_hour": 17,
        "hours_source": "default"
      }
    },
    {
      "type": "Feature",
      "geometry": {
        "type": "Point",
        "coordinates": [
          -78.92128,
          35.068853
        ]
      },
      "properties": {
        "id": "osm-node-5259429273",
        "name": "Unnamed community centre",
        "type": "community_centre",
        "close_hour": 17,
        "hours_source": "default"
      }
    },
    {
      "type": "Feature",
      "geometry": {
        "type": "Point",
        "coordinates": [
          -78.666785,
          35.772665
        ]
      },
      "properties": {
        "id": "osm-node-5267029052",
        "name": "NC Japan Center",
        "type": "community_centre",
        "close_hour": 17,
        "hours_source": "default"
      }
    },
    {
      "type": "Feature",
      "geometry": {
        "type": "Point",
        "coordinates": [
          -78.983003,
          35.16975
        ]
      },
      "properties": {
        "id": "osm-node-5285020440",
        "name": "Spring Lake Community Center",
        "type": "community_centre",
        "close_hour": 17,
        "hours_source": "default"
      }
    },
    {
      "type": "Feature",
      "geometry": {
        "type": "Point",
        "coordinates": [
          -79.014655,
          34.980043
        ]
      },
      "properties": {
        "id": "osm-node-5296633926",
        "name": "Stoney Point Recreation Center",
        "type": "community_centre",
        "close_hour": 17,
        "hours_source": "default"
      }
    },
    {
      "type": "Feature",
      "geometry": {
        "type": "Point",
        "coordinates": [
          -82.61342,
          35.386379
        ]
      },
      "properties": {
        "id": "osm-node-5523503414",
        "name": "North and South Mills River Community Center",
        "type": "community_centre",
        "close_hour": 17,
        "hours_source": "default"
      }
    },
    {
      "type": "Feature",
      "geometry": {
        "type": "Point",
        "coordinates": [
          -78.465353,
          35.909622
        ]
      },
      "properties": {
        "id": "osm-node-5579261569",
        "name": "The Village At Rolesville Clubhouse",
        "type": "community_centre",
        "close_hour": 17,
        "hours_source": "default"
      }
    },
    {
      "type": "Feature",
      "geometry": {
        "type": "Point",
        "coordinates": [
          -78.471664,
          35.915886
        ]
      },
      "properties": {
        "id": "osm-node-5607968156",
        "name": "Rolesville Community Center",
        "type": "community_centre",
        "close_hour": 17,
        "hours_source": "default"
      }
    },
    {
      "type": "Feature",
      "geometry": {
        "type": "Point",
        "coordinates": [
          -79.110303,
          36.081028
        ]
      },
      "properties": {
        "id": "osm-node-5732116051",
        "name": "Central Recreation Center",
        "type": "community_centre",
        "close_hour": 17,
        "hours_source": "default"
      }
    },
    {
      "type": "Feature",
      "geometry": {
        "type": "Point",
        "coordinates": [
          -79.153168,
          35.951169
        ]
      },
      "properties": {
        "id": "osm-node-5732595099",
        "name": "Pickards Mountain Eco Institute",
        "type": "community_centre",
        "close_hour": 17,
        "hours_source": "default"
      }
    },
    {
      "type": "Feature",
      "geometry": {
        "type": "Point",
        "coordinates": [
          -81.010415,
          35.296531
        ]
      },
      "properties": {
        "id": "osm-node-5735954356",
        "name": "Mount Holly Municipal Complex",
        "type": "community_centre",
        "close_hour": 17,
        "hours_source": "default"
      }
    },
    {
      "type": "Feature",
      "geometry": {
        "type": "Point",
        "coordinates": [
          -77.536636,
          34.842545
        ]
      },
      "properties": {
        "id": "osm-node-5890910189",
        "name": "Union Chapel Youth Center",
        "type": "community_centre",
        "close_hour": 17,
        "hours_source": "default"
      }
    },
    {
      "type": "Feature",
      "geometry": {
        "type": "Point",
        "coordinates": [
          -78.78754,
          35.931087
        ]
      },
      "properties": {
        "id": "osm-node-5967985932",
        "name": "Unnamed community centre",
        "type": "community_centre",
        "close_hour": 17,
        "hours_source": "default"
      }
    },
    {
      "type": "Feature",
      "geometry": {
        "type": "Point",
        "coordinates": [
          -79.825117,
          36.156583
        ]
      },
      "properties": {
        "id": "osm-node-5969762151",
        "name": "Greensboro Firefighter's Club",
        "type": "community_centre",
        "close_hour": 17,
        "hours_source": "default"
      }
    },
    {
      "type": "Feature",
      "geometry": {
        "type": "Point",
        "coordinates": [
          -82.857788,
          35.555574
        ]
      },
      "properties": {
        "id": "osm-node-6080321141",
        "name": "Thickety Community Ceneter",
        "type": "community_centre",
        "close_hour": 17,
        "hours_source": "default"
      }
    },
    {
      "type": "Feature",
      "geometry": {
        "type": "Point",
        "coordinates": [
          -82.433727,
          35.280997
        ]
      },
      "properties": {
        "id": "osm-node-6373032964",
        "name": "Sanctuary in the Pines",
        "type": "community_centre",
        "close_hour": 17,
        "hours_source": "default"
      }
    },
    {
      "type": "Feature",
      "geometry": {
        "type": "Point",
        "coordinates": [
          -78.135849,
          35.454692
        ]
      },
      "properties": {
        "id": "osm-node-6640650324",
        "name": "National Network Communications Inc",
        "type": "community_centre",
        "close_hour": 17,
        "hours_source": "default"
      }
    },
    {
      "type": "Feature",
      "geometry": {
        "type": "Point",
        "coordinates": [
          -81.67,
          35.9205
        ]
      },
      "properties": {
        "id": "osm-node-6780279931",
        "name": "The Coves Mountain River Club",
        "type": "community_centre",
        "close_hour": 17,
        "hours_source": "osm"
      }
    },
    {
      "type": "Feature",
      "geometry": {
        "type": "Point",
        "coordinates": [
          -78.983156,
          35.969276
        ]
      },
      "properties": {
        "id": "osm-node-6964631787",
        "name": "Garrett Farms Club House",
        "type": "community_centre",
        "close_hour": 17,
        "hours_source": "default"
      }
    },
    {
      "type": "Feature",
      "geometry": {
        "type": "Point",
        "coordinates": [
          -77.390914,
          34.735
        ]
      },
      "properties": {
        "id": "osm-node-7084310525",
        "name": "Atlantic Marine Corps Communities Leasing Office",
        "type": "community_centre",
        "close_hour": 17,
        "hours_source": "default"
      }
    },
    {
      "type": "Feature",
      "geometry": {
        "type": "Point",
        "coordinates": [
          -77.373818,
          34.730724
        ]
      },
      "properties": {
        "id": "osm-node-7084310528",
        "name": "Tarawa Terrace Community Center",
        "type": "community_centre",
        "close_hour": 17,
        "hours_source": "default"
      }
    },
    {
      "type": "Feature",
      "geometry": {
        "type": "Point",
        "coordinates": [
          -77.701134,
          35.78174
        ]
      },
      "properties": {
        "id": "osm-node-7302395817",
        "name": "St. Lewis Ruritan Club",
        "type": "community_centre",
        "close_hour": 17,
        "hours_source": "default"
      }
    },
    {
      "type": "Feature",
      "geometry": {
        "type": "Point",
        "coordinates": [
          -77.456961,
          35.819116
        ]
      },
      "properties": {
        "id": "osm-node-7302395820",
        "name": "The Station",
        "type": "community_centre",
        "close_hour": 17,
        "hours_source": "default"
      }
    },
    {
      "type": "Feature",
      "geometry": {
        "type": "Point",
        "coordinates": [
          -82.648889,
          35.148923
        ]
      },
      "properties": {
        "id": "osm-node-7372171348",
        "name": "Cedar Mountain Community Center",
        "type": "community_centre",
        "close_hour": 17,
        "hours_source": "default"
      }
    },
    {
      "type": "Feature",
      "geometry": {
        "type": "Point",
        "coordinates": [
          -79.112099,
          35.281677
        ]
      },
      "properties": {
        "id": "osm-node-7410667492",
        "name": "Johnsonville Community Center",
        "type": "community_centre",
        "close_hour": 17,
        "hours_source": "default"
      }
    },
    {
      "type": "Feature",
      "geometry": {
        "type": "Point",
        "coordinates": [
          -77.781739,
          35.301602
        ]
      },
      "properties": {
        "id": "osm-node-7421531241",
        "name": "La Grange Community Center",
        "type": "community_centre",
        "close_hour": 17,
        "hours_source": "default"
      }
    },
    {
      "type": "Feature",
      "geometry": {
        "type": "Point",
        "coordinates": [
          -80.025346,
          35.461292
        ]
      },
      "properties": {
        "id": "osm-node-7824649316",
        "name": "Eldorado Community Center",
        "type": "community_centre",
        "close_hour": 17,
        "hours_source": "default"
      }
    },
    {
      "type": "Feature",
      "geometry": {
        "type": "Point",
        "coordinates": [
          -79.052404,
          35.254071
        ]
      },
      "properties": {
        "id": "osm-node-8043338416",
        "name": "The Lodge at Linden Oaks",
        "type": "community_centre",
        "close_hour": 17,
        "hours_source": "default"
      }
    },
    {
      "type": "Feature",
      "geometry": {
        "type": "Point",
        "coordinates": [
          -79.04786,
          35.248697
        ]
      },
      "properties": {
        "id": "osm-node-8043338417",
        "name": "The Clubhouse at Linden Oaks",
        "type": "community_centre",
        "close_hour": 17,
        "hours_source": "default"
      }
    },
    {
      "type": "Feature",
      "geometry": {
        "type": "Point",
        "coordinates": [
          -79.049633,
          35.250519
        ]
      },
      "properties": {
        "id": "osm-node-8043338426",
        "name": "Chay Youth Activities Center",
        "type": "community_centre",
        "close_hour": 17,
        "hours_source": "default"
      }
    },
    {
      "type": "Feature",
      "geometry": {
        "type": "Point",
        "coordinates": [
          -80.929178,
          36.176171
        ]
      },
      "properties": {
        "id": "osm-node-8354380082",
        "name": "Clingman Community Center",
        "type": "community_centre",
        "close_hour": 17,
        "hours_source": "default"
      }
    },
    {
      "type": "Feature",
      "geometry": {
        "type": "Point",
        "coordinates": [
          -81.726957,
          35.908226
        ]
      },
      "properties": {
        "id": "osm-node-8402800355",
        "name": "Unnamed community centre",
        "type": "community_centre",
        "close_hour": 17,
        "hours_source": "default"
      }
    },
    {
      "type": "Feature",
      "geometry": {
        "type": "Point",
        "coordinates": [
          -78.593828,
          36.312714
        ]
      },
      "properties": {
        "id": "osm-node-9091635243",
        "name": "Boys & Girls Club Of North Central North Carolina",
        "type": "community_centre",
        "close_hour": 17,
        "hours_source": "default"
      }
    },
    {
      "type": "Feature",
      "geometry": {
        "type": "Point",
        "coordinates": [
          -80.990734,
          35.450909
        ]
      },
      "properties": {
        "id": "osm-node-9131498281",
        "name": "Dry Patio Solutions, Inc.",
        "type": "community_centre",
        "close_hour": 17,
        "hours_source": "osm"
      }
    },
    {
      "type": "Feature",
      "geometry": {
        "type": "Point",
        "coordinates": [
          -78.965926,
          35.257137
        ]
      },
      "properties": {
        "id": "osm-node-9330677192",
        "name": "Anderson Creek Senior Center",
        "type": "community_centre",
        "close_hour": 17,
        "hours_source": "default"
      }
    },
    {
      "type": "Feature",
      "geometry": {
        "type": "Point",
        "coordinates": [
          -83.954361,
          35.041899
        ]
      },
      "properties": {
        "id": "osm-node-9492653394",
        "name": "Brasstown Community Civic Center",
        "type": "community_centre",
        "close_hour": 17,
        "hours_source": "default"
      }
    },
    {
      "type": "Feature",
      "geometry": {
        "type": "Point",
        "coordinates": [
          -77.688143,
          35.447652
        ]
      },
      "properties": {
        "id": "osm-node-9674379722",
        "name": "Greene County Improvement Association",
        "type": "community_centre",
        "close_hour": 17,
        "hours_source": "default"
      }
    },
    {
      "type": "Feature",
      "geometry": {
        "type": "Point",
        "coordinates": [
          -78.858331,
          35.835896
        ]
      },
      "properties": {
        "id": "osm-node-9758626672",
        "name": "Morrisville Senior's Center",
        "type": "community_centre",
        "close_hour": 18,
        "hours_source": "osm"
      }
    },
    {
      "type": "Feature",
      "geometry": {
        "type": "Point",
        "coordinates": [
          -79.60069,
          36.281807
        ]
      },
      "properties": {
        "id": "osm-node-9761648625",
        "name": "Williamsburg Community Building",
        "type": "community_centre",
        "close_hour": 17,
        "hours_source": "default"
      }
    },
    {
      "type": "Feature",
      "geometry": {
        "type": "Point",
        "coordinates": [
          -77.86213,
          35.806919
        ]
      },
      "properties": {
        "id": "osm-node-9831080850",
        "name": "Elm City Train Depot",
        "type": "community_centre",
        "close_hour": 17,
        "hours_source": "default"
      }
    },
    {
      "type": "Feature",
      "geometry": {
        "type": "Point",
        "coordinates": [
          -78.250961,
          35.642914
        ]
      },
      "properties": {
        "id": "osm-node-9905750284",
        "name": "Corbett Hatcher Community Center",
        "type": "community_centre",
        "close_hour": 17,
        "hours_source": "default"
      }
    },
    {
      "type": "Feature",
      "geometry": {
        "type": "Point",
        "coordinates": [
          -75.553005,
          35.263085
        ]
      },
      "properties": {
        "id": "osm-node-9938128764",
        "name": "Lighthouse Assembly of God - Family Life Center",
        "type": "community_centre",
        "close_hour": 17,
        "hours_source": "default"
      }
    },
    {
      "type": "Feature",
      "geometry": {
        "type": "Point",
        "coordinates": [
          -78.367703,
          36.456056
        ]
      },
      "properties": {
        "id": "osm-node-9939367089",
        "name": "Bullocksville Community Center",
        "type": "community_centre",
        "close_hour": 17,
        "hours_source": "default"
      }
    },
    {
      "type": "Feature",
      "geometry": {
        "type": "Point",
        "coordinates": [
          -82.812347,
          35.419065
        ]
      },
      "properties": {
        "id": "osm-node-9957354189",
        "name": "Cruso Community Development",
        "type": "community_centre",
        "close_hour": 17,
        "hours_source": "default"
      }
    },
    {
      "type": "Feature",
      "geometry": {
        "type": "Point",
        "coordinates": [
          -77.393677,
          34.553828
        ]
      },
      "properties": {
        "id": "osm-node-9961758686",
        "name": "Sneads Ferry Community Center",
        "type": "community_centre",
        "close_hour": 17,
        "hours_source": "default"
      }
    },
    {
      "type": "Feature",
      "geometry": {
        "type": "Point",
        "coordinates": [
          -78.621212,
          35.521127
        ]
      },
      "properties": {
        "id": "osm-node-9965937657",
        "name": "Pleasant Grove Community Building",
        "type": "community_centre",
        "close_hour": 17,
        "hours_source": "default"
      }
    },
    {
      "type": "Feature",
      "geometry": {
        "type": "Point",
        "coordinates": [
          -78.728153,
          34.658316
        ]
      },
      "properties": {
        "id": "osm-node-9984102979",
        "name": "Dublin Community Center",
        "type": "community_centre",
        "close_hour": 17,
        "hours_source": "default"
      }
    },
    {
      "type": "Feature",
      "geometry": {
        "type": "Point",
        "coordinates": [
          -81.968129,
          36.010986
        ]
      },
      "properties": {
        "id": "osm-node-9990582992",
        "name": "PYATTE COMMUNITY CENTER",
        "type": "community_centre",
        "close_hour": 17,
        "hours_source": "default"
      }
    },
    {
      "type": "Feature",
      "geometry": {
        "type": "Point",
        "coordinates": [
          -81.423639,
          35.71355
        ]
      },
      "properties": {
        "id": "osm-node-10092269562",
        "name": "Hildebran Auditorium",
        "type": "community_centre",
        "close_hour": 17,
        "hours_source": "default"
      }
    },
    {
      "type": "Feature",
      "geometry": {
        "type": "Point",
        "coordinates": [
          -83.09943,
          35.293833
        ]
      },
      "properties": {
        "id": "osm-node-10205394710",
        "name": "Caney Fork Community Building",
        "type": "community_centre",
        "close_hour": 17,
        "hours_source": "default"
      }
    },
    {
      "type": "Feature",
      "geometry": {
        "type": "Point",
        "coordinates": [
          -79.12674,
          34.590713
        ]
      },
      "properties": {
        "id": "osm-node-10245901044",
        "name": "Southern Spirit",
        "type": "community_centre",
        "close_hour": 17,
        "hours_source": "default"
      }
    },
    {
      "type": "Feature",
      "geometry": {
        "type": "Point",
        "coordinates": [
          -76.026152,
          36.235116
        ]
      },
      "properties": {
        "id": "osm-node-10267850604",
        "name": "Old Trap Community Building",
        "type": "community_centre",
        "close_hour": 17,
        "hours_source": "default"
      }
    },
    {
      "type": "Feature",
      "geometry": {
        "type": "Point",
        "coordinates": [
          -78.683224,
          36.122047
        ]
      },
      "properties": {
        "id": "osm-node-10291621513",
        "name": "Creedmoor Community Center",
        "type": "community_centre",
        "close_hour": 17,
        "hours_source": "default"
      }
    },
    {
      "type": "Feature",
      "geometry": {
        "type": "Point",
        "coordinates": [
          -76.946433,
          35.995534
        ]
      },
      "properties": {
        "id": "osm-node-10293339217",
        "name": "Windsor Community Building",
        "type": "community_centre",
        "close_hour": 17,
        "hours_source": "default"
      }
    },
    {
      "type": "Feature",
      "geometry": {
        "type": "Point",
        "coordinates": [
          -76.907097,
          36.355966
        ]
      },
      "properties": {
        "id": "osm-node-10295272228",
        "name": "Cofield Community Center",
        "type": "community_centre",
        "close_hour": 17,
        "hours_source": "default"
      }
    },
    {
      "type": "Feature",
      "geometry": {
        "type": "Point",
        "coordinates": [
          -78.520789,
          35.331709
        ]
      },
      "properties": {
        "id": "osm-node-10555576609",
        "name": "Beulah Baptist Church",
        "type": "community_centre",
        "close_hour": 17,
        "hours_source": "default"
      }
    },
    {
      "type": "Feature",
      "geometry": {
        "type": "Point",
        "coordinates": [
          -79.397982,
          35.986477
        ]
      },
      "properties": {
        "id": "osm-node-10579050508",
        "name": "Mt. Hermon Community Center",
        "type": "community_centre",
        "close_hour": 17,
        "hours_source": "default"
      }
    },
    {
      "type": "Feature",
      "geometry": {
        "type": "Point",
        "coordinates": [
          -80.101318,
          36.495585
        ]
      },
      "properties": {
        "id": "osm-node-10584290816",
        "name": "Sandy Ridge Community Center",
        "type": "community_centre",
        "close_hour": 17,
        "hours_source": "default"
      }
    },
    {
      "type": "Feature",
      "geometry": {
        "type": "Point",
        "coordinates": [
          -80.084573,
          36.420315
        ]
      },
      "properties": {
        "id": "osm-node-10584297370",
        "name": "EAST STOKES COMM BLDG",
        "type": "community_centre",
        "close_hour": 17,
        "hours_source": "default"
      }
    },
    {
      "type": "Feature",
      "geometry": {
        "type": "Point",
        "coordinates": [
          -78.924801,
          35.950519
        ]
      },
      "properties": {
        "id": "osm-node-10604904233",
        "name": "Boys & Girls Clubs of Durham and Orange Counties",
        "type": "community_centre",
        "close_hour": 17,
        "hours_source": "default"
      }
    },
    {
      "type": "Feature",
      "geometry": {
        "type": "Point",
        "coordinates": [
          -78.61436,
          35.760911
        ]
      },
      "properties": {
        "id": "osm-node-10612970321",
        "name": "Southeast Raleigh YMCA",
        "type": "community_centre",
        "close_hour": 17,
        "hours_source": "default"
      }
    },
    {
      "type": "Feature",
      "geometry": {
        "type": "Point",
        "coordinates": [
          -82.833959,
          35.558374
        ]
      },
      "properties": {
        "id": "osm-node-10652010147",
        "name": "Beaverdam Community Center",
        "type": "community_centre",
        "close_hour": 17,
        "hours_source": "default"
      }
    },
    {
      "type": "Feature",
      "geometry": {
        "type": "Point",
        "coordinates": [
          -80.936944,
          36.084143
        ]
      },
      "properties": {
        "id": "osm-node-10678475678",
        "name": "Southeast Wilkes Community Center",
        "type": "community_centre",
        "close_hour": 17,
        "hours_source": "default"
      }
    },
    {
      "type": "Feature",
      "geometry": {
        "type": "Point",
        "coordinates": [
          -82.895487,
          35.473148
        ]
      },
      "properties": {
        "id": "osm-node-10706837805",
        "name": "Bethel Rural Community Organization",
        "type": "community_centre",
        "close_hour": 17,
        "hours_source": "default"
      }
    },
    {
      "type": "Feature",
      "geometry": {
        "type": "Point",
        "coordinates": [
          -82.954771,
          35.681785
        ]
      },
      "properties": {
        "id": "osm-node-10721570794",
        "name": "Fines Creek Community Center",
        "type": "community_centre",
        "close_hour": 17,
        "hours_source": "default"
      }
    },
    {
      "type": "Feature",
      "geometry": {
        "type": "Point",
        "coordinates": [
          -78.896466,
          36.310364
        ]
      },
      "properties": {
        "id": "osm-node-10799807318",
        "name": "Timberlake Community Center",
        "type": "community_centre",
        "close_hour": 17,
        "hours_source": "default"
      }
    },
    {
      "type": "Feature",
      "geometry": {
        "type": "Point",
        "coordinates": [
          -79.29996,
          35.907258
        ]
      },
      "properties": {
        "id": "osm-node-10830015411",
        "name": "Eli Whitney Community Center",
        "type": "community_centre",
        "close_hour": 17,
        "hours_source": "default"
      }
    },
    {
      "type": "Feature",
      "geometry": {
        "type": "Point",
        "coordinates": [
          -81.813357,
          35.392758
        ]
      },
      "properties": {
        "id": "osm-node-10965569784",
        "name": "Washburn Community Outreach",
        "type": "community_centre",
        "close_hour": 17,
        "hours_source": "default"
      }
    },
    {
      "type": "Feature",
      "geometry": {
        "type": "Point",
        "coordinates": [
          -81.755869,
          35.517557
        ]
      },
      "properties": {
        "id": "osm-node-10965599684",
        "name": "Golden Valley Community Center",
        "type": "community_centre",
        "close_hour": 17,
        "hours_source": "default"
      }
    },
    {
      "type": "Feature",
      "geometry": {
        "type": "Point",
        "coordinates": [
          -77.92885,
          34.824465
        ]
      },
      "properties": {
        "id": "osm-node-11159194275",
        "name": "Greenevers Community Center",
        "type": "community_centre",
        "close_hour": 17,
        "hours_source": "default"
      }
    },
    {
      "type": "Feature",
      "geometry": {
        "type": "Point",
        "coordinates": [
          -79.907705,
          36.199306
        ]
      },
      "properties": {
        "id": "osm-node-11198853478",
        "name": "Summerfield Community Center",
        "type": "community_centre",
        "close_hour": 17,
        "hours_source": "default"
      }
    },
    {
      "type": "Feature",
      "geometry": {
        "type": "Point",
        "coordinates": [
          -78.510836,
          35.970134
        ]
      },
      "properties": {
        "id": "osm-node-11233730537",
        "name": "Northern Regional Center",
        "type": "community_centre",
        "close_hour": 17,
        "hours_source": "osm"
      }
    },
    {
      "type": "Feature",
      "geometry": {
        "type": "Point",
        "coordinates": [
          -82.57431,
          35.463772
        ]
      },
      "properties": {
        "id": "osm-node-11459775914",
        "name": "Avery's Creek Community Center",
        "type": "community_centre",
        "close_hour": 17,
        "hours_source": "default"
      }
    },
    {
      "type": "Feature",
      "geometry": {
        "type": "Point",
        "coordinates": [
          -78.645705,
          35.780481
        ]
      },
      "properties": {
        "id": "osm-node-11484288969",
        "name": "RUMAH",
        "type": "community_centre",
        "close_hour": 17,
        "hours_source": "default"
      }
    },
    {
      "type": "Feature",
      "geometry": {
        "type": "Point",
        "coordinates": [
          -80.830205,
          35.217604
        ]
      },
      "properties": {
        "id": "osm-node-11533270785",
        "name": "Student Union",
        "type": "community_centre",
        "close_hour": 17,
        "hours_source": "default"
      }
    },
    {
      "type": "Feature",
      "geometry": {
        "type": "Point",
        "coordinates": [
          -81.511964,
          35.881704
        ]
      },
      "properties": {
        "id": "osm-node-11745276144",
        "name": "J. E. Broyhill Civic Center",
        "type": "community_centre",
        "close_hour": 17,
        "hours_source": "default"
      }
    },
    {
      "type": "Feature",
      "geometry": {
        "type": "Point",
        "coordinates": [
          -78.519854,
          35.734783
        ]
      },
      "properties": {
        "id": "osm-node-11962727569",
        "name": "Raleigh Police Club",
        "type": "community_centre",
        "close_hour": 17,
        "hours_source": "default"
      }
    },
    {
      "type": "Feature",
      "geometry": {
        "type": "Point",
        "coordinates": [
          -82.089639,
          35.526547
        ]
      },
      "properties": {
        "id": "osm-node-12160446831",
        "name": "Unnamed community centre",
        "type": "community_centre",
        "close_hour": 17,
        "hours_source": "default"
      }
    },
    {
      "type": "Feature",
      "geometry": {
        "type": "Point",
        "coordinates": [
          -79.419999,
          35.119405
        ]
      },
      "properties": {
        "id": "osm-node-12297087211",
        "name": "Aberdeen Community Center",
        "type": "community_centre",
        "close_hour": 17,
        "hours_source": "default"
      }
    },
    {
      "type": "Feature",
      "geometry": {
        "type": "Point",
        "coordinates": [
          -81.935028,
          36.103684
        ]
      },
      "properties": {
        "id": "osm-node-12338285538",
        "name": "Unnamed community centre",
        "type": "community_centre",
        "close_hour": 17,
        "hours_source": "default"
      }
    },
    {
      "type": "Feature",
      "geometry": {
        "type": "Point",
        "coordinates": [
          -80.005699,
          35.991139
        ]
      },
      "properties": {
        "id": "osm-node-12381304744",
        "name": "Roy B. Culler, Jr. Senior Center",
        "type": "community_centre",
        "close_hour": 17,
        "hours_source": "osm"
      }
    },
    {
      "type": "Feature",
      "geometry": {
        "type": "Point",
        "coordinates": [
          -79.877656,
          36.024172
        ]
      },
      "properties": {
        "id": "osm-node-12389102657",
        "name": "Greensboro Shrine Club",
        "type": "community_centre",
        "close_hour": 17,
        "hours_source": "default"
      }
    },
    {
      "type": "Feature",
      "geometry": {
        "type": "Point",
        "coordinates": [
          -80.627251,
          36.519316
        ]
      },
      "properties": {
        "id": "osm-node-12427169620",
        "name": "Mount Airy Elks Lodge",
        "type": "community_centre",
        "close_hour": 17,
        "hours_source": "default"
      }
    },
    {
      "type": "Feature",
      "geometry": {
        "type": "Point",
        "coordinates": [
          -80.896087,
          35.278996
        ]
      },
      "properties": {
        "id": "osm-node-12453656864",
        "name": "Paw Creek American Legion Post 353",
        "type": "community_centre",
        "close_hour": 17,
        "hours_source": "default"
      }
    },
    {
      "type": "Feature",
      "geometry": {
        "type": "Point",
        "coordinates": [
          -80.896151,
          35.279114
        ]
      },
      "properties": {
        "id": "osm-node-12453656865",
        "name": "Purple Charlotte Steppers Club",
        "type": "community_centre",
        "close_hour": 17,
        "hours_source": "default"
      }
    },
    {
      "type": "Feature",
      "geometry": {
        "type": "Point",
        "coordinates": [
          -81.029894,
          35.124255
        ]
      },
      "properties": {
        "id": "osm-node-12459883636",
        "name": "Charlotte Water Ski Club",
        "type": "community_centre",
        "close_hour": 17,
        "hours_source": "default"
      }
    },
    {
      "type": "Feature",
      "geometry": {
        "type": "Point",
        "coordinates": [
          -79.778656,
          36.092442
        ]
      },
      "properties": {
        "id": "osm-node-12787907652",
        "name": "Children's Home Society of North Carolina",
        "type": "community_centre",
        "close_hour": 17,
        "hours_source": "default"
      }
    },
    {
      "type": "Feature",
      "geometry": {
        "type": "Point",
        "coordinates": [
          -82.49169,
          35.203726
        ]
      },
      "properties": {
        "id": "osm-node-12864203117",
        "name": "Camp Arrowhead",
        "type": "community_centre",
        "close_hour": 17,
        "hours_source": "default"
      }
    },
    {
      "type": "Feature",
      "geometry": {
        "type": "Point",
        "coordinates": [
          -80.719639,
          34.996945
        ]
      },
      "properties": {
        "id": "osm-node-12913802052",
        "name": "Clubhouse",
        "type": "community_centre",
        "close_hour": 17,
        "hours_source": "default"
      }
    },
    {
      "type": "Feature",
      "geometry": {
        "type": "Point",
        "coordinates": [
          -82.635453,
          35.56408
        ]
      },
      "properties": {
        "id": "osm-node-12947806818",
        "name": "Unnamed community centre",
        "type": "community_centre",
        "close_hour": 17,
        "hours_source": "default"
      }
    },
    {
      "type": "Feature",
      "geometry": {
        "type": "Point",
        "coordinates": [
          -80.840852,
          35.228531
        ]
      },
      "properties": {
        "id": "osm-node-12963730453",
        "name": "Belk Place",
        "type": "community_centre",
        "close_hour": 17,
        "hours_source": "default"
      }
    },
    {
      "type": "Feature",
      "geometry": {
        "type": "Point",
        "coordinates": [
          -79.784184,
          36.070333
        ]
      },
      "properties": {
        "id": "osm-node-13140182483",
        "name": "Interactive Resource Center",
        "type": "community_centre",
        "close_hour": 17,
        "hours_source": "osm"
      }
    },
    {
      "type": "Feature",
      "geometry": {
        "type": "Point",
        "coordinates": [
          -80.839404,
          35.132301
        ]
      },
      "properties": {
        "id": "osm-node-13265797884",
        "name": "Harris Ymca",
        "type": "community_centre",
        "close_hour": 17,
        "hours_source": "default"
      }
    },
    {
      "type": "Feature",
      "geometry": {
        "type": "Point",
        "coordinates": [
          -79.830612,
          36.075191
        ]
      },
      "properties": {
        "id": "osm-node-13309702833",
        "name": "New Arrivals Institute",
        "type": "community_centre",
        "close_hour": 17,
        "hours_source": "default"
      }
    },
    {
      "type": "Feature",
      "geometry": {
        "type": "Point",
        "coordinates": [
          -79.78898,
          36.066326
        ]
      },
      "properties": {
        "id": "osm-node-13533397569",
        "name": "Beloved Community Center",
        "type": "community_centre",
        "close_hour": 17,
        "hours_source": "default"
      }
    },
    {
      "type": "Feature",
      "geometry": {
        "type": "Point",
        "coordinates": [
          -79.841931,
          36.065308
        ]
      },
      "properties": {
        "id": "osm-node-13577479324",
        "name": "Lindley Community Recreation Center",
        "type": "community_centre",
        "close_hour": 21,
        "hours_source": "osm"
      }
    },
    {
      "type": "Feature",
      "geometry": {
        "type": "Point",
        "coordinates": [
          -79.777078,
          36.136486
        ]
      },
      "properties": {
        "id": "osm-node-13620068392",
        "name": "Craft Community Recreation Center",
        "type": "community_centre",
        "close_hour": 17,
        "hours_source": "default"
      }
    },
    {
      "type": "Feature",
      "geometry": {
        "type": "Point",
        "coordinates": [
          -79.91301,
          36.037361
        ]
      },
      "properties": {
        "id": "osm-node-13620273786",
        "name": "Griffin Resource Center",
        "type": "community_centre",
        "close_hour": 17,
        "hours_source": "default"
      }
    },
    {
      "type": "Feature",
      "geometry": {
        "type": "Point",
        "coordinates": [
          -79.910006,
          36.10372
        ]
      },
      "properties": {
        "id": "osm-node-13620385964",
        "name": "Leonard Community Recreation Center",
        "type": "community_centre",
        "close_hour": 17,
        "hours_source": "default"
      }
    },
    {
      "type": "Feature",
      "geometry": {
        "type": "Point",
        "coordinates": [
          -79.784745,
          36.01471
        ]
      },
      "properties": {
        "id": "osm-node-13620395605",
        "name": "Brown Recreation Center",
        "type": "community_centre",
        "close_hour": 17,
        "hours_source": "default"
      }
    },
    {
      "type": "Feature",
      "geometry": {
        "type": "Point",
        "coordinates": [
          -79.797447,
          36.056347
        ]
      },
      "properties": {
        "id": "osm-node-13620444741",
        "name": "Warnersville Community Recreation Center",
        "type": "community_centre",
        "close_hour": 17,
        "hours_source": "default"
      }
    },
    {
      "type": "Feature",
      "geometry": {
        "type": "Point",
        "coordinates": [
          -79.802538,
          36.049546
        ]
      },
      "properties": {
        "id": "osm-node-13620448302",
        "name": "Xperience @ Caldcleugh",
        "type": "community_centre",
        "close_hour": 17,
        "hours_source": "default"
      }
    },
    {
      "type": "Feature",
      "geometry": {
        "type": "Point",
        "coordinates": [
          -78.588771,
          35.907456
        ]
      },
      "properties": {
        "id": "osm-node-13903052704",
        "name": "Zebra Robotics",
        "type": "community_centre",
        "close_hour": 17,
        "hours_source": "default"
      }
    },
    {
      "type": "Feature",
      "geometry": {
        "type": "Point",
        "coordinates": [
          -80.729438,
          35.084544
        ]
      },
      "properties": {
        "id": "osm-node-14075849507",
        "name": "Brace Family YMCA",
        "type": "community_centre",
        "close_hour": 21,
        "hours_source": "osm"
      }
    },
    {
      "type": "Feature",
      "geometry": {
        "type": "Point",
        "coordinates": [
          -82.593677,
          35.577853
        ]
      },
      "properties": {
        "id": "osm-node-14082138623",
        "name": "Unnamed community centre",
        "type": "community_centre",
        "close_hour": 17,
        "hours_source": "default"
      }
    },
    {
      "type": "Feature",
      "geometry": {
        "type": "Point",
        "coordinates": [
          -79.449079,
          35.205834
        ]
      },
      "properties": {
        "id": "osm-node-14125042893",
        "name": "Pinehurst Trace Club House",
        "type": "community_centre",
        "close_hour": 17,
        "hours_source": "default"
      }
    },
    {
      "type": "Feature",
      "geometry": {
        "type": "Point",
        "coordinates": [
          -79.463988,
          35.205518
        ]
      },
      "properties": {
        "id": "osm-node-14128823668",
        "name": "Cannon Park Community Center",
        "type": "community_centre",
        "close_hour": 17,
        "hours_source": "osm"
      }
    },
    {
      "type": "Feature",
      "geometry": {
        "type": "Point",
        "coordinates": [
          -79.800623,
          36.082252
        ]
      },
      "properties": {
        "id": "osm-node-14136141541",
        "name": "Car Caves",
        "type": "community_centre",
        "close_hour": 17,
        "hours_source": "default"
      }
    },
    {
      "type": "Feature",
      "geometry": {
        "type": "Point",
        "coordinates": [
          -78.626115,
          35.706977
        ]
      },
      "properties": {
        "id": "osm-node-14152692778",
        "name": "Omega Multipurpose Center",
        "type": "community_centre",
        "close_hour": 17,
        "hours_source": "default"
      }
    },
    {
      "type": "Feature",
      "geometry": {
        "type": "Point",
        "coordinates": [
          -79.385866,
          35.170617
        ]
      },
      "properties": {
        "id": "osm-node-14228228286",
        "name": "Train House",
        "type": "community_centre",
        "close_hour": 17,
        "hours_source": "default"
      }
    },
    {
      "type": "Feature",
      "geometry": {
        "type": "Point",
        "coordinates": [
          -79.38276,
          35.170312
        ]
      },
      "properties": {
        "id": "osm-node-14228461079",
        "name": "Weymouth Center for the Arts & Humanities",
        "type": "community_centre",
        "close_hour": 17,
        "hours_source": "default"
      }
    },
    {
      "type": "Feature",
      "geometry": {
        "type": "Point",
        "coordinates": [
          -78.780432,
          35.790727
        ]
      },
      "properties": {
        "id": "osm-way-32073961",
        "name": "Herbert Young Community Center",
        "type": "community_centre",
        "close_hour": 21,
        "hours_source": "osm"
      }
    },
    {
      "type": "Feature",
      "geometry": {
        "type": "Point",
        "coordinates": [
          -79.097776,
          35.938195
        ]
      },
      "properties": {
        "id": "osm-way-44261553",
        "name": "Arcadia Community House",
        "type": "community_centre",
        "close_hour": 17,
        "hours_source": "default"
      }
    },
    {
      "type": "Feature",
      "geometry": {
        "type": "Point",
        "coordinates": [
          -78.698368,
          35.830228
        ]
      },
      "properties": {
        "id": "osm-way-47837216",
        "name": "Laurel Hills Community Center",
        "type": "community_centre",
        "close_hour": 17,
        "hours_source": "default"
      }
    },
    {
      "type": "Feature",
      "geometry": {
        "type": "Point",
        "coordinates": [
          -77.71447,
          34.364808
        ]
      },
      "properties": {
        "id": "osm-way-68783789",
        "name": "Hampstead Community Building",
        "type": "community_centre",
        "close_hour": 17,
        "hours_source": "default"
      }
    },
    {
      "type": "Feature",
      "geometry": {
        "type": "Point",
        "coordinates": [
          -78.91401,
          36.013186
        ]
      },
      "properties": {
        "id": "osm-way-75538339",
        "name": "Walltown Ministries",
        "type": "community_centre",
        "close_hour": 17,
        "hours_source": "default"
      }
    },
    {
      "type": "Feature",
      "geometry": {
        "type": "Point",
        "coordinates": [
          -78.897835,
          36.000208
        ]
      },
      "properties": {
        "id": "osm-way-79086576",
        "name": "LGBTQ Center of Durham",
        "type": "community_centre",
        "close_hour": 20,
        "hours_source": "osm"
      }
    },
    {
      "type": "Feature",
      "geometry": {
        "type": "Point",
        "coordinates": [
          -78.955261,
          35.9791
        ]
      },
      "properties": {
        "id": "osm-way-170970459",
        "name": "Durham JCC",
        "type": "community_centre",
        "close_hour": 17,
        "hours_source": "default"
      }
    },
    {
      "type": "Feature",
      "geometry": {
        "type": "Point",
        "coordinates": [
          -78.928354,
          35.984529
        ]
      },
      "properties": {
        "id": "osm-way-185214321",
        "name": "Lakewood YMCA",
        "type": "community_centre",
        "close_hour": 17,
        "hours_source": "default"
      }
    },
    {
      "type": "Feature",
      "geometry": {
        "type": "Point",
        "coordinates": [
          -78.823142,
          35.786742
        ]
      },
      "properties": {
        "id": "osm-way-202215310",
        "name": "Archangel Centre and Gallery",
        "type": "community_centre",
        "close_hour": 17,
        "hours_source": "default"
      }
    },
    {
      "type": "Feature",
      "geometry": {
        "type": "Point",
        "coordinates": [
          -78.820442,
          35.786496
        ]
      },
      "properties": {
        "id": "osm-way-202215324",
        "name": "Parish Center",
        "type": "community_centre",
        "close_hour": 17,
        "hours_source": "default"
      }
    },
    {
      "type": "Feature",
      "geometry": {
        "type": "Point",
        "coordinates": [
          -77.786685,
          35.951606
        ]
      },
      "properties": {
        "id": "osm-way-210470135",
        "name": "Booker T. Washington Community Center",
        "type": "community_centre",
        "close_hour": 17,
        "hours_source": "default"
      }
    },
    {
      "type": "Feature",
      "geometry": {
        "type": "Point",
        "coordinates": [
          -79.225465,
          35.935443
        ]
      },
      "properties": {
        "id": "osm-way-265532502",
        "name": "Rigmore House",
        "type": "community_centre",
        "close_hour": 17,
        "hours_source": "default"
      }
    },
    {
      "type": "Feature",
      "geometry": {
        "type": "Point",
        "coordinates": [
          -78.930597,
          36.050548
        ]
      },
      "properties": {
        "id": "osm-way-276639019",
        "name": "Durham Moose Lodge",
        "type": "community_centre",
        "close_hour": 17,
        "hours_source": "default"
      }
    },
    {
      "type": "Feature",
      "geometry": {
        "type": "Point",
        "coordinates": [
          -77.028141,
          34.666875
        ]
      },
      "properties": {
        "id": "osm-way-295116167",
        "name": "Emerald Isle Parks and Recreation Community Center",
        "type": "community_centre",
        "close_hour": 17,
        "hours_source": "default"
      }
    },
    {
      "type": "Feature",
      "geometry": {
        "type": "Point",
        "coordinates": [
          -80.282078,
          36.086418
        ]
      },
      "properties": {
        "id": "osm-way-297251983",
        "name": "Miller Park Community Center",
        "type": "community_centre",
        "close_hour": 18,
        "hours_source": "osm"
      }
    },
    {
      "type": "Feature",
      "geometry": {
        "type": "Point",
        "coordinates": [
          -77.114172,
          36.228226
        ]
      },
      "properties": {
        "id": "osm-way-306635399",
        "name": "Aulander Community Center",
        "type": "community_centre",
        "close_hour": 17,
        "hours_source": "default"
      }
    },
    {
      "type": "Feature",
      "geometry": {
        "type": "Point",
        "coordinates": [
          -82.557303,
          35.57791
        ]
      },
      "properties": {
        "id": "osm-way-311361797",
        "name": "Arthur R. Edington Education and Career Center",
        "type": "community_centre",
        "close_hour": 17,
        "hours_source": "default"
      }
    },
    {
      "type": "Feature",
      "geometry": {
        "type": "Point",
        "coordinates": [
          -82.562204,
          35.577974
        ]
      },
      "properties": {
        "id": "osm-way-311363592",
        "name": "Dr. Wesley Grant Sr. Southside Center",
        "type": "community_centre",
        "close_hour": 17,
        "hours_source": "default"
      }
    },
    {
      "type": "Feature",
      "geometry": {
        "type": "Point",
        "coordinates": [
          -75.521692,
          35.267166
        ]
      },
      "properties": {
        "id": "osm-way-317862507",
        "name": "The Fessenden Center",
        "type": "community_centre",
        "close_hour": 17,
        "hours_source": "default"
      }
    },
    {
      "type": "Feature",
      "geometry": {
        "type": "Point",
        "coordinates": [
          -80.808096,
          35.24658
        ]
      },
      "properties": {
        "id": "osm-way-323193316",
        "name": "Johnston YMCA",
        "type": "community_centre",
        "close_hour": 17,
        "hours_source": "default"
      }
    },
    {
      "type": "Feature",
      "geometry": {
        "type": "Point",
        "coordinates": [
          -80.876554,
          35.111168
        ]
      },
      "properties": {
        "id": "osm-way-324526051",
        "name": "Pine Valley Community Center",
        "type": "community_centre",
        "close_hour": 17,
        "hours_source": "default"
      }
    },
    {
      "type": "Feature",
      "geometry": {
        "type": "Point",
        "coordinates": [
          -80.840766,
          35.24429
        ]
      },
      "properties": {
        "id": "osm-way-324608523",
        "name": "Unnamed community centre",
        "type": "community_centre",
        "close_hour": 17,
        "hours_source": "default"
      }
    },
    {
      "type": "Feature",
      "geometry": {
        "type": "Point",
        "coordinates": [
          -80.860433,
          35.494475
        ]
      },
      "properties": {
        "id": "osm-way-334406508",
        "name": "Lake Norman YMCA",
        "type": "community_centre",
        "close_hour": 17,
        "hours_source": "default"
      }
    },
    {
      "type": "Feature",
      "geometry": {
        "type": "Point",
        "coordinates": [
          -80.722444,
          35.113093
        ]
      },
      "properties": {
        "id": "osm-way-334564557",
        "name": "Matthews Community Center",
        "type": "community_centre",
        "close_hour": 17,
        "hours_source": "default"
      }
    },
    {
      "type": "Feature",
      "geometry": {
        "type": "Point",
        "coordinates": [
          -78.130879,
          33.917179
        ]
      },
      "properties": {
        "id": "osm-way-365935301",
        "name": "Oak Island Recreation Center",
        "type": "community_centre",
        "close_hour": 17,
        "hours_source": "default"
      }
    },
    {
      "type": "Feature",
      "geometry": {
        "type": "Point",
        "coordinates": [
          -78.854697,
          35.862178
        ]
      },
      "properties": {
        "id": "osm-way-378388578",
        "name": "Unnamed community centre",
        "type": "community_centre",
        "close_hour": 17,
        "hours_source": "default"
      }
    },
    {
      "type": "Feature",
      "geometry": {
        "type": "Point",
        "coordinates": [
          -78.063429,
          34.021425
        ]
      },
      "properties": {
        "id": "osm-way-383399633",
        "name": "Boiling Spring Lakes Community Center",
        "type": "community_centre",
        "close_hour": 20,
        "hours_source": "osm"
      }
    },
    {
      "type": "Feature",
      "geometry": {
        "type": "Point",
        "coordinates": [
          -82.826797,
          35.893532
        ]
      },
      "properties": {
        "id": "osm-way-395187352",
        "name": "Community Center",
        "type": "community_centre",
        "close_hour": 17,
        "hours_source": "default"
      }
    },
    {
      "type": "Feature",
      "geometry": {
        "type": "Point",
        "coordinates": [
          -82.394911,
          35.301819
        ]
      },
      "properties": {
        "id": "osm-way-404424055",
        "name": "Unnamed community centre",
        "type": "community_centre",
        "close_hour": 17,
        "hours_source": "default"
      }
    },
    {
      "type": "Feature",
      "geometry": {
        "type": "Point",
        "coordinates": [
          -77.072864,
          34.694217
        ]
      },
      "properties": {
        "id": "osm-way-408650095",
        "name": "Western Community Center",
        "type": "community_centre",
        "close_hour": 17,
        "hours_source": "default"
      }
    },
    {
      "type": "Feature",
      "geometry": {
        "type": "Point",
        "coordinates": [
          -75.973967,
          35.108123
        ]
      },
      "properties": {
        "id": "osm-way-409348223",
        "name": "Ocracoke Community Center",
        "type": "community_centre",
        "close_hour": 17,
        "hours_source": "default"
      }
    },
    {
      "type": "Feature",
      "geometry": {
        "type": "Point",
        "coordinates": [
          -82.442366,
          35.437944
        ]
      },
      "properties": {
        "id": "osm-way-411479215",
        "name": "Hoopers Creek Community Center",
        "type": "community_centre",
        "close_hour": 17,
        "hours_source": "default"
      }
    },
    {
      "type": "Feature",
      "geometry": {
        "type": "Point",
        "coordinates": [
          -82.873845,
          35.768955
        ]
      },
      "properties": {
        "id": "osm-way-421469321",
        "name": "Spring Creek Community Center",
        "type": "community_centre",
        "close_hour": 17,
        "hours_source": "default"
      }
    },
    {
      "type": "Feature",
      "geometry": {
        "type": "Point",
        "coordinates": [
          -79.421359,
          36.076228
        ]
      },
      "properties": {
        "id": "osm-way-431048320",
        "name": "Forest Hills Community Center",
        "type": "community_centre",
        "close_hour": 17,
        "hours_source": "default"
      }
    },
    {
      "type": "Feature",
      "geometry": {
        "type": "Point",
        "coordinates": [
          -78.447615,
          36.333869
        ]
      },
      "properties": {
        "id": "osm-way-432770870",
        "name": "Unnamed community centre",
        "type": "community_centre",
        "close_hour": 17,
        "hours_source": "default"
      }
    },
    {
      "type": "Feature",
      "geometry": {
        "type": "Point",
        "coordinates": [
          -78.801416,
          35.573045
        ]
      },
      "properties": {
        "id": "osm-way-440407984",
        "name": "Fuquay-Varina Community Center",
        "type": "community_centre",
        "close_hour": 17,
        "hours_source": "default"
      }
    },
    {
      "type": "Feature",
      "geometry": {
        "type": "Point",
        "coordinates": [
          -80.664075,
          35.469606
        ]
      },
      "properties": {
        "id": "osm-way-442045994",
        "name": "Unnamed community centre",
        "type": "community_centre",
        "close_hour": 17,
        "hours_source": "default"
      }
    },
    {
      "type": "Feature",
      "geometry": {
        "type": "Point",
        "coordinates": [
          -79.008976,
          35.920893
        ]
      },
      "properties": {
        "id": "osm-way-444598717",
        "name": "Chapel Hill Country Club",
        "type": "community_centre",
        "close_hour": 17,
        "hours_source": "default"
      }
    },
    {
      "type": "Feature",
      "geometry": {
        "type": "Point",
        "coordinates": [
          -80.795017,
          35.198495
        ]
      },
      "properties": {
        "id": "osm-way-448416189",
        "name": "Time Out Youth Center",
        "type": "community_centre",
        "close_hour": 17,
        "hours_source": "default"
      }
    },
    {
      "type": "Feature",
      "geometry": {
        "type": "Point",
        "coordinates": [
          -82.552997,
          35.622974
        ]
      },
      "properties": {
        "id": "osm-way-469408845",
        "name": "North Asheville Recreation Center",
        "type": "community_centre",
        "close_hour": 17,
        "hours_source": "default"
      }
    },
    {
      "type": "Feature",
      "geometry": {
        "type": "Point",
        "coordinates": [
          -80.196567,
          35.3551
        ]
      },
      "properties": {
        "id": "osm-way-470083732",
        "name": "Stanly County Senior Citizens",
        "type": "community_centre",
        "close_hour": 17,
        "hours_source": "default"
      }
    },
    {
      "type": "Feature",
      "geometry": {
        "type": "Point",
        "coordinates": [
          -80.965243,
          35.356171
        ]
      },
      "properties": {
        "id": "osm-way-479565503",
        "name": "Unnamed community centre",
        "type": "community_centre",
        "close_hour": 17,
        "hours_source": "default"
      }
    },
    {
      "type": "Feature",
      "geometry": {
        "type": "Point",
        "coordinates": [
          -77.037345,
          34.66414
        ]
      },
      "properties": {
        "id": "osm-way-484453694",
        "name": "Emerald Isle Visitors Center",
        "type": "community_centre",
        "close_hour": 17,
        "hours_source": "default"
      }
    },
    {
      "type": "Feature",
      "geometry": {
        "type": "Point",
        "coordinates": [
          -82.343129,
          35.476901
        ]
      },
      "properties": {
        "id": "osm-way-487771001",
        "name": "Upper Hickory Nut Gorge Community Center",
        "type": "community_centre",
        "close_hour": 17,
        "hours_source": "default"
      }
    },
    {
      "type": "Feature",
      "geometry": {
        "type": "Point",
        "coordinates": [
          -82.547611,
          35.592742
        ]
      },
      "properties": {
        "id": "osm-way-490614757",
        "name": "Stephens-Lee Community Center",
        "type": "community_centre",
        "close_hour": 17,
        "hours_source": "default"
      }
    },
    {
      "type": "Feature",
      "geometry": {
        "type": "Point",
        "coordinates": [
          -78.896525,
          35.982285
        ]
      },
      "properties": {
        "id": "osm-way-501035156",
        "name": "Unnamed community centre",
        "type": "community_centre",
        "close_hour": 17,
        "hours_source": "default"
      }
    },
    {
      "type": "Feature",
      "geometry": {
        "type": "Point",
        "coordinates": [
          -78.896611,
          35.982058
        ]
      },
      "properties": {
        "id": "osm-way-501035157",
        "name": "W G Pearson Center",
        "type": "community_centre",
        "close_hour": 17,
        "hours_source": "default"
      }
    },
    {
      "type": "Feature",
      "geometry": {
        "type": "Point",
        "coordinates": [
          -78.51323,
          35.896899
        ]
      },
      "properties": {
        "id": "osm-way-502788453",
        "name": "Highland Creek Preserve Lodge",
        "type": "community_centre",
        "close_hour": 17,
        "hours_source": "default"
      }
    },
    {
      "type": "Feature",
      "geometry": {
        "type": "Point",
        "coordinates": [
          -80.979598,
          35.173697
        ]
      },
      "properties": {
        "id": "osm-way-511348658",
        "name": "Berewick Recreation Center",
        "type": "community_centre",
        "close_hour": 17,
        "hours_source": "default"
      }
    },
    {
      "type": "Feature",
      "geometry": {
        "type": "Point",
        "coordinates": [
          -81.962783,
          36.150793
        ]
      },
      "properties": {
        "id": "osm-way-514047961",
        "name": "Historic Cranberry High School",
        "type": "community_centre",
        "close_hour": 17,
        "hours_source": "default"
      }
    },
    {
      "type": "Feature",
      "geometry": {
        "type": "Point",
        "coordinates": [
          -75.698145,
          36.013176
        ]
      },
      "properties": {
        "id": "osm-way-515396630",
        "name": "Unnamed community centre",
        "type": "community_centre",
        "close_hour": 17,
        "hours_source": "default"
      }
    },
    {
      "type": "Feature",
      "geometry": {
        "type": "Point",
        "coordinates": [
          -75.707091,
          36.000647
        ]
      },
      "properties": {
        "id": "osm-way-515533092",
        "name": "Claw Club",
        "type": "community_centre",
        "close_hour": 17,
        "hours_source": "default"
      }
    },
    {
      "type": "Feature",
      "geometry": {
        "type": "Point",
        "coordinates": [
          -75.726295,
          36.019457
        ]
      },
      "properties": {
        "id": "osm-way-515534001",
        "name": "Unnamed community centre",
        "type": "community_centre",
        "close_hour": 17,
        "hours_source": "default"
      }
    },
    {
      "type": "Feature",
      "geometry": {
        "type": "Point",
        "coordinates": [
          -78.798585,
          35.694665
        ]
      },
      "properties": {
        "id": "osm-way-529029408",
        "name": "Unnamed community centre",
        "type": "community_centre",
        "close_hour": 17,
        "hours_source": "default"
      }
    },
    {
      "type": "Feature",
      "geometry": {
        "type": "Point",
        "coordinates": [
          -78.624794,
          35.903107
        ]
      },
      "properties": {
        "id": "osm-way-529538015",
        "name": "Unnamed community centre",
        "type": "community_centre",
        "close_hour": 17,
        "hours_source": "default"
      }
    },
    {
      "type": "Feature",
      "geometry": {
        "type": "Point",
        "coordinates": [
          -81.904874,
          36.220118
        ]
      },
      "properties": {
        "id": "osm-way-543881751",
        "name": "Unnamed community centre",
        "type": "community_centre",
        "close_hour": 17,
        "hours_source": "default"
      }
    },
    {
      "type": "Feature",
      "geometry": {
        "type": "Point",
        "coordinates": [
          -78.90313,
          35.841543
        ]
      },
      "properties": {
        "id": "osm-way-544757821",
        "name": "UNC Wellness Center",
        "type": "community_centre",
        "close_hour": 17,
        "hours_source": "default"
      }
    },
    {
      "type": "Feature",
      "geometry": {
        "type": "Point",
        "coordinates": [
          -81.008044,
          35.141896
        ]
      },
      "properties": {
        "id": "osm-way-545869426",
        "name": "Chapel Cove Clubhouse",
        "type": "community_centre",
        "close_hour": 17,
        "hours_source": "default"
      }
    },
    {
      "type": "Feature",
      "geometry": {
        "type": "Point",
        "coordinates": [
          -81.361478,
          35.732754
        ]
      },
      "properties": {
        "id": "osm-way-546176948",
        "name": "Westmont Senior Center",
        "type": "community_centre",
        "close_hour": 17,
        "hours_source": "default"
      }
    },
    {
      "type": "Feature",
      "geometry": {
        "type": "Point",
        "coordinates": [
          -77.969727,
          36.207208
        ]
      },
      "properties": {
        "id": "osm-way-546177948",
        "name": "Unnamed community centre",
        "type": "community_centre",
        "close_hour": 17,
        "hours_source": "default"
      }
    },
    {
      "type": "Feature",
      "geometry": {
        "type": "Point",
        "coordinates": [
          -78.905879,
          35.944377
        ]
      },
      "properties": {
        "id": "osm-way-547542877",
        "name": "Ivy Community Center",
        "type": "community_centre",
        "close_hour": 17,
        "hours_source": "default"
      }
    },
    {
      "type": "Feature",
      "geometry": {
        "type": "Point",
        "coordinates": [
          -78.156319,
          36.396916
        ]
      },
      "properties": {
        "id": "osm-way-548191792",
        "name": "Warrenton Community Center",
        "type": "community_centre",
        "close_hour": 17,
        "hours_source": "default"
      }
    },
    {
      "type": "Feature",
      "geometry": {
        "type": "Point",
        "coordinates": [
          -80.399807,
          36.137749
        ]
      },
      "properties": {
        "id": "osm-way-556610913",
        "name": "WCCC Basketball Center",
        "type": "community_centre",
        "close_hour": 17,
        "hours_source": "default"
      }
    },
    {
      "type": "Feature",
      "geometry": {
        "type": "Point",
        "coordinates": [
          -80.40021,
          36.138478
        ]
      },
      "properties": {
        "id": "osm-way-556610914",
        "name": "Boy Scout Troop 919 Building",
        "type": "community_centre",
        "close_hour": 17,
        "hours_source": "default"
      }
    },
    {
      "type": "Feature",
      "geometry": {
        "type": "Point",
        "coordinates": [
          -80.636749,
          35.086499
        ]
      },
      "properties": {
        "id": "osm-way-556766620",
        "name": "Lake Park Community Center",
        "type": "community_centre",
        "close_hour": 17,
        "hours_source": "default"
      }
    },
    {
      "type": "Feature",
      "geometry": {
        "type": "Point",
        "coordinates": [
          -80.419679,
          36.096073
        ]
      },
      "properties": {
        "id": "osm-way-556801651",
        "name": "G Galloway Reynolds Community Center",
        "type": "community_centre",
        "close_hour": 17,
        "hours_source": "default"
      }
    },
    {
      "type": "Feature",
      "geometry": {
        "type": "Point",
        "coordinates": [
          -79.520622,
          36.095011
        ]
      },
      "properties": {
        "id": "osm-way-559325489",
        "name": "Heritage Place Community Center",
        "type": "community_centre",
        "close_hour": 17,
        "hours_source": "default"
      }
    },
    {
      "type": "Feature",
      "geometry": {
        "type": "Point",
        "coordinates": [
          -79.406161,
          36.076655
        ]
      },
      "properties": {
        "id": "osm-way-561644055",
        "name": "Graham Recreation Center",
        "type": "community_centre",
        "close_hour": 17,
        "hours_source": "default"
      }
    },
    {
      "type": "Feature",
      "geometry": {
        "type": "Point",
        "coordinates": [
          -78.8465,
          35.733672
        ]
      },
      "properties": {
        "id": "osm-way-564708528",
        "name": "Apex Community Center",
        "type": "community_centre",
        "close_hour": 17,
        "hours_source": "default"
      }
    },
    {
      "type": "Feature",
      "geometry": {
        "type": "Point",
        "coordinates": [
          -80.680061,
          35.968978
        ]
      },
      "properties": {
        "id": "osm-way-566823108",
        "name": "Unnamed community centre",
        "type": "community_centre",
        "close_hour": 17,
        "hours_source": "default"
      }
    },
    {
      "type": "Feature",
      "geometry": {
        "type": "Point",
        "coordinates": [
          -78.90212,
          35.044901
        ]
      },
      "properties": {
        "id": "osm-way-577414195",
        "name": "G.B. Myers Recreation Center",
        "type": "community_centre",
        "close_hour": 17,
        "hours_source": "default"
      }
    },
    {
      "type": "Feature",
      "geometry": {
        "type": "Point",
        "coordinates": [
          -81.076101,
          35.240653
        ]
      },
      "properties": {
        "id": "osm-way-578245799",
        "name": "Cramerton Community Center",
        "type": "community_centre",
        "close_hour": 17,
        "hours_source": "default"
      }
    },
    {
      "type": "Feature",
      "geometry": {
        "type": "Point",
        "coordinates": [
          -80.631744,
          35.502871
        ]
      },
      "properties": {
        "id": "osm-way-579072018",
        "name": "Kannapolis Parks and Rec",
        "type": "community_centre",
        "close_hour": 17,
        "hours_source": "default"
      }
    },
    {
      "type": "Feature",
      "geometry": {
        "type": "Point",
        "coordinates": [
          -78.453897,
          35.912396
        ]
      },
      "properties": {
        "id": "osm-way-581458844",
        "name": "Cedar Lake Club House",
        "type": "community_centre",
        "close_hour": 17,
        "hours_source": "default"
      }
    },
    {
      "type": "Feature",
      "geometry": {
        "type": "Point",
        "coordinates": [
          -78.804285,
          35.962989
        ]
      },
      "properties": {
        "id": "osm-way-583074195",
        "name": "Unnamed community centre",
        "type": "community_centre",
        "close_hour": 17,
        "hours_source": "default"
      }
    },
    {
      "type": "Feature",
      "geometry": {
        "type": "Point",
        "coordinates": [
          -78.660873,
          35.780655
        ]
      },
      "properties": {
        "id": "osm-way-583703196",
        "name": "Pullen Community Center",
        "type": "community_centre",
        "close_hour": 17,
        "hours_source": "default"
      }
    },
    {
      "type": "Feature",
      "geometry": {
        "type": "Point",
        "coordinates": [
          -78.462722,
          35.916647
        ]
      },
      "properties": {
        "id": "osm-way-583754282",
        "name": "Unnamed community centre",
        "type": "community_centre",
        "close_hour": 17,
        "hours_source": "default"
      }
    },
    {
      "type": "Feature",
      "geometry": {
        "type": "Point",
        "coordinates": [
          -80.585627,
          35.568907
        ]
      },
      "properties": {
        "id": "osm-way-584756766",
        "name": "China Grove Community Memorial Center",
        "type": "community_centre",
        "close_hour": 17,
        "hours_source": "default"
      }
    },
    {
      "type": "Feature",
      "geometry": {
        "type": "Point",
        "coordinates": [
          -78.864591,
          35.715635
        ]
      },
      "properties": {
        "id": "osm-way-585179776",
        "name": "Salem Village Clubhouse",
        "type": "community_centre",
        "close_hour": 17,
        "hours_source": "default"
      }
    },
    {
      "type": "Feature",
      "geometry": {
        "type": "Point",
        "coordinates": [
          -75.742468,
          35.700093
        ]
      },
      "properties": {
        "id": "osm-way-586685400",
        "name": "Stumpy Point Community Center",
        "type": "community_centre",
        "close_hour": 17,
        "hours_source": "default"
      }
    },
    {
      "type": "Feature",
      "geometry": {
        "type": "Point",
        "coordinates": [
          -78.503981,
          35.983
        ]
      },
      "properties": {
        "id": "osm-way-588191978",
        "name": "Alston-Massenburg Center",
        "type": "community_centre",
        "close_hour": 17,
        "hours_source": "default"
      }
    },
    {
      "type": "Feature",
      "geometry": {
        "type": "Point",
        "coordinates": [
          -80.842535,
          35.234433
        ]
      },
      "properties": {
        "id": "osm-way-589068970",
        "name": "Unnamed community centre",
        "type": "community_centre",
        "close_hour": 17,
        "hours_source": "default"
      }
    },
    {
      "type": "Feature",
      "geometry": {
        "type": "Point",
        "coordinates": [
          -80.45931,
          34.984611
        ]
      },
      "properties": {
        "id": "osm-way-595937488",
        "name": "Wingate Community Center",
        "type": "community_centre",
        "close_hour": 17,
        "hours_source": "default"
      }
    },
    {
      "type": "Feature",
      "geometry": {
        "type": "Point",
        "coordinates": [
          -80.560025,
          34.988075
        ]
      },
      "properties": {
        "id": "osm-way-596643473",
        "name": "Dickerson Center",
        "type": "community_centre",
        "close_hour": 17,
        "hours_source": "default"
      }
    },
    {
      "type": "Feature",
      "geometry": {
        "type": "Point",
        "coordinates": [
          -75.753855,
          36.165013
        ]
      },
      "properties": {
        "id": "osm-way-602322178",
        "name": "Meeting Hall",
        "type": "community_centre",
        "close_hour": 17,
        "hours_source": "default"
      }
    },
    {
      "type": "Feature",
      "geometry": {
        "type": "Point",
        "coordinates": [
          -78.510205,
          35.996168
        ]
      },
      "properties": {
        "id": "osm-way-608445239",
        "name": "Cottage at Olde Mill Stream",
        "type": "community_centre",
        "close_hour": 17,
        "hours_source": "default"
      }
    },
    {
      "type": "Feature",
      "geometry": {
        "type": "Point",
        "coordinates": [
          -77.63328,
          34.835243
        ]
      },
      "properties": {
        "id": "osm-way-611299468",
        "name": "Unnamed community centre",
        "type": "community_centre",
        "close_hour": 17,
        "hours_source": "default"
      }
    },
    {
      "type": "Feature",
      "geometry": {
        "type": "Point",
        "coordinates": [
          -80.848767,
          36.244327
        ]
      },
      "properties": {
        "id": "osm-way-616681900",
        "name": "The Liberty / Coley Hall",
        "type": "community_centre",
        "close_hour": 17,
        "hours_source": "default"
      }
    },
    {
      "type": "Feature",
      "geometry": {
        "type": "Point",
        "coordinates": [
          -80.850204,
          36.244738
        ]
      },
      "properties": {
        "id": "osm-way-616681915",
        "name": "Chamber of Commerce",
        "type": "community_centre",
        "close_hour": 17,
        "hours_source": "default"
      }
    },
    {
      "type": "Feature",
      "geometry": {
        "type": "Point",
        "coordinates": [
          -80.810536,
          35.58358
        ]
      },
      "properties": {
        "id": "osm-way-617902619",
        "name": "Charles Mack Citizen Center",
        "type": "community_centre",
        "close_hour": 17,
        "hours_source": "default"
      }
    },
    {
      "type": "Feature",
      "geometry": {
        "type": "Point",
        "coordinates": [
          -80.655896,
          35.46076
        ]
      },
      "properties": {
        "id": "osm-way-619330425",
        "name": "Unnamed community centre",
        "type": "community_centre",
        "close_hour": 17,
        "hours_source": "default"
      }
    },
    {
      "type": "Feature",
      "geometry": {
        "type": "Point",
        "coordinates": [
          -80.331904,
          36.065496
        ]
      },
      "properties": {
        "id": "osm-way-626109676",
        "name": "Little Creek Neighborhood Center",
        "type": "community_centre",
        "close_hour": 17,
        "hours_source": "default"
      }
    },
    {
      "type": "Feature",
      "geometry": {
        "type": "Point",
        "coordinates": [
          -80.860941,
          36.251817
        ]
      },
      "properties": {
        "id": "osm-way-628363072",
        "name": "Elkin Recreation Center",
        "type": "community_centre",
        "close_hour": 17,
        "hours_source": "default"
      }
    },
    {
      "type": "Feature",
      "geometry": {
        "type": "Point",
        "coordinates": [
          -80.859642,
          36.250641
        ]
      },
      "properties": {
        "id": "osm-way-628363086",
        "name": "Elkin Municipal Pool",
        "type": "community_centre",
        "close_hour": 17,
        "hours_source": "default"
      }
    },
    {
      "type": "Feature",
      "geometry": {
        "type": "Point",
        "coordinates": [
          -79.053895,
          35.458919
        ]
      },
      "properties": {
        "id": "osm-way-630359724",
        "name": "Broadway Community Building",
        "type": "community_centre",
        "close_hour": 17,
        "hours_source": "default"
      }
    },
    {
      "type": "Feature",
      "geometry": {
        "type": "Point",
        "coordinates": [
          -81.157185,
          36.469401
        ]
      },
      "properties": {
        "id": "osm-way-632006024",
        "name": "Whitehead Community Center",
        "type": "community_centre",
        "close_hour": 17,
        "hours_source": "default"
      }
    },
    {
      "type": "Feature",
      "geometry": {
        "type": "Point",
        "coordinates": [
          -81.119928,
          36.506475
        ]
      },
      "properties": {
        "id": "osm-way-633762511",
        "name": "Allaghany County Community Center",
        "type": "community_centre",
        "close_hour": 17,
        "hours_source": "default"
      }
    },
    {
      "type": "Feature",
      "geometry": {
        "type": "Point",
        "coordinates": [
          -78.638836,
          35.793693
        ]
      },
      "properties": {
        "id": "osm-way-633944088",
        "name": "Halifax Community Center",
        "type": "community_centre",
        "close_hour": 21,
        "hours_source": "osm"
      }
    },
    {
      "type": "Feature",
      "geometry": {
        "type": "Point",
        "coordinates": [
          -80.441462,
          36.327086
        ]
      },
      "properties": {
        "id": "osm-way-635483218",
        "name": "Unnamed community centre",
        "type": "community_centre",
        "close_hour": 17,
        "hours_source": "default"
      }
    },
    {
      "type": "Feature",
      "geometry": {
        "type": "Point",
        "coordinates": [
          -80.327519,
          34.905696
        ]
      },
      "properties": {
        "id": "osm-way-637972211",
        "name": "Hargette Store",
        "type": "community_centre",
        "close_hour": 17,
        "hours_source": "default"
      }
    },
    {
      "type": "Feature",
      "geometry": {
        "type": "Point",
        "coordinates": [
          -79.00099,
          35.080616
        ]
      },
      "properties": {
        "id": "osm-way-639574072",
        "name": "Amdministrative",
        "type": "community_centre",
        "close_hour": 17,
        "hours_source": "default"
      }
    },
    {
      "type": "Feature",
      "geometry": {
        "type": "Point",
        "coordinates": [
          -79.693238,
          34.884154
        ]
      },
      "properties": {
        "id": "osm-way-648610083",
        "name": "Hamlet Senior Center",
        "type": "community_centre",
        "close_hour": 17,
        "hours_source": "default"
      }
    },
    {
      "type": "Feature",
      "geometry": {
        "type": "Point",
        "coordinates": [
          -84.223436,
          35.105042
        ]
      },
      "properties": {
        "id": "osm-way-653175873",
        "name": "Hiwasse Dam Community Center",
        "type": "community_centre",
        "close_hour": 17,
        "hours_source": "default"
      }
    },
    {
      "type": "Feature",
      "geometry": {
        "type": "Point",
        "coordinates": [
          -82.552315,
          35.835007
        ]
      },
      "properties": {
        "id": "osm-way-654360169",
        "name": "Mars Hill Community Center",
        "type": "community_centre",
        "close_hour": 17,
        "hours_source": "default"
      }
    },
    {
      "type": "Feature",
      "geometry": {
        "type": "Point",
        "coordinates": [
          -82.687255,
          35.796011
        ]
      },
      "properties": {
        "id": "osm-way-654619215",
        "name": "Unnamed community centre",
        "type": "community_centre",
        "close_hour": 17,
        "hours_source": "default"
      }
    },
    {
      "type": "Feature",
      "geometry": {
        "type": "Point",
        "coordinates": [
          -78.564297,
          35.824306
        ]
      },
      "properties": {
        "id": "osm-way-654844590",
        "name": "Marsh Creek Community Center",
        "type": "community_centre",
        "close_hour": 17,
        "hours_source": "default"
      }
    },
    {
      "type": "Feature",
      "geometry": {
        "type": "Point",
        "coordinates": [
          -78.471249,
          35.906786
        ]
      },
      "properties": {
        "id": "osm-way-662494792",
        "name": "Carlton Pointe Clubhouse",
        "type": "community_centre",
        "close_hour": 17,
        "hours_source": "default"
      }
    },
    {
      "type": "Feature",
      "geometry": {
        "type": "Point",
        "coordinates": [
          -82.283354,
          35.826223
        ]
      },
      "properties": {
        "id": "osm-way-667343597",
        "name": "Cattail Creek Community Center",
        "type": "community_centre",
        "close_hour": 17,
        "hours_source": "default"
      }
    },
    {
      "type": "Feature",
      "geometry": {
        "type": "Point",
        "coordinates": [
          -82.560118,
          35.695446
        ]
      },
      "properties": {
        "id": "osm-way-670096866",
        "name": "Weaverville Community",
        "type": "community_centre",
        "close_hour": 17,
        "hours_source": "default"
      }
    },
    {
      "type": "Feature",
      "geometry": {
        "type": "Point",
        "coordinates": [
          -82.544359,
          35.910617
        ]
      },
      "properties": {
        "id": "osm-way-672213154",
        "name": "Upper Laurel Community Center",
        "type": "community_centre",
        "close_hour": 17,
        "hours_source": "default"
      }
    },
    {
      "type": "Feature",
      "geometry": {
        "type": "Point",
        "coordinates": [
          -82.707311,
          35.954473
        ]
      },
      "properties": {
        "id": "osm-way-673006544",
        "name": "Laurel Community Center",
        "type": "community_centre",
        "close_hour": 17,
        "hours_source": "default"
      }
    },
    {
      "type": "Feature",
      "geometry": {
        "type": "Point",
        "coordinates": [
          -76.3021,
          36.300765
        ]
      },
      "properties": {
        "id": "osm-way-673951736",
        "name": "Unnamed community centre",
        "type": "community_centre",
        "close_hour": 17,
        "hours_source": "default"
      }
    },
    {
      "type": "Feature",
      "geometry": {
        "type": "Point",
        "coordinates": [
          -82.504541,
          35.818624
        ]
      },
      "properties": {
        "id": "osm-way-674470050",
        "name": "Beech Glen Community Center",
        "type": "community_centre",
        "close_hour": 17,
        "hours_source": "default"
      }
    },
    {
      "type": "Feature",
      "geometry": {
        "type": "Point",
        "coordinates": [
          -78.68894,
          35.946382
        ]
      },
      "properties": {
        "id": "osm-way-679096445",
        "name": "Unnamed community centre",
        "type": "community_centre",
        "close_hour": 17,
        "hours_source": "default"
      }
    },
    {
      "type": "Feature",
      "geometry": {
        "type": "Point",
        "coordinates": [
          -82.615012,
          35.839446
        ]
      },
      "properties": {
        "id": "osm-way-680535537",
        "name": "Center Community Center",
        "type": "community_centre",
        "close_hour": 17,
        "hours_source": "default"
      }
    },
    {
      "type": "Feature",
      "geometry": {
        "type": "Point",
        "coordinates": [
          -77.398344,
          34.793884
        ]
      },
      "properties": {
        "id": "osm-way-682176497",
        "name": "Commons Rec. Center",
        "type": "community_centre",
        "close_hour": 17,
        "hours_source": "default"
      }
    },
    {
      "type": "Feature",
      "geometry": {
        "type": "Point",
        "coordinates": [
          -82.431123,
          35.759719
        ]
      },
      "properties": {
        "id": "osm-way-682479166",
        "name": "Big Ivy Community Center",
        "type": "community_centre",
        "close_hour": 17,
        "hours_source": "default"
      }
    },
    {
      "type": "Feature",
      "geometry": {
        "type": "Point",
        "coordinates": [
          -81.001246,
          35.47491
        ]
      },
      "properties": {
        "id": "osm-way-683514290",
        "name": "East Lincoln Community Center",
        "type": "community_centre",
        "close_hour": 17,
        "hours_source": "default"
      }
    },
    {
      "type": "Feature",
      "geometry": {
        "type": "Point",
        "coordinates": [
          -82.478655,
          35.680772
        ]
      },
      "properties": {
        "id": "osm-way-683763897",
        "name": "Ox Creek Community Center",
        "type": "community_centre",
        "close_hour": 17,
        "hours_source": "default"
      }
    },
    {
      "type": "Feature",
      "geometry": {
        "type": "Point",
        "coordinates": [
          -78.058314,
          35.760911
        ]
      },
      "properties": {
        "id": "osm-way-685120078",
        "name": "Sims Community Center",
        "type": "community_centre",
        "close_hour": 17,
        "hours_source": "default"
      }
    },
    {
      "type": "Feature",
      "geometry": {
        "type": "Point",
        "coordinates": [
          -82.865352,
          35.657108
        ]
      },
      "properties": {
        "id": "osm-way-685643140",
        "name": "CRS Learning Center",
        "type": "community_centre",
        "close_hour": 17,
        "hours_source": "default"
      }
    },
    {
      "type": "Feature",
      "geometry": {
        "type": "Point",
        "coordinates": [
          -79.151156,
          34.924899
        ]
      },
      "properties": {
        "id": "osm-way-692340640",
        "name": "Stonewall Community Building",
        "type": "community_centre",
        "close_hour": 17,
        "hours_source": "default"
      }
    },
    {
      "type": "Feature",
      "geometry": {
        "type": "Point",
        "coordinates": [
          -79.722681,
          35.171178
        ]
      },
      "properties": {
        "id": "osm-way-692623534",
        "name": "Norman Community Center",
        "type": "community_centre",
        "close_hour": 17,
        "hours_source": "default"
      }
    },
    {
      "type": "Feature",
      "geometry": {
        "type": "Point",
        "coordinates": [
          -81.683036,
          36.218632
        ]
      },
      "properties": {
        "id": "osm-way-693628880",
        "name": "Jones House Community Center",
        "type": "community_centre",
        "close_hour": 17,
        "hours_source": "default"
      }
    },
    {
      "type": "Feature",
      "geometry": {
        "type": "Point",
        "coordinates": [
          -82.375103,
          35.327118
        ]
      },
      "properties": {
        "id": "osm-way-693923809",
        "name": "Dana Community Center",
        "type": "community_centre",
        "close_hour": 17,
        "hours_source": "default"
      }
    },
    {
      "type": "Feature",
      "geometry": {
        "type": "Point",
        "coordinates": [
          -82.357036,
          35.38286
        ]
      },
      "properties": {
        "id": "osm-way-693929973",
        "name": "Edneyville Community Center",
        "type": "community_centre",
        "close_hour": 17,
        "hours_source": "default"
      }
    },
    {
      "type": "Feature",
      "geometry": {
        "type": "Point",
        "coordinates": [
          -81.188193,
          35.912858
        ]
      },
      "properties": {
        "id": "osm-way-695837015",
        "name": "Alexander County Senior Center",
        "type": "community_centre",
        "close_hour": 17,
        "hours_source": "default"
      }
    },
    {
      "type": "Feature",
      "geometry": {
        "type": "Point",
        "coordinates": [
          -81.014713,
          35.282569
        ]
      },
      "properties": {
        "id": "osm-way-696984067",
        "name": "Tuckaseege Community Center",
        "type": "community_centre",
        "close_hour": 17,
        "hours_source": "default"
      }
    },
    {
      "type": "Feature",
      "geometry": {
        "type": "Point",
        "coordinates": [
          -82.956317,
          35.111069
        ]
      },
      "properties": {
        "id": "osm-way-706467002",
        "name": "Sapphire-Whitewater Community Center",
        "type": "community_centre",
        "close_hour": 17,
        "hours_source": "default"
      }
    },
    {
      "type": "Feature",
      "geometry": {
        "type": "Point",
        "coordinates": [
          -83.286148,
          35.470995
        ]
      },
      "properties": {
        "id": "osm-way-723006440",
        "name": "Painttown Gym and Community Center",
        "type": "community_centre",
        "close_hour": 17,
        "hours_source": "default"
      }
    },
    {
      "type": "Feature",
      "geometry": {
        "type": "Point",
        "coordinates": [
          -83.255908,
          35.490199
        ]
      },
      "properties": {
        "id": "osm-way-723016604",
        "name": "Big Y Community Center",
        "type": "community_centre",
        "close_hour": 17,
        "hours_source": "default"
      }
    },
    {
      "type": "Feature",
      "geometry": {
        "type": "Point",
        "coordinates": [
          -81.654344,
          36.203233
        ]
      },
      "properties": {
        "id": "osm-way-724197792",
        "name": "Watauga County Community Recreation Center",
        "type": "community_centre",
        "close_hour": 17,
        "hours_source": "default"
      }
    },
    {
      "type": "Feature",
      "geometry": {
        "type": "Point",
        "coordinates": [
          -80.154428,
          36.072098
        ]
      },
      "properties": {
        "id": "osm-way-734605507",
        "name": "Sedge Garden Neighborhood Center",
        "type": "community_centre",
        "close_hour": 17,
        "hours_source": "default"
      }
    },
    {
      "type": "Feature",
      "geometry": {
        "type": "Point",
        "coordinates": [
          -82.679982,
          35.795225
        ]
      },
      "properties": {
        "id": "osm-way-736892963",
        "name": "The Depot at Marshall",
        "type": "community_centre",
        "close_hour": 17,
        "hours_source": "default"
      }
    },
    {
      "type": "Feature",
      "geometry": {
        "type": "Point",
        "coordinates": [
          -81.783579,
          36.265665
        ]
      },
      "properties": {
        "id": "osm-way-737426581",
        "name": "Western Watauga Community Center",
        "type": "community_centre",
        "close_hour": 17,
        "hours_source": "default"
      }
    },
    {
      "type": "Feature",
      "geometry": {
        "type": "Point",
        "coordinates": [
          -82.648445,
          35.799806
        ]
      },
      "properties": {
        "id": "osm-way-739791280",
        "name": "Madison County Senior Center",
        "type": "community_centre",
        "close_hour": 17,
        "hours_source": "default"
      }
    },
    {
      "type": "Feature",
      "geometry": {
        "type": "Point",
        "coordinates": [
          -78.837653,
          35.662124
        ]
      },
      "properties": {
        "id": "osm-way-741120378",
        "name": "Oak Hall Community Recreation Center",
        "type": "community_centre",
        "close_hour": 17,
        "hours_source": "default"
      }
    },
    {
      "type": "Feature",
      "geometry": {
        "type": "Point",
        "coordinates": [
          -81.048516,
          35.250599
        ]
      },
      "properties": {
        "id": "osm-way-741898748",
        "name": "Unnamed community centre",
        "type": "community_centre",
        "close_hour": 17,
        "hours_source": "default"
      }
    },
    {
      "type": "Feature",
      "geometry": {
        "type": "Point",
        "coordinates": [
          -78.983141,
          35.96922
        ]
      },
      "properties": {
        "id": "osm-way-744152444",
        "name": "Unnamed community centre",
        "type": "community_centre",
        "close_hour": 17,
        "hours_source": "default"
      }
    },
    {
      "type": "Feature",
      "geometry": {
        "type": "Point",
        "coordinates": [
          -81.703855,
          36.203458
        ]
      },
      "properties": {
        "id": "osm-way-744498859",
        "name": "Unnamed community centre",
        "type": "community_centre",
        "close_hour": 17,
        "hours_source": "default"
      }
    },
    {
      "type": "Feature",
      "geometry": {
        "type": "Point",
        "coordinates": [
          -82.558663,
          35.690376
        ]
      },
      "properties": {
        "id": "osm-way-745335575",
        "name": "Hillside Community Center",
        "type": "community_centre",
        "close_hour": 17,
        "hours_source": "default"
      }
    },
    {
      "type": "Feature",
      "geometry": {
        "type": "Point",
        "coordinates": [
          -82.515177,
          35.95498
        ]
      },
      "properties": {
        "id": "osm-way-746452675",
        "name": "Wolf Laurel Community Center",
        "type": "community_centre",
        "close_hour": 17,
        "hours_source": "default"
      }
    },
    {
      "type": "Feature",
      "geometry": {
        "type": "Point",
        "coordinates": [
          -79.100665,
          36.067589
        ]
      },
      "properties": {
        "id": "osm-way-753788152",
        "name": "Exchange Club",
        "type": "community_centre",
        "close_hour": 17,
        "hours_source": "default"
      }
    },
    {
      "type": "Feature",
      "geometry": {
        "type": "Point",
        "coordinates": [
          -76.012406,
          36.391204
        ]
      },
      "properties": {
        "id": "osm-way-755199253",
        "name": "N.C. Cooperative Extension",
        "type": "community_centre",
        "close_hour": 17,
        "hours_source": "default"
      }
    },
    {
      "type": "Feature",
      "geometry": {
        "type": "Point",
        "coordinates": [
          -81.881313,
          35.330892
        ]
      },
      "properties": {
        "id": "osm-way-762882508",
        "name": "Old Dunbar Community Center",
        "type": "community_centre",
        "close_hour": 17,
        "hours_source": "default"
      }
    },
    {
      "type": "Feature",
      "geometry": {
        "type": "Point",
        "coordinates": [
          -83.819278,
          35.045217
        ]
      },
      "properties": {
        "id": "osm-way-769168846",
        "name": "Sr. Loretto John Meehan Community Services Center",
        "type": "community_centre",
        "close_hour": 17,
        "hours_source": "default"
      }
    },
    {
      "type": "Feature",
      "geometry": {
        "type": "Point",
        "coordinates": [
          -83.195361,
          35.056902
        ]
      },
      "properties": {
        "id": "osm-way-773146331",
        "name": "Martin Lipscomb Performing Arts Center",
        "type": "community_centre",
        "close_hour": 17,
        "hours_source": "default"
      }
    },
    {
      "type": "Feature",
      "geometry": {
        "type": "Point",
        "coordinates": [
          -76.760173,
          34.731657
        ]
      },
      "properties": {
        "id": "osm-way-779225730",
        "name": "Leon Mann Senior Center",
        "type": "community_centre",
        "close_hour": 17,
        "hours_source": "default"
      }
    },
    {
      "type": "Feature",
      "geometry": {
        "type": "Point",
        "coordinates": [
          -80.558359,
          34.977976
        ]
      },
      "properties": {
        "id": "osm-way-786500358",
        "name": "Old Armory Community Center",
        "type": "community_centre",
        "close_hour": 17,
        "hours_source": "default"
      }
    },
    {
      "type": "Feature",
      "geometry": {
        "type": "Point",
        "coordinates": [
          -80.866139,
          35.215752
        ]
      },
      "properties": {
        "id": "osm-way-791146906",
        "name": "Wilmore Community Center",
        "type": "community_centre",
        "close_hour": 17,
        "hours_source": "default"
      }
    },
    {
      "type": "Feature",
      "geometry": {
        "type": "Point",
        "coordinates": [
          -78.90894,
          35.747758
        ]
      },
      "properties": {
        "id": "osm-way-806219540",
        "name": "Unnamed community centre",
        "type": "community_centre",
        "close_hour": 17,
        "hours_source": "default"
      }
    },
    {
      "type": "Feature",
      "geometry": {
        "type": "Point",
        "coordinates": [
          -80.643254,
          35.298116
        ]
      },
      "properties": {
        "id": "osm-way-810885903",
        "name": "Abbington Clubhouse",
        "type": "community_centre",
        "close_hour": 17,
        "hours_source": "default"
      }
    },
    {
      "type": "Feature",
      "geometry": {
        "type": "Point",
        "coordinates": [
          -78.338977,
          35.821701
        ]
      },
      "properties": {
        "id": "osm-way-815101970",
        "name": "Zebulon Shrine Club",
        "type": "community_centre",
        "close_hour": 17,
        "hours_source": "default"
      }
    },
    {
      "type": "Feature",
      "geometry": {
        "type": "Point",
        "coordinates": [
          -78.61581,
          35.635735
        ]
      },
      "properties": {
        "id": "osm-way-823006804",
        "name": "Panther Branch Community Center",
        "type": "community_centre",
        "close_hour": 17,
        "hours_source": "default"
      }
    },
    {
      "type": "Feature",
      "geometry": {
        "type": "Point",
        "coordinates": [
          -77.908943,
          34.007294
        ]
      },
      "properties": {
        "id": "osm-way-832018840",
        "name": "Unnamed community centre",
        "type": "community_centre",
        "close_hour": 17,
        "hours_source": "default"
      }
    },
    {
      "type": "Feature",
      "geometry": {
        "type": "Point",
        "coordinates": [
          -80.808345,
          35.196343
        ]
      },
      "properties": {
        "id": "osm-way-836937303",
        "name": "Grier Heights Community Center",
        "type": "community_centre",
        "close_hour": 17,
        "hours_source": "default"
      }
    },
    {
      "type": "Feature",
      "geometry": {
        "type": "Point",
        "coordinates": [
          -75.468502,
          35.595539
        ]
      },
      "properties": {
        "id": "osm-way-837374322",
        "name": "Rodanthe-Waves-Salvo Community Building",
        "type": "community_centre",
        "close_hour": 17,
        "hours_source": "default"
      }
    },
    {
      "type": "Feature",
      "geometry": {
        "type": "Point",
        "coordinates": [
          -80.870169,
          35.048785
        ]
      },
      "properties": {
        "id": "osm-way-838825809",
        "name": "Unnamed community centre",
        "type": "community_centre",
        "close_hour": 17,
        "hours_source": "default"
      }
    },
    {
      "type": "Feature",
      "geometry": {
        "type": "Point",
        "coordinates": [
          -80.877711,
          35.241522
        ]
      },
      "properties": {
        "id": "osm-way-849375335",
        "name": "Bette Rae Thomas Recreation Center",
        "type": "community_centre",
        "close_hour": 17,
        "hours_source": "default"
      }
    },
    {
      "type": "Feature",
      "geometry": {
        "type": "Point",
        "coordinates": [
          -79.049542,
          35.250494
        ]
      },
      "properties": {
        "id": "osm-way-863430118",
        "name": "Unnamed community centre",
        "type": "community_centre",
        "close_hour": 17,
        "hours_source": "default"
      }
    },
    {
      "type": "Feature",
      "geometry": {
        "type": "Point",
        "coordinates": [
          -79.807063,
          35.888623
        ]
      },
      "properties": {
        "id": "osm-way-868202772",
        "name": "Level Cross Community Center",
        "type": "community_centre",
        "close_hour": 17,
        "hours_source": "default"
      }
    },
    {
      "type": "Feature",
      "geometry": {
        "type": "Point",
        "coordinates": [
          -80.681484,
          35.37986
        ]
      },
      "properties": {
        "id": "osm-way-879504691",
        "name": "Unnamed community centre",
        "type": "community_centre",
        "close_hour": 17,
        "hours_source": "default"
      }
    },
    {
      "type": "Feature",
      "geometry": {
        "type": "Point",
        "coordinates": [
          -80.369513,
          34.986719
        ]
      },
      "properties": {
        "id": "osm-way-891338851",
        "name": "Margaret C. Bivens Community Center",
        "type": "community_centre",
        "close_hour": 17,
        "hours_source": "default"
      }
    },
    {
      "type": "Feature",
      "geometry": {
        "type": "Point",
        "coordinates": [
          -80.669268,
          35.389352
        ]
      },
      "properties": {
        "id": "osm-way-893578953",
        "name": "Unnamed community centre",
        "type": "community_centre",
        "close_hour": 17,
        "hours_source": "default"
      }
    },
    {
      "type": "Feature",
      "geometry": {
        "type": "Point",
        "coordinates": [
          -80.674802,
          35.395055
        ]
      },
      "properties": {
        "id": "osm-way-893579521",
        "name": "Unnamed community centre",
        "type": "community_centre",
        "close_hour": 17,
        "hours_source": "default"
      }
    },
    {
      "type": "Feature",
      "geometry": {
        "type": "Point",
        "coordinates": [
          -80.675473,
          35.402662
        ]
      },
      "properties": {
        "id": "osm-way-893733204",
        "name": "Unnamed community centre",
        "type": "community_centre",
        "close_hour": 17,
        "hours_source": "default"
      }
    },
    {
      "type": "Feature",
      "geometry": {
        "type": "Point",
        "coordinates": [
          -80.688116,
          35.401836
        ]
      },
      "properties": {
        "id": "osm-way-893738934",
        "name": "Unnamed community centre",
        "type": "community_centre",
        "close_hour": 17,
        "hours_source": "default"
      }
    },
    {
      "type": "Feature",
      "geometry": {
        "type": "Point",
        "coordinates": [
          -78.893808,
          36.015264
        ]
      },
      "properties": {
        "id": "osm-way-908965351",
        "name": "Durham Bike Co-op",
        "type": "community_centre",
        "close_hour": 17,
        "hours_source": "default"
      }
    },
    {
      "type": "Feature",
      "geometry": {
        "type": "Point",
        "coordinates": [
          -79.97449,
          36.338364
        ]
      },
      "properties": {
        "id": "osm-way-910296835",
        "name": "Huntsville Community Center",
        "type": "community_centre",
        "close_hour": 17,
        "hours_source": "default"
      }
    },
    {
      "type": "Feature",
      "geometry": {
        "type": "Point",
        "coordinates": [
          -78.63139,
          35.815108
        ]
      },
      "properties": {
        "id": "osm-way-913687471",
        "name": "Kiwanis Park Community Center",
        "type": "community_centre",
        "close_hour": 17,
        "hours_source": "default"
      }
    },
    {
      "type": "Feature",
      "geometry": {
        "type": "Point",
        "coordinates": [
          -80.220415,
          36.112313
        ]
      },
      "properties": {
        "id": "osm-way-916501292",
        "name": "Minnie Lee Davis Harris Recreation Center",
        "type": "community_centre",
        "close_hour": 17,
        "hours_source": "default"
      }
    },
    {
      "type": "Feature",
      "geometry": {
        "type": "Point",
        "coordinates": [
          -78.930977,
          35.672508
        ]
      },
      "properties": {
        "id": "osm-way-916768585",
        "name": "New Hill Community Center",
        "type": "community_centre",
        "close_hour": 17,
        "hours_source": "default"
      }
    },
    {
      "type": "Feature",
      "geometry": {
        "type": "Point",
        "coordinates": [
          -77.305929,
          36.353102
        ]
      },
      "properties": {
        "id": "osm-way-916846974",
        "name": "Unnamed community centre",
        "type": "community_centre",
        "close_hour": 17,
        "hours_source": "default"
      }
    },
    {
      "type": "Feature",
      "geometry": {
        "type": "Point",
        "coordinates": [
          -75.679131,
          35.904164
        ]
      },
      "properties": {
        "id": "osm-way-921097372",
        "name": "Unnamed community centre",
        "type": "community_centre",
        "close_hour": 17,
        "hours_source": "default"
      }
    },
    {
      "type": "Feature",
      "geometry": {
        "type": "Point",
        "coordinates": [
          -80.267193,
          36.040917
        ]
      },
      "properties": {
        "id": "osm-way-922189763",
        "name": "Georgia E. Taylor Recreation Center",
        "type": "community_centre",
        "close_hour": 17,
        "hours_source": "default"
      }
    },
    {
      "type": "Feature",
      "geometry": {
        "type": "Point",
        "coordinates": [
          -77.415073,
          35.471711
        ]
      },
      "properties": {
        "id": "osm-way-927090830",
        "name": "Ayden Town Community Building",
        "type": "community_centre",
        "close_hour": 17,
        "hours_source": "default"
      }
    },
    {
      "type": "Feature",
      "geometry": {
        "type": "Point",
        "coordinates": [
          -79.814203,
          36.053345
        ]
      },
      "properties": {
        "id": "osm-way-929003734",
        "name": "etc. Greensboro",
        "type": "community_centre",
        "close_hour": 17,
        "hours_source": "default"
      }
    },
    {
      "type": "Feature",
      "geometry": {
        "type": "Point",
        "coordinates": [
          -80.68689,
          35.386932
        ]
      },
      "properties": {
        "id": "osm-way-934303106",
        "name": "Unnamed community centre",
        "type": "community_centre",
        "close_hour": 17,
        "hours_source": "default"
      }
    },
    {
      "type": "Feature",
      "geometry": {
        "type": "Point",
        "coordinates": [
          -82.812358,
          35.673737
        ]
      },
      "properties": {
        "id": "osm-way-952074526",
        "name": "Sandy Mush Community Center",
        "type": "community_centre",
        "close_hour": 17,
        "hours_source": "default"
      }
    },
    {
      "type": "Feature",
      "geometry": {
        "type": "Point",
        "coordinates": [
          -79.408405,
          36.08719
        ]
      },
      "properties": {
        "id": "osm-way-960855498",
        "name": "Fairchild Community Center",
        "type": "community_centre",
        "close_hour": 17,
        "hours_source": "default"
      }
    },
    {
      "type": "Feature",
      "geometry": {
        "type": "Point",
        "coordinates": [
          -80.633168,
          35.350941
        ]
      },
      "properties": {
        "id": "osm-way-964001891",
        "name": "Unnamed community centre",
        "type": "community_centre",
        "close_hour": 17,
        "hours_source": "default"
      }
    },
    {
      "type": "Feature",
      "geometry": {
        "type": "Point",
        "coordinates": [
          -77.400823,
          34.734465
        ]
      },
      "properties": {
        "id": "osm-way-967917244",
        "name": "FMTB East Quarterdeck",
        "type": "community_centre",
        "close_hour": 17,
        "hours_source": "default"
      }
    },
    {
      "type": "Feature",
      "geometry": {
        "type": "Point",
        "coordinates": [
          -82.569088,
          35.690591
        ]
      },
      "properties": {
        "id": "osm-way-987557623",
        "name": "Town of Weaverville Community Center",
        "type": "community_centre",
        "close_hour": 17,
        "hours_source": "default"
      }
    },
    {
      "type": "Feature",
      "geometry": {
        "type": "Point",
        "coordinates": [
          -77.598818,
          35.271602
        ]
      },
      "properties": {
        "id": "osm-way-991857532",
        "name": "Fairfield Community Center",
        "type": "community_centre",
        "close_hour": 17,
        "hours_source": "default"
      }
    },
    {
      "type": "Feature",
      "geometry": {
        "type": "Point",
        "coordinates": [
          -80.642666,
          35.369088
        ]
      },
      "properties": {
        "id": "osm-way-997461500",
        "name": "Unnamed community centre",
        "type": "community_centre",
        "close_hour": 17,
        "hours_source": "default"
      }
    },
    {
      "type": "Feature",
      "geometry": {
        "type": "Point",
        "coordinates": [
          -80.653438,
          35.350263
        ]
      },
      "properties": {
        "id": "osm-way-997469789",
        "name": "Unnamed community centre",
        "type": "community_centre",
        "close_hour": 17,
        "hours_source": "default"
      }
    },
    {
      "type": "Feature",
      "geometry": {
        "type": "Point",
        "coordinates": [
          -79.091849,
          35.24236
        ]
      },
      "properties": {
        "id": "osm-way-1010909077",
        "name": "Golden Adventurers Senior Center",
        "type": "community_centre",
        "close_hour": 17,
        "hours_source": "default"
      }
    },
    {
      "type": "Feature",
      "geometry": {
        "type": "Point",
        "coordinates": [
          -75.536522,
          35.267125
        ]
      },
      "properties": {
        "id": "osm-way-1019614849",
        "name": "Cape Hatteras Anglers Club",
        "type": "community_centre",
        "close_hour": 17,
        "hours_source": "default"
      }
    },
    {
      "type": "Feature",
      "geometry": {
        "type": "Point",
        "coordinates": [
          -79.128873,
          35.035067
        ]
      },
      "properties": {
        "id": "osm-way-1028133374",
        "name": "Bedford Community Center",
        "type": "community_centre",
        "close_hour": 17,
        "hours_source": "default"
      }
    },
    {
      "type": "Feature",
      "geometry": {
        "type": "Point",
        "coordinates": [
          -76.655543,
          36.235069
        ]
      },
      "properties": {
        "id": "osm-way-1028574919",
        "name": "Northern County Community Center",
        "type": "community_centre",
        "close_hour": 17,
        "hours_source": "default"
      }
    },
    {
      "type": "Feature",
      "geometry": {
        "type": "Point",
        "coordinates": [
          -78.090972,
          35.61332
        ]
      },
      "properties": {
        "id": "osm-way-1047142058",
        "name": "St Mary's Community Building",
        "type": "community_centre",
        "close_hour": 17,
        "hours_source": "default"
      }
    },
    {
      "type": "Feature",
      "geometry": {
        "type": "Point",
        "coordinates": [
          -78.006527,
          35.639898
        ]
      },
      "properties": {
        "id": "osm-way-1049731663",
        "name": "Lucama Community Center",
        "type": "community_centre",
        "close_hour": 17,
        "hours_source": "default"
      }
    },
    {
      "type": "Feature",
      "geometry": {
        "type": "Point",
        "coordinates": [
          -80.326529,
          36.084499
        ]
      },
      "properties": {
        "id": "osm-way-1050263883",
        "name": "South Fork Community Center",
        "type": "community_centre",
        "close_hour": 17,
        "hours_source": "default"
      }
    },
    {
      "type": "Feature",
      "geometry": {
        "type": "Point",
        "coordinates": [
          -80.326639,
          36.085174
        ]
      },
      "properties": {
        "id": "osm-way-1050263884",
        "name": "Southbound Model Railroaders, Inc.",
        "type": "community_centre",
        "close_hour": 17,
        "hours_source": "default"
      }
    },
    {
      "type": "Feature",
      "geometry": {
        "type": "Point",
        "coordinates": [
          -80.463701,
          35.677059
        ]
      },
      "properties": {
        "id": "osm-way-1054825187",
        "name": "City Park Rec Center",
        "type": "community_centre",
        "close_hour": 17,
        "hours_source": "default"
      }
    },
    {
      "type": "Feature",
      "geometry": {
        "type": "Point",
        "coordinates": [
          -81.191449,
          35.261891
        ]
      },
      "properties": {
        "id": "osm-way-1058001863",
        "name": "Gastonia Adult Recreation Center",
        "type": "community_centre",
        "close_hour": 17,
        "hours_source": "default"
      }
    },
    {
      "type": "Feature",
      "geometry": {
        "type": "Point",
        "coordinates": [
          -81.120456,
          36.072381
        ]
      },
      "properties": {
        "id": "osm-way-1060946979",
        "name": "Brushy Mountain Community Center",
        "type": "community_centre",
        "close_hour": 17,
        "hours_source": "default"
      }
    },
    {
      "type": "Feature",
      "geometry": {
        "type": "Point",
        "coordinates": [
          -78.629778,
          35.769649
        ]
      },
      "properties": {
        "id": "osm-way-1064103551",
        "name": "John Chavis Community Center",
        "type": "community_centre",
        "close_hour": 17,
        "hours_source": "default"
      }
    },
    {
      "type": "Feature",
      "geometry": {
        "type": "Point",
        "coordinates": [
          -76.06331,
          36.535925
        ]
      },
      "properties": {
        "id": "osm-way-1065982325",
        "name": "Richardson Community Building",
        "type": "community_centre",
        "close_hour": 17,
        "hours_source": "default"
      }
    },
    {
      "type": "Feature",
      "geometry": {
        "type": "Point",
        "coordinates": [
          -76.615408,
          35.877044
        ]
      },
      "properties": {
        "id": "osm-way-1069001991",
        "name": "Roper Community Building",
        "type": "community_centre",
        "close_hour": 17,
        "hours_source": "default"
      }
    },
    {
      "type": "Feature",
      "geometry": {
        "type": "Point",
        "coordinates": [
          -80.72319,
          35.116929
        ]
      },
      "properties": {
        "id": "osm-way-1071778311",
        "name": "Nancy Reid House",
        "type": "community_centre",
        "close_hour": 17,
        "hours_source": "default"
      }
    },
    {
      "type": "Feature",
      "geometry": {
        "type": "Point",
        "coordinates": [
          -78.61674,
          35.789708
        ]
      },
      "properties": {
        "id": "osm-way-1073461452",
        "name": "Falkcrest Clubhouse",
        "type": "community_centre",
        "close_hour": 17,
        "hours_source": "default"
      }
    },
    {
      "type": "Feature",
      "geometry": {
        "type": "Point",
        "coordinates": [
          -82.584409,
          35.583019
        ]
      },
      "properties": {
        "id": "osm-way-1082756613",
        "name": "Burton Street Community Center",
        "type": "community_centre",
        "close_hour": 17,
        "hours_source": "default"
      }
    },
    {
      "type": "Feature",
      "geometry": {
        "type": "Point",
        "coordinates": [
          -77.54776,
          34.495182
        ]
      },
      "properties": {
        "id": "osm-way-1088056589",
        "name": "Unnamed community centre",
        "type": "community_centre",
        "close_hour": 17,
        "hours_source": "default"
      }
    },
    {
      "type": "Feature",
      "geometry": {
        "type": "Point",
        "coordinates": [
          -80.775857,
          35.257592
        ]
      },
      "properties": {
        "id": "osm-way-1091937534",
        "name": "Ella B. Scarborough Community Resource Center",
        "type": "community_centre",
        "close_hour": 17,
        "hours_source": "osm"
      }
    },
    {
      "type": "Feature",
      "geometry": {
        "type": "Point",
        "coordinates": [
          -77.314264,
          34.777403
        ]
      },
      "properties": {
        "id": "osm-way-1093992745",
        "name": "Unnamed community centre",
        "type": "community_centre",
        "close_hour": 17,
        "hours_source": "default"
      }
    },
    {
      "type": "Feature",
      "geometry": {
        "type": "Point",
        "coordinates": [
          -81.227855,
          35.26244
        ]
      },
      "properties": {
        "id": "osm-way-1101599410",
        "name": "T. Jeffers Center",
        "type": "community_centre",
        "close_hour": 17,
        "hours_source": "default"
      }
    },
    {
      "type": "Feature",
      "geometry": {
        "type": "Point",
        "coordinates": [
          -81.162163,
          35.282582
        ]
      },
      "properties": {
        "id": "osm-way-1101599879",
        "name": "Bradley Community Center",
        "type": "community_centre",
        "close_hour": 17,
        "hours_source": "default"
      }
    },
    {
      "type": "Feature",
      "geometry": {
        "type": "Point",
        "coordinates": [
          -80.377107,
          35.809511
        ]
      },
      "properties": {
        "id": "osm-way-1103974809",
        "name": "The West Davidson Community Center",
        "type": "community_centre",
        "close_hour": 17,
        "hours_source": "default"
      }
    },
    {
      "type": "Feature",
      "geometry": {
        "type": "Point",
        "coordinates": [
          -83.250518,
          35.469812
        ]
      },
      "properties": {
        "id": "osm-way-1115316908",
        "name": "Wolftown Community Center",
        "type": "community_centre",
        "close_hour": 17,
        "hours_source": "default"
      }
    },
    {
      "type": "Feature",
      "geometry": {
        "type": "Point",
        "coordinates": [
          -80.78628,
          35.147614
        ]
      },
      "properties": {
        "id": "osm-way-1126800870",
        "name": "Charlotte Jewish Community Center",
        "type": "community_centre",
        "close_hour": 17,
        "hours_source": "default"
      }
    },
    {
      "type": "Feature",
      "geometry": {
        "type": "Point",
        "coordinates": [
          -78.028838,
          34.213102
        ]
      },
      "properties": {
        "id": "osm-way-1130779839",
        "name": "Leland Cultural Arts Center",
        "type": "community_centre",
        "close_hour": 17,
        "hours_source": "default"
      }
    },
    {
      "type": "Feature",
      "geometry": {
        "type": "Point",
        "coordinates": [
          -78.847207,
          35.734056
        ]
      },
      "properties": {
        "id": "osm-way-1132491345",
        "name": "Apex Senior Center",
        "type": "community_centre",
        "close_hour": 17,
        "hours_source": "default"
      }
    },
    {
      "type": "Feature",
      "geometry": {
        "type": "Point",
        "coordinates": [
          -80.407482,
          36.023808
        ]
      },
      "properties": {
        "id": "osm-way-1135324718",
        "name": "Unnamed community centre",
        "type": "community_centre",
        "close_hour": 17,
        "hours_source": "default"
      }
    },
    {
      "type": "Feature",
      "geometry": {
        "type": "Point",
        "coordinates": [
          -81.197286,
          35.314857
        ]
      },
      "properties": {
        "id": "osm-way-1136594550",
        "name": "Gaston County Senior Center",
        "type": "community_centre",
        "close_hour": 17,
        "hours_source": "default"
      }
    },
    {
      "type": "Feature",
      "geometry": {
        "type": "Point",
        "coordinates": [
          -80.19261,
          36.095433
        ]
      },
      "properties": {
        "id": "osm-way-1150264470",
        "name": "Salem Lake Marina Center",
        "type": "community_centre",
        "close_hour": 17,
        "hours_source": "default"
      }
    },
    {
      "type": "Feature",
      "geometry": {
        "type": "Point",
        "coordinates": [
          -83.454871,
          35.418069
        ]
      },
      "properties": {
        "id": "osm-way-1151058308",
        "name": "Swain County Senior Center",
        "type": "community_centre",
        "close_hour": 17,
        "hours_source": "default"
      }
    },
    {
      "type": "Feature",
      "geometry": {
        "type": "Point",
        "coordinates": [
          -83.085419,
          35.425762
        ]
      },
      "properties": {
        "id": "osm-way-1151550884",
        "name": "Balsam Community Center",
        "type": "community_centre",
        "close_hour": 17,
        "hours_source": "default"
      }
    },
    {
      "type": "Feature",
      "geometry": {
        "type": "Point",
        "coordinates": [
          -80.792826,
          35.581805
        ]
      },
      "properties": {
        "id": "osm-way-1165473467",
        "name": "Unnamed community centre",
        "type": "community_centre",
        "close_hour": 17,
        "hours_source": "default"
      }
    },
    {
      "type": "Feature",
      "geometry": {
        "type": "Point",
        "coordinates": [
          -80.482426,
          35.624375
        ]
      },
      "properties": {
        "id": "osm-way-1168416580",
        "name": "Unnamed community centre",
        "type": "community_centre",
        "close_hour": 17,
        "hours_source": "default"
      }
    },
    {
      "type": "Feature",
      "geometry": {
        "type": "Point",
        "coordinates": [
          -78.20568,
          35.564098
        ]
      },
      "properties": {
        "id": "osm-way-1178321440",
        "name": "Micro Community Building",
        "type": "community_centre",
        "close_hour": 17,
        "hours_source": "default"
      }
    },
    {
      "type": "Feature",
      "geometry": {
        "type": "Point",
        "coordinates": [
          -81.015615,
          35.24323
        ]
      },
      "properties": {
        "id": "osm-way-1184916720",
        "name": "Belmont Recreation Center",
        "type": "community_centre",
        "close_hour": 17,
        "hours_source": "default"
      }
    },
    {
      "type": "Feature",
      "geometry": {
        "type": "Point",
        "coordinates": [
          -76.091465,
          36.503881
        ]
      },
      "properties": {
        "id": "osm-way-1185532844",
        "name": "Tulls Bay Colony Community Center",
        "type": "community_centre",
        "close_hour": 17,
        "hours_source": "default"
      }
    },
    {
      "type": "Feature",
      "geometry": {
        "type": "Point",
        "coordinates": [
          -79.067391,
          35.000979
        ]
      },
      "properties": {
        "id": "osm-way-1188674664",
        "name": "Rockfish Community Building",
        "type": "community_centre",
        "close_hour": 17,
        "hours_source": "default"
      }
    },
    {
      "type": "Feature",
      "geometry": {
        "type": "Point",
        "coordinates": [
          -80.413654,
          36.088905
        ]
      },
      "properties": {
        "id": "osm-way-1194072899",
        "name": "Mary Alice Warren Community Center",
        "type": "community_centre",
        "close_hour": 17,
        "hours_source": "default"
      }
    },
    {
      "type": "Feature",
      "geometry": {
        "type": "Point",
        "coordinates": [
          -80.779176,
          35.605806
        ]
      },
      "properties": {
        "id": "osm-way-1194166792",
        "name": "Unnamed community centre",
        "type": "community_centre",
        "close_hour": 17,
        "hours_source": "default"
      }
    },
    {
      "type": "Feature",
      "geometry": {
        "type": "Point",
        "coordinates": [
          -78.56559,
          35.813933
        ]
      },
      "properties": {
        "id": "osm-way-1211158659",
        "name": "Unnamed community centre",
        "type": "community_centre",
        "close_hour": 17,
        "hours_source": "default"
      }
    },
    {
      "type": "Feature",
      "geometry": {
        "type": "Point",
        "coordinates": [
          -78.090046,
          35.006445
        ]
      },
      "properties": {
        "id": "osm-way-1220662220",
        "name": "Warsaw Community Center",
        "type": "community_centre",
        "close_hour": 17,
        "hours_source": "default"
      }
    },
    {
      "type": "Feature",
      "geometry": {
        "type": "Point",
        "coordinates": [
          -81.377761,
          35.378539
        ]
      },
      "properties": {
        "id": "osm-way-1222352169",
        "name": "Cherryville Community Center",
        "type": "community_centre",
        "close_hour": 17,
        "hours_source": "default"
      }
    },
    {
      "type": "Feature",
      "geometry": {
        "type": "Point",
        "coordinates": [
          -79.530796,
          36.081351
        ]
      },
      "properties": {
        "id": "osm-way-1233036265",
        "name": "Unnamed community centre",
        "type": "community_centre",
        "close_hour": 17,
        "hours_source": "default"
      }
    },
    {
      "type": "Feature",
      "geometry": {
        "type": "Point",
        "coordinates": [
          -82.741379,
          35.233717
        ]
      },
      "properties": {
        "id": "osm-way-1234596228",
        "name": "Mary C. Jenkins Community Center",
        "type": "community_centre",
        "close_hour": 17,
        "hours_source": "default"
      }
    },
    {
      "type": "Feature",
      "geometry": {
        "type": "Point",
        "coordinates": [
          -78.156375,
          36.396743
        ]
      },
      "properties": {
        "id": "osm-way-1236193260",
        "name": "Unnamed community centre",
        "type": "community_centre",
        "close_hour": 17,
        "hours_source": "default"
      }
    },
    {
      "type": "Feature",
      "geometry": {
        "type": "Point",
        "coordinates": [
          -80.884729,
          35.237676
        ]
      },
      "properties": {
        "id": "osm-way-1249788487",
        "name": "Ophelia Garmon-Brown Community Center",
        "type": "community_centre",
        "close_hour": 17,
        "hours_source": "default"
      }
    },
    {
      "type": "Feature",
      "geometry": {
        "type": "Point",
        "coordinates": [
          -81.7959,
          36.14366
        ]
      },
      "properties": {
        "id": "osm-way-1252736894",
        "name": "Unnamed community centre",
        "type": "community_centre",
        "close_hour": 17,
        "hours_source": "default"
      }
    },
    {
      "type": "Feature",
      "geometry": {
        "type": "Point",
        "coordinates": [
          -81.285337,
          35.284011
        ]
      },
      "properties": {
        "id": "osm-way-1254380300",
        "name": "Kiser Senior Center",
        "type": "community_centre",
        "close_hour": 17,
        "hours_source": "default"
      }
    },
    {
      "type": "Feature",
      "geometry": {
        "type": "Point",
        "coordinates": [
          -83.822109,
          35.048313
        ]
      },
      "properties": {
        "id": "osm-way-1255683596",
        "name": "Clay County Senior Center",
        "type": "community_centre",
        "close_hour": 17,
        "hours_source": "default"
      }
    },
    {
      "type": "Feature",
      "geometry": {
        "type": "Point",
        "coordinates": [
          -82.873338,
          35.230445
        ]
      },
      "properties": {
        "id": "osm-way-1263624611",
        "name": "Balsam Grove Community Center",
        "type": "community_centre",
        "close_hour": 17,
        "hours_source": "default"
      }
    },
    {
      "type": "Feature",
      "geometry": {
        "type": "Point",
        "coordinates": [
          -77.222712,
          35.007074
        ]
      },
      "properties": {
        "id": "osm-way-1268384726",
        "name": "Pollocksville Community Center",
        "type": "community_centre",
        "close_hour": 17,
        "hours_source": "default"
      }
    },
    {
      "type": "Feature",
      "geometry": {
        "type": "Point",
        "coordinates": [
          -81.332436,
          35.243762
        ]
      },
      "properties": {
        "id": "osm-way-1270284290",
        "name": "Kings Mountain Family YMCA",
        "type": "community_centre",
        "close_hour": 17,
        "hours_source": "default"
      }
    },
    {
      "type": "Feature",
      "geometry": {
        "type": "Point",
        "coordinates": [
          -83.959054,
          35.076489
        ]
      },
      "properties": {
        "id": "osm-way-1270446128",
        "name": "Unnamed community centre",
        "type": "community_centre",
        "close_hour": 17,
        "hours_source": "default"
      }
    },
    {
      "type": "Feature",
      "geometry": {
        "type": "Point",
        "coordinates": [
          -77.233856,
          34.900837
        ]
      },
      "properties": {
        "id": "osm-way-1271234435",
        "name": "Maysville Community Building",
        "type": "community_centre",
        "close_hour": 17,
        "hours_source": "default"
      }
    },
    {
      "type": "Feature",
      "geometry": {
        "type": "Point",
        "coordinates": [
          -76.756206,
          34.740338
        ]
      },
      "properties": {
        "id": "osm-way-1275908879",
        "name": "Country Club Run HOA",
        "type": "community_centre",
        "close_hour": 17,
        "hours_source": "default"
      }
    },
    {
      "type": "Feature",
      "geometry": {
        "type": "Point",
        "coordinates": [
          -79.674773,
          36.220246
        ]
      },
      "properties": {
        "id": "osm-way-1286087953",
        "name": "Browns Summit-Monticello Community Center",
        "type": "community_centre",
        "close_hour": 17,
        "hours_source": "default"
      }
    },
    {
      "type": "Feature",
      "geometry": {
        "type": "Point",
        "coordinates": [
          -83.262766,
          35.31761
        ]
      },
      "properties": {
        "id": "osm-way-1306052327",
        "name": "Savannah Community Center",
        "type": "community_centre",
        "close_hour": 17,
        "hours_source": "default"
      }
    },
    {
      "type": "Feature",
      "geometry": {
        "type": "Point",
        "coordinates": [
          -77.140372,
          34.672983
        ]
      },
      "properties": {
        "id": "osm-way-1310713944",
        "name": "Gertrude Hurst Hall",
        "type": "community_centre",
        "close_hour": 17,
        "hours_source": "default"
      }
    },
    {
      "type": "Feature",
      "geometry": {
        "type": "Point",
        "coordinates": [
          -76.792925,
          34.998169
        ]
      },
      "properties": {
        "id": "osm-way-1319873222",
        "name": "Unnamed community centre",
        "type": "community_centre",
        "close_hour": 17,
        "hours_source": "default"
      }
    },
    {
      "type": "Feature",
      "geometry": {
        "type": "Point",
        "coordinates": [
          -80.4817,
          36.394675
        ]
      },
      "properties": {
        "id": "osm-way-1343073955",
        "name": "Edward M. Armfield, Sr. Civic and Recreation Center",
        "type": "community_centre",
        "close_hour": 17,
        "hours_source": "default"
      }
    },
    {
      "type": "Feature",
      "geometry": {
        "type": "Point",
        "coordinates": [
          -80.634455,
          36.444952
        ]
      },
      "properties": {
        "id": "osm-way-1347391642",
        "name": "Unnamed community centre",
        "type": "community_centre",
        "close_hour": 17,
        "hours_source": "default"
      }
    },
    {
      "type": "Feature",
      "geometry": {
        "type": "Point",
        "coordinates": [
          -80.868902,
          36.52916
        ]
      },
      "properties": {
        "id": "osm-way-1347391643",
        "name": "Unnamed community centre",
        "type": "community_centre",
        "close_hour": 17,
        "hours_source": "default"
      }
    },
    {
      "type": "Feature",
      "geometry": {
        "type": "Point",
        "coordinates": [
          -76.752788,
          35.036755
        ]
      },
      "properties": {
        "id": "osm-way-1353371192",
        "name": "Unnamed community centre",
        "type": "community_centre",
        "close_hour": 17,
        "hours_source": "default"
      }
    },
    {
      "type": "Feature",
      "geometry": {
        "type": "Point",
        "coordinates": [
          -81.05541,
          35.214562
        ]
      },
      "properties": {
        "id": "osm-way-1370111960",
        "name": "Lifestyle House",
        "type": "community_centre",
        "close_hour": 17,
        "hours_source": "default"
      }
    },
    {
      "type": "Feature",
      "geometry": {
        "type": "Point",
        "coordinates": [
          -76.286783,
          36.290203
        ]
      },
      "properties": {
        "id": "osm-way-1388055121",
        "name": "Unnamed community centre",
        "type": "community_centre",
        "close_hour": 17,
        "hours_source": "default"
      }
    },
    {
      "type": "Feature",
      "geometry": {
        "type": "Point",
        "coordinates": [
          -77.456955,
          35.819175
        ]
      },
      "properties": {
        "id": "osm-way-1409254336",
        "name": "Unnamed community centre",
        "type": "community_centre",
        "close_hour": 17,
        "hours_source": "default"
      }
    },
    {
      "type": "Feature",
      "geometry": {
        "type": "Point",
        "coordinates": [
          -77.93277,
          35.743465
        ]
      },
      "properties": {
        "id": "osm-way-1413326477",
        "name": "Williams Day Camp",
        "type": "community_centre",
        "close_hour": 17,
        "hours_source": "default"
      }
    },
    {
      "type": "Feature",
      "geometry": {
        "type": "Point",
        "coordinates": [
          -79.379789,
          35.25862
        ]
      },
      "properties": {
        "id": "osm-way-1422543131",
        "name": "Whispering Pines Village Hall",
        "type": "community_centre",
        "close_hour": 17,
        "hours_source": "osm"
      }
    },
    {
      "type": "Feature",
      "geometry": {
        "type": "Point",
        "coordinates": [
          -79.398516,
          35.253006
        ]
      },
      "properties": {
        "id": "osm-way-1422548726",
        "name": "Whispering Pines Community Building",
        "type": "community_centre",
        "close_hour": 17,
        "hours_source": "default"
      }
    },
    {
      "type": "Feature",
      "geometry": {
        "type": "Point",
        "coordinates": [
          -81.057755,
          35.214699
        ]
      },
      "properties": {
        "id": "osm-way-1424152923",
        "name": "River House",
        "type": "community_centre",
        "close_hour": 17,
        "hours_source": "default"
      }
    },
    {
      "type": "Feature",
      "geometry": {
        "type": "Point",
        "coordinates": [
          -78.765202,
          35.555342
        ]
      },
      "properties": {
        "id": "osm-way-1436086641",
        "name": "Magnolia Manor",
        "type": "community_centre",
        "close_hour": 17,
        "hours_source": "default"
      }
    },
    {
      "type": "Feature",
      "geometry": {
        "type": "Point",
        "coordinates": [
          -77.654531,
          36.499422
        ]
      },
      "properties": {
        "id": "osm-way-1444069733",
        "name": "Bishop W. I . Welch Sr. Community Center",
        "type": "community_centre",
        "close_hour": 17,
        "hours_source": "default"
      }
    },
    {
      "type": "Feature",
      "geometry": {
        "type": "Point",
        "coordinates": [
          -81.894283,
          36.074493
        ]
      },
      "properties": {
        "id": "osm-way-1446638924",
        "name": "Unnamed community centre",
        "type": "community_centre",
        "close_hour": 17,
        "hours_source": "default"
      }
    },
    {
      "type": "Feature",
      "geometry": {
        "type": "Point",
        "coordinates": [
          -79.370757,
          35.270513
        ]
      },
      "properties": {
        "id": "osm-way-1453742677",
        "name": "Unnamed community centre",
        "type": "community_centre",
        "close_hour": 17,
        "hours_source": "default"
      }
    },
    {
      "type": "Feature",
      "geometry": {
        "type": "Point",
        "coordinates": [
          -80.575571,
          34.977245
        ]
      },
      "properties": {
        "id": "osm-way-1457572399",
        "name": "Secrest Commons Clubhouse",
        "type": "community_centre",
        "close_hour": 17,
        "hours_source": "default"
      }
    },
    {
      "type": "Feature",
      "geometry": {
        "type": "Point",
        "coordinates": [
          -84.036968,
          35.100749
        ]
      },
      "properties": {
        "id": "osm-way-1457654653",
        "name": "Texana Community Center",
        "type": "community_centre",
        "close_hour": 17,
        "hours_source": "default"
      }
    },
    {
      "type": "Feature",
      "geometry": {
        "type": "Point",
        "coordinates": [
          -80.437971,
          36.004433
        ]
      },
      "properties": {
        "id": "osm-way-1468607625",
        "name": "Unnamed community centre",
        "type": "community_centre",
        "close_hour": 17,
        "hours_source": "default"
      }
    },
    {
      "type": "Feature",
      "geometry": {
        "type": "Point",
        "coordinates": [
          -80.493271,
          36.217075
        ]
      },
      "properties": {
        "id": "osm-way-1469333199",
        "name": "East Bend Senior Community Center",
        "type": "community_centre",
        "close_hour": 17,
        "hours_source": "default"
      }
    },
    {
      "type": "Feature",
      "geometry": {
        "type": "Point",
        "coordinates": [
          -79.782329,
          35.362113
        ]
      },
      "properties": {
        "id": "osm-way-1479399566",
        "name": "Biscoe Community Center",
        "type": "community_centre",
        "close_hour": 17,
        "hours_source": "default"
      }
    },
    {
      "type": "Feature",
      "geometry": {
        "type": "Point",
        "coordinates": [
          -79.781719,
          35.362496
        ]
      },
      "properties": {
        "id": "osm-way-1479399574",
        "name": "Jesse Cole Center",
        "type": "community_centre",
        "close_hour": 17,
        "hours_source": "default"
      }
    },
    {
      "type": "Feature",
      "geometry": {
        "type": "Point",
        "coordinates": [
          -78.1766,
          34.059376
        ]
      },
      "properties": {
        "id": "osm-way-1479954156",
        "name": "Unnamed community centre",
        "type": "community_centre",
        "close_hour": 17,
        "hours_source": "default"
      }
    },
    {
      "type": "Feature",
      "geometry": {
        "type": "Point",
        "coordinates": [
          -78.826834,
          35.54534
        ]
      },
      "properties": {
        "id": "osm-way-1481227847",
        "name": "Unnamed community centre",
        "type": "community_centre",
        "close_hour": 17,
        "hours_source": "default"
      }
    },
    {
      "type": "Feature",
      "geometry": {
        "type": "Point",
        "coordinates": [
          -78.736639,
          35.630996
        ]
      },
      "properties": {
        "id": "osm-way-1483955729",
        "name": "Hilltop Needmore Town Park Community Center",
        "type": "community_centre",
        "close_hour": 17,
        "hours_source": "default"
      }
    },
    {
      "type": "Feature",
      "geometry": {
        "type": "Point",
        "coordinates": [
          -77.287865,
          36.266334
        ]
      },
      "properties": {
        "id": "osm-way-1486864352",
        "name": "W. S. Creecy Training & Community Center",
        "type": "community_centre",
        "close_hour": 17,
        "hours_source": "default"
      }
    },
    {
      "type": "Feature",
      "geometry": {
        "type": "Point",
        "coordinates": [
          -78.670099,
          35.778438
        ]
      },
      "properties": {
        "id": "osm-way-1490385686",
        "name": "Holy Name of Jesus Cathedral Parish Center",
        "type": "community_centre",
        "close_hour": 17,
        "hours_source": "default"
      }
    },
    {
      "type": "Feature",
      "geometry": {
        "type": "Point",
        "coordinates": [
          -82.650023,
          35.560081
        ]
      },
      "properties": {
        "id": "osm-way-1497318812",
        "name": "Unnamed community centre",
        "type": "community_centre",
        "close_hour": 17,
        "hours_source": "default"
      }
    },
    {
      "type": "Feature",
      "geometry": {
        "type": "Point",
        "coordinates": [
          -79.143409,
          35.735582
        ]
      },
      "properties": {
        "id": "osm-way-1527629588",
        "name": "Chatham Park YMCA",
        "type": "community_centre",
        "close_hour": 17,
        "hours_source": "default"
      }
    },
    {
      "type": "Feature",
      "geometry": {
        "type": "Point",
        "coordinates": [
          -78.837295,
          35.932854
        ]
      },
      "properties": {
        "id": "osm-way-1534280168",
        "name": "Unnamed community centre",
        "type": "community_centre",
        "close_hour": 17,
        "hours_source": "default"
      }
    },
    {
      "type": "Feature",
      "geometry": {
        "type": "Point",
        "coordinates": [
          -80.667769,
          35.363638
        ]
      },
      "properties": {
        "id": "osm-way-1548126968",
        "name": "Unnamed community centre",
        "type": "community_centre",
        "close_hour": 17,
        "hours_source": "default"
      }
    },
    {
      "type": "Feature",
      "geometry": {
        "type": "Point",
        "coordinates": [
          -79.388336,
          35.186428
        ]
      },
      "properties": {
        "id": "osm-way-1563592297",
        "name": "Unnamed community centre",
        "type": "community_centre",
        "close_hour": 17,
        "hours_source": "default"
      }
    },
    {
      "type": "Feature",
      "geometry": {
        "type": "Point",
        "coordinates": [
          -79.04905,
          35.909777
        ]
      },
      "properties": {
        "id": "osm-way-30677763",
        "name": "House Undergraduate Library",
        "type": "library",
        "close_hour": 20,
        "hours_source": "osm"
      }
    },
    {
      "type": "Feature",
      "geometry": {
        "type": "Point",
        "coordinates": [
          -79.049753,
          35.909434
        ]
      },
      "properties": {
        "id": "osm-way-30677827",
        "name": "Louis Round Wilson Library",
        "type": "library",
        "close_hour": 17,
        "hours_source": "osm"
      }
    },
    {
      "type": "Feature",
      "geometry": {
        "type": "Point",
        "coordinates": [
          -80.277922,
          36.13192
        ]
      },
      "properties": {
        "id": "osm-way-31273727",
        "name": "Z. Smith Reynolds Library",
        "type": "library",
        "close_hour": 17,
        "hours_source": "default"
      }
    },
    {
      "type": "Feature",
      "geometry": {
        "type": "Point",
        "coordinates": [
          -80.299549,
          36.141417
        ]
      },
      "properties": {
        "id": "osm-way-31294763",
        "name": "Reynolda Manor Branch Library",
        "type": "library",
        "close_hour": 17,
        "hours_source": "default"
      }
    },
    {
      "type": "Feature",
      "geometry": {
        "type": "Point",
        "coordinates": [
          -79.035728,
          35.932133
        ]
      },
      "properties": {
        "id": "osm-way-44323283",
        "name": "Chapel Hill Public Library",
        "type": "library",
        "close_hour": 0,
        "hours_source": "osm"
      }
    },
    {
      "type": "Feature",
      "geometry": {
        "type": "Point",
        "coordinates": [
          -79.052902,
          35.905687
        ]
      },
      "properties": {
        "id": "osm-way-44343192",
        "name": "Health Science Library",
        "type": "library",
        "close_hour": 17,
        "hours_source": "osm"
      }
    },
    {
      "type": "Feature",
      "geometry": {
        "type": "Point",
        "coordinates": [
          -79.047886,
          35.910961
        ]
      },
      "properties": {
        "id": "osm-way-44343213",
        "name": "Walter Royal Davis Library",
        "type": "library",
        "close_hour": 0,
        "hours_source": "osm"
      }
    },
    {
      "type": "Feature",
      "geometry": {
        "type": "Point",
        "coordinates": [
          -80.241316,
          36.086259
        ]
      },
      "properties": {
        "id": "osm-way-168186788",
        "name": "Gramley Library",
        "type": "library",
        "close_hour": 17,
        "hours_source": "default"
      }
    },
    {
      "type": "Feature",
      "geometry": {
        "type": "Point",
        "coordinates": [
          -80.988948,
          35.106839
        ]
      },
      "properties": {
        "id": "osm-way-183386561",
        "name": "Steele Creek Library",
        "type": "library",
        "close_hour": 17,
        "hours_source": "default"
      }
    },
    {
      "type": "Feature",
      "geometry": {
        "type": "Point",
        "coordinates": [
          -80.848311,
          35.498438
        ]
      },
      "properties": {
        "id": "osm-way-222716484",
        "name": "Davidson Branch Library",
        "type": "library",
        "close_hour": 17,
        "hours_source": "osm"
      }
    },
    {
      "type": "Feature",
      "geometry": {
        "type": "Point",
        "coordinates": [
          -79.271434,
          36.096648
        ]
      },
      "properties": {
        "id": "osm-way-242126871",
        "name": "Alamance County Public Library - Mebane Campus",
        "type": "library",
        "close_hour": 18,
        "hours_source": "osm"
      }
    },
    {
      "type": "Feature",
      "geometry": {
        "type": "Point",
        "coordinates": [
          -81.493938,
          36.40111
        ]
      },
      "properties": {
        "id": "osm-way-256665090",
        "name": "Ashe County Public Library",
        "type": "library",
        "close_hour": 17,
        "hours_source": "default"
      }
    },
    {
      "type": "Feature",
      "geometry": {
        "type": "Point",
        "coordinates": [
          -81.042964,
          35.25951
        ]
      },
      "properties": {
        "id": "osm-way-256708062",
        "name": "Abbot Vincent Taylor Library",
        "type": "library",
        "close_hour": 17,
        "hours_source": "default"
      }
    },
    {
      "type": "Feature",
      "geometry": {
        "type": "Point",
        "coordinates": [
          -79.008092,
          34.617514
        ]
      },
      "properties": {
        "id": "osm-way-264555491",
        "name": "Robeson County Public Library",
        "type": "library",
        "close_hour": 17,
        "hours_source": "default"
      }
    },
    {
      "type": "Feature",
      "geometry": {
        "type": "Point",
        "coordinates": [
          -80.215452,
          36.412338
        ]
      },
      "properties": {
        "id": "osm-way-274330136",
        "name": "Danbury Public Library",
        "type": "library",
        "close_hour": 17,
        "hours_source": "default"
      }
    },
    {
      "type": "Feature",
      "geometry": {
        "type": "Point",
        "coordinates": [
          -80.081234,
          35.881387
        ]
      },
      "properties": {
        "id": "osm-way-281844202",
        "name": "Thomasville Public Library",
        "type": "library",
        "close_hour": 0,
        "hours_source": "osm"
      }
    },
    {
      "type": "Feature",
      "geometry": {
        "type": "Point",
        "coordinates": [
          -79.503333,
          36.104068
        ]
      },
      "properties": {
        "id": "osm-way-288401411",
        "name": "Belk Library",
        "type": "library",
        "close_hour": 17,
        "hours_source": "default"
      }
    },
    {
      "type": "Feature",
      "geometry": {
        "type": "Point",
        "coordinates": [
          -79.188852,
          35.723612
        ]
      },
      "properties": {
        "id": "osm-way-293434410",
        "name": "Chatham Community Library",
        "type": "library",
        "close_hour": 17,
        "hours_source": "default"
      }
    },
    {
      "type": "Feature",
      "geometry": {
        "type": "Point",
        "coordinates": [
          -80.600798,
          35.565216
        ]
      },
      "properties": {
        "id": "osm-way-294637854",
        "name": "South Rowan Library",
        "type": "library",
        "close_hour": 17,
        "hours_source": "default"
      }
    },
    {
      "type": "Feature",
      "geometry": {
        "type": "Point",
        "coordinates": [
          -79.436462,
          36.092784
        ]
      },
      "properties": {
        "id": "osm-way-297301129",
        "name": "May Memorial Library",
        "type": "library",
        "close_hour": 17,
        "hours_source": "default"
      }
    },
    {
      "type": "Feature",
      "geometry": {
        "type": "Point",
        "coordinates": [
          -80.718411,
          35.115909
        ]
      },
      "properties": {
        "id": "osm-way-297810915",
        "name": "Matthews Library Branch",
        "type": "library",
        "close_hour": 17,
        "hours_source": "default"
      }
    },
    {
      "type": "Feature",
      "geometry": {
        "type": "Point",
        "coordinates": [
          -81.325235,
          35.738472
        ]
      },
      "properties": {
        "id": "osm-way-300411402",
        "name": "Rudisill Library",
        "type": "library",
        "close_hour": 17,
        "hours_source": "default"
      }
    },
    {
      "type": "Feature",
      "geometry": {
        "type": "Point",
        "coordinates": [
          -79.809715,
          36.068199
        ]
      },
      "properties": {
        "id": "osm-way-301673581",
        "name": "Jackson Library",
        "type": "library",
        "close_hour": 17,
        "hours_source": "default"
      }
    },
    {
      "type": "Feature",
      "geometry": {
        "type": "Point",
        "coordinates": [
          -79.100658,
          36.074259
        ]
      },
      "properties": {
        "id": "osm-way-304110943",
        "name": "Orange County Public Library",
        "type": "library",
        "close_hour": 18,
        "hours_source": "osm"
      }
    },
    {
      "type": "Feature",
      "geometry": {
        "type": "Point",
        "coordinates": [
          -80.559685,
          35.897811
        ]
      },
      "properties": {
        "id": "osm-way-312995678",
        "name": "Davie County Public Library",
        "type": "library",
        "close_hour": 17,
        "hours_source": "default"
      }
    },
    {
      "type": "Feature",
      "geometry": {
        "type": "Point",
        "coordinates": [
          -80.013525,
          35.965752
        ]
      },
      "properties": {
        "id": "osm-way-318717738",
        "name": "High Point Public Library",
        "type": "library",
        "close_hour": 18,
        "hours_source": "osm"
      }
    },
    {
      "type": "Feature",
      "geometry": {
        "type": "Point",
        "coordinates": [
          -80.837669,
          35.226943
        ]
      },
      "properties": {
        "id": "osm-way-322278769",
        "name": "ImaginOn - The Joe & Joan Martin Center",
        "type": "library",
        "close_hour": 17,
        "hours_source": "osm"
      }
    },
    {
      "type": "Feature",
      "geometry": {
        "type": "Point",
        "coordinates": [
          -80.723879,
          35.118088
        ]
      },
      "properties": {
        "id": "osm-way-323176831",
        "name": "Matthews Christian Library",
        "type": "library",
        "close_hour": 17,
        "hours_source": "default"
      }
    },
    {
      "type": "Feature",
      "geometry": {
        "type": "Point",
        "coordinates": [
          -80.811024,
          35.220618
        ]
      },
      "properties": {
        "id": "osm-way-323197840",
        "name": "Plaza Midwood Branch",
        "type": "library",
        "close_hour": 17,
        "hours_source": "osm"
      }
    },
    {
      "type": "Feature",
      "geometry": {
        "type": "Point",
        "coordinates": [
          -80.853339,
          35.267726
        ]
      },
      "properties": {
        "id": "osm-way-324411958",
        "name": "Allegra Westbrooks Regional Library - Beatties Ford Road Branch",
        "type": "library",
        "close_hour": 17,
        "hours_source": "osm"
      }
    },
    {
      "type": "Feature",
      "geometry": {
        "type": "Point",
        "coordinates": [
          -80.857344,
          35.243041
        ]
      },
      "properties": {
        "id": "osm-way-324420162",
        "name": "James B. Duke Memorial Library",
        "type": "library",
        "close_hour": 17,
        "hours_source": "default"
      }
    },
    {
      "type": "Feature",
      "geometry": {
        "type": "Point",
        "coordinates": [
          -80.582286,
          35.410845
        ]
      },
      "properties": {
        "id": "osm-way-326049603",
        "name": "Cabarrus County Public Library",
        "type": "library",
        "close_hour": 0,
        "hours_source": "osm"
      }
    },
    {
      "type": "Feature",
      "geometry": {
        "type": "Point",
        "coordinates": [
          -80.863987,
          35.440678
        ]
      },
      "properties": {
        "id": "osm-way-334392865",
        "name": "Charlotte Mecklenburg Library - North County Regional",
        "type": "library",
        "close_hour": 17,
        "hours_source": "osm"
      }
    },
    {
      "type": "Feature",
      "geometry": {
        "type": "Point",
        "coordinates": [
          -80.864087,
          35.483327
        ]
      },
      "properties": {
        "id": "osm-way-334407358",
        "name": "Cornelius Branch Library",
        "type": "library",
        "close_hour": 17,
        "hours_source": "osm"
      }
    },
    {
      "type": "Feature",
      "geometry": {
        "type": "Point",
        "coordinates": [
          -80.607601,
          36.498183
        ]
      },
      "properties": {
        "id": "osm-way-340967948",
        "name": "Mount Airy Public Library",
        "type": "library",
        "close_hour": 17,
        "hours_source": "default"
      }
    },
    {
      "type": "Feature",
      "geometry": {
        "type": "Point",
        "coordinates": [
          -79.939157,
          35.993165
        ]
      },
      "properties": {
        "id": "osm-way-363213073",
        "name": "Jamestown Public Library",
        "type": "library",
        "close_hour": 17,
        "hours_source": "default"
      }
    },
    {
      "type": "Feature",
      "geometry": {
        "type": "Point",
        "coordinates": [
          -79.895448,
          35.358359
        ]
      },
      "properties": {
        "id": "osm-way-377371327",
        "name": "Montgomery County Library - Community Room",
        "type": "library",
        "close_hour": 17,
        "hours_source": "default"
      }
    },
    {
      "type": "Feature",
      "geometry": {
        "type": "Point",
        "coordinates": [
          -80.658911,
          35.318221
        ]
      },
      "properties": {
        "id": "osm-way-385196299",
        "name": "Harrisburg Library",
        "type": "library",
        "close_hour": 17,
        "hours_source": "default"
      }
    },
    {
      "type": "Feature",
      "geometry": {
        "type": "Point",
        "coordinates": [
          -80.797508,
          35.257526
        ]
      },
      "properties": {
        "id": "osm-way-397366510",
        "name": "Charlotte-Mecklenburg Library",
        "type": "library",
        "close_hour": 17,
        "hours_source": "default"
      }
    },
    {
      "type": "Feature",
      "geometry": {
        "type": "Point",
        "coordinates": [
          -79.99275,
          35.972615
        ]
      },
      "properties": {
        "id": "osm-way-407015154",
        "name": "Smith Library",
        "type": "library",
        "close_hour": 17,
        "hours_source": "default"
      }
    },
    {
      "type": "Feature",
      "geometry": {
        "type": "Point",
        "coordinates": [
          -79.787232,
          36.074878
        ]
      },
      "properties": {
        "id": "osm-way-411854108",
        "name": "Greensboro Public Library",
        "type": "library",
        "close_hour": 18,
        "hours_source": "osm"
      }
    },
    {
      "type": "Feature",
      "geometry": {
        "type": "Point",
        "coordinates": [
          -81.146105,
          35.715677
        ]
      },
      "properties": {
        "id": "osm-way-422655000",
        "name": "Claremont Branch Library and City Hall",
        "type": "library",
        "close_hour": 17,
        "hours_source": "default"
      }
    },
    {
      "type": "Feature",
      "geometry": {
        "type": "Point",
        "coordinates": [
          -80.196741,
          35.350534
        ]
      },
      "properties": {
        "id": "osm-way-470080585",
        "name": "Stanly County Public Library",
        "type": "library",
        "close_hour": 17,
        "hours_source": "default"
      }
    },
    {
      "type": "Feature",
      "geometry": {
        "type": "Point",
        "coordinates": [
          -80.113601,
          35.405006
        ]
      },
      "properties": {
        "id": "osm-way-513333062",
        "name": "Badin Branch Library",
        "type": "library",
        "close_hour": 17,
        "hours_source": "default"
      }
    },
    {
      "type": "Feature",
      "geometry": {
        "type": "Point",
        "coordinates": [
          -81.188742,
          35.310259
        ]
      },
      "properties": {
        "id": "osm-way-524466677",
        "name": "Gaston College Library",
        "type": "library",
        "close_hour": 17,
        "hours_source": "default"
      }
    },
    {
      "type": "Feature",
      "geometry": {
        "type": "Point",
        "coordinates": [
          -79.008977,
          35.059899
        ]
      },
      "properties": {
        "id": "osm-way-543870341",
        "name": "Cliffdale Public Library",
        "type": "library",
        "close_hour": 17,
        "hours_source": "default"
      }
    },
    {
      "type": "Feature",
      "geometry": {
        "type": "Point",
        "coordinates": [
          -79.811459,
          35.706204
        ]
      },
      "properties": {
        "id": "osm-way-545117568",
        "name": "Asheboro Public Library",
        "type": "library",
        "close_hour": 17,
        "hours_source": "default"
      }
    },
    {
      "type": "Feature",
      "geometry": {
        "type": "Point",
        "coordinates": [
          -81.273345,
          35.758991
        ]
      },
      "properties": {
        "id": "osm-way-545491774",
        "name": "St Stephens Branch Public Library",
        "type": "library",
        "close_hour": 17,
        "hours_source": "default"
      }
    },
    {
      "type": "Feature",
      "geometry": {
        "type": "Point",
        "coordinates": [
          -81.335099,
          35.737306
        ]
      },
      "properties": {
        "id": "osm-way-546185158",
        "name": "Patrick Beaver Memorial Library",
        "type": "library",
        "close_hour": 17,
        "hours_source": "default"
      }
    },
    {
      "type": "Feature",
      "geometry": {
        "type": "Point",
        "coordinates": [
          -81.3397,
          35.723627
        ]
      },
      "properties": {
        "id": "osm-way-546198404",
        "name": "Ridgeview Branch Library",
        "type": "library",
        "close_hour": 17,
        "hours_source": "default"
      }
    },
    {
      "type": "Feature",
      "geometry": {
        "type": "Point",
        "coordinates": [
          -81.260481,
          35.47058
        ]
      },
      "properties": {
        "id": "osm-way-549458192",
        "name": "Charles R. Jonas Library",
        "type": "library",
        "close_hour": 17,
        "hours_source": "default"
      }
    },
    {
      "type": "Feature",
      "geometry": {
        "type": "Point",
        "coordinates": [
          -80.420113,
          36.096528
        ]
      },
      "properties": {
        "id": "osm-way-556550034",
        "name": "Lewisville Branch Library",
        "type": "library",
        "close_hour": 17,
        "hours_source": "default"
      }
    },
    {
      "type": "Feature",
      "geometry": {
        "type": "Point",
        "coordinates": [
          -80.891443,
          35.700263
        ]
      },
      "properties": {
        "id": "osm-way-557401197",
        "name": "J. Hoyt Hayes Memorial Troutman Branch Library",
        "type": "library",
        "close_hour": 18,
        "hours_source": "osm"
      }
    },
    {
      "type": "Feature",
      "geometry": {
        "type": "Point",
        "coordinates": [
          -80.887899,
          35.787463
        ]
      },
      "properties": {
        "id": "osm-way-558019491",
        "name": "Iredell County Public Library",
        "type": "library",
        "close_hour": 18,
        "hours_source": "osm"
      }
    },
    {
      "type": "Feature",
      "geometry": {
        "type": "Point",
        "coordinates": [
          -79.401235,
          36.066989
        ]
      },
      "properties": {
        "id": "osm-way-561644017",
        "name": "Graham Public Library",
        "type": "library",
        "close_hour": 18,
        "hours_source": "osm"
      }
    },
    {
      "type": "Feature",
      "geometry": {
        "type": "Point",
        "coordinates": [
          -79.744529,
          36.095214
        ]
      },
      "properties": {
        "id": "osm-way-570724803",
        "name": "McGirt-Horton Branch Library",
        "type": "library",
        "close_hour": 17,
        "hours_source": "default"
      }
    },
    {
      "type": "Feature",
      "geometry": {
        "type": "Point",
        "coordinates": [
          -79.877645,
          36.105725
        ]
      },
      "properties": {
        "id": "osm-way-570813712",
        "name": "Kathleen Clay Edwards Branch Library",
        "type": "library",
        "close_hour": 18,
        "hours_source": "osm"
      }
    },
    {
      "type": "Feature",
      "geometry": {
        "type": "Point",
        "coordinates": [
          -80.472948,
          35.667678
        ]
      },
      "properties": {
        "id": "osm-way-572446125",
        "name": "Rowan Public Library",
        "type": "library",
        "close_hour": 0,
        "hours_source": "osm"
      }
    },
    {
      "type": "Feature",
      "geometry": {
        "type": "Point",
        "coordinates": [
          -79.292829,
          34.537493
        ]
      },
      "properties": {
        "id": "osm-way-573678830",
        "name": "Rowland Public Library",
        "type": "library",
        "close_hour": 17,
        "hours_source": "default"
      }
    },
    {
      "type": "Feature",
      "geometry": {
        "type": "Point",
        "coordinates": [
          -80.634946,
          35.505046
        ]
      },
      "properties": {
        "id": "osm-way-579071979",
        "name": "Kannapolis Public Library",
        "type": "library",
        "close_hour": 17,
        "hours_source": "default"
      }
    },
    {
      "type": "Feature",
      "geometry": {
        "type": "Point",
        "coordinates": [
          -79.178258,
          35.48233
        ]
      },
      "properties": {
        "id": "osm-way-588380388",
        "name": "Lee County Library - Suzanne Reeves Library",
        "type": "library",
        "close_hour": 17,
        "hours_source": "default"
      }
    },
    {
      "type": "Feature",
      "geometry": {
        "type": "Point",
        "coordinates": [
          -79.328865,
          35.595013
        ]
      },
      "properties": {
        "id": "osm-way-591678015",
        "name": "Goldston Public Library",
        "type": "library",
        "close_hour": 17,
        "hours_source": "default"
      }
    },
    {
      "type": "Feature",
      "geometry": {
        "type": "Point",
        "coordinates": [
          -80.446567,
          34.985848
        ]
      },
      "properties": {
        "id": "osm-way-595994112",
        "name": "Ethel K. Smith Library",
        "type": "library",
        "close_hour": 17,
        "hours_source": "default"
      }
    },
    {
      "type": "Feature",
      "geometry": {
        "type": "Point",
        "coordinates": [
          -80.118937,
          35.634063
        ]
      },
      "properties": {
        "id": "osm-way-598157301",
        "name": "Denton Public Library",
        "type": "library",
        "close_hour": 0,
        "hours_source": "osm"
      }
    },
    {
      "type": "Feature",
      "geometry": {
        "type": "Point",
        "coordinates": [
          -79.654903,
          35.733389
        ]
      },
      "properties": {
        "id": "osm-way-602749321",
        "name": "Ramseur Public Library",
        "type": "library",
        "close_hour": 17,
        "hours_source": "default"
      }
    },
    {
      "type": "Feature",
      "geometry": {
        "type": "Point",
        "coordinates": [
          -79.66461,
          36.361844
        ]
      },
      "properties": {
        "id": "osm-way-603570050",
        "name": "Reidsville Branch Library",
        "type": "library",
        "close_hour": 17,
        "hours_source": "default"
      }
    },
    {
      "type": "Feature",
      "geometry": {
        "type": "Point",
        "coordinates": [
          -79.092697,
          36.041118
        ]
      },
      "properties": {
        "id": "osm-way-616807317",
        "name": "Durham Tech Library",
        "type": "library",
        "close_hour": 17,
        "hours_source": "default"
      }
    },
    {
      "type": "Feature",
      "geometry": {
        "type": "Point",
        "coordinates": [
          -80.816302,
          35.579242
        ]
      },
      "properties": {
        "id": "osm-way-617903555",
        "name": "Mooresville Public Library",
        "type": "library",
        "close_hour": 17,
        "hours_source": "osm"
      }
    },
    {
      "type": "Feature",
      "geometry": {
        "type": "Point",
        "coordinates": [
          -79.464537,
          35.727654
        ]
      },
      "properties": {
        "id": "osm-way-623196791",
        "name": "Wren Memorial Library",
        "type": "library",
        "close_hour": 17,
        "hours_source": "default"
      }
    },
    {
      "type": "Feature",
      "geometry": {
        "type": "Point",
        "coordinates": [
          -81.119774,
          36.513264
        ]
      },
      "properties": {
        "id": "osm-way-631915714",
        "name": "Alleghany County Library",
        "type": "library",
        "close_hour": 18,
        "hours_source": "osm"
      }
    },
    {
      "type": "Feature",
      "geometry": {
        "type": "Point",
        "coordinates": [
          -80.81158,
          35.086536
        ]
      },
      "properties": {
        "id": "osm-way-632007229",
        "name": "South County Regional Library",
        "type": "library",
        "close_hour": 17,
        "hours_source": "osm"
      }
    },
    {
      "type": "Feature",
      "geometry": {
        "type": "Point",
        "coordinates": [
          -80.854533,
          36.24397
        ]
      },
      "properties": {
        "id": "osm-way-670827168",
        "name": "Elkin Public Library",
        "type": "library",
        "close_hour": 17,
        "hours_source": "default"
      }
    },
    {
      "type": "Feature",
      "geometry": {
        "type": "Point",
        "coordinates": [
          -80.259462,
          35.819156
        ]
      },
      "properties": {
        "id": "osm-way-673507841",
        "name": "Lexington Public Library",
        "type": "library",
        "close_hour": 0,
        "hours_source": "osm"
      }
    },
    {
      "type": "Feature",
      "geometry": {
        "type": "Point",
        "coordinates": [
          -80.252401,
          36.098577
        ]
      },
      "properties": {
        "id": "osm-way-674349367",
        "name": "Forsyth County Central Library",
        "type": "library",
        "close_hour": 17,
        "hours_source": "default"
      }
    },
    {
      "type": "Feature",
      "geometry": {
        "type": "Point",
        "coordinates": [
          -80.077333,
          34.965603
        ]
      },
      "properties": {
        "id": "osm-way-677487808",
        "name": "Hampton B. Allen Library",
        "type": "library",
        "close_hour": 17,
        "hours_source": "default"
      }
    },
    {
      "type": "Feature",
      "geometry": {
        "type": "Point",
        "coordinates": [
          -79.847341,
          36.019048
        ]
      },
      "properties": {
        "id": "osm-way-678038217",
        "name": "Hemphill Branch Library",
        "type": "library",
        "close_hour": 18,
        "hours_source": "osm"
      }
    },
    {
      "type": "Feature",
      "geometry": {
        "type": "Point",
        "coordinates": [
          -81.148471,
          36.159437
        ]
      },
      "properties": {
        "id": "osm-way-678068827",
        "name": "Wilkes County Public Library",
        "type": "library",
        "close_hour": 17,
        "hours_source": "osm"
      }
    },
    {
      "type": "Feature",
      "geometry": {
        "type": "Point",
        "coordinates": [
          -80.657159,
          36.134749
        ]
      },
      "properties": {
        "id": "osm-way-678439806",
        "name": "Yadkin County Public Library",
        "type": "library",
        "close_hour": 17,
        "hours_source": "default"
      }
    },
    {
      "type": "Feature",
      "geometry": {
        "type": "Point",
        "coordinates": [
          -80.848,
          36.238812
        ]
      },
      "properties": {
        "id": "osm-way-692093822",
        "name": "Jonesville Public Library",
        "type": "library",
        "close_hour": 17,
        "hours_source": "default"
      }
    },
    {
      "type": "Feature",
      "geometry": {
        "type": "Point",
        "coordinates": [
          -81.042636,
          35.243525
        ]
      },
      "properties": {
        "id": "osm-way-695818918",
        "name": "Belmont Branch Library",
        "type": "library",
        "close_hour": 17,
        "hours_source": "default"
      }
    },
    {
      "type": "Feature",
      "geometry": {
        "type": "Point",
        "coordinates": [
          -81.020482,
          35.2958
        ]
      },
      "properties": {
        "id": "osm-way-699660575",
        "name": "Gaston County Library - Mt. Holly Branch",
        "type": "library",
        "close_hour": 17,
        "hours_source": "default"
      }
    },
    {
      "type": "Feature",
      "geometry": {
        "type": "Point",
        "coordinates": [
          -79.889572,
          36.092912
        ]
      },
      "properties": {
        "id": "osm-way-706096464",
        "name": "Hege Library",
        "type": "library",
        "close_hour": 17,
        "hours_source": "default"
      }
    },
    {
      "type": "Feature",
      "geometry": {
        "type": "Point",
        "coordinates": [
          -80.979029,
          35.591742
        ]
      },
      "properties": {
        "id": "osm-way-728073949",
        "name": "Sherrills Ford - Terrell Public Library",
        "type": "library",
        "close_hour": 17,
        "hours_source": "default"
      }
    },
    {
      "type": "Feature",
      "geometry": {
        "type": "Point",
        "coordinates": [
          -81.224645,
          35.661536
        ]
      },
      "properties": {
        "id": "osm-way-729094197",
        "name": "Catawba County Library System \u2013 Main",
        "type": "library",
        "close_hour": 17,
        "hours_source": "default"
      }
    },
    {
      "type": "Feature",
      "geometry": {
        "type": "Point",
        "coordinates": [
          -80.875185,
          35.182966
        ]
      },
      "properties": {
        "id": "osm-way-764276708",
        "name": "South Boulevard Branch",
        "type": "library",
        "close_hour": 17,
        "hours_source": "osm"
      }
    },
    {
      "type": "Feature",
      "geometry": {
        "type": "Point",
        "coordinates": [
          -79.037691,
          34.476571
        ]
      },
      "properties": {
        "id": "osm-way-764411430",
        "name": "W.R. Surles Memorial Library",
        "type": "library",
        "close_hour": 17,
        "hours_source": "default"
      }
    },
    {
      "type": "Feature",
      "geometry": {
        "type": "Point",
        "coordinates": [
          -80.658843,
          35.171709
        ]
      },
      "properties": {
        "id": "osm-way-770687480",
        "name": "Charlotte Mecklenburg Library - Mint Hill",
        "type": "library",
        "close_hour": 17,
        "hours_source": "osm"
      }
    },
    {
      "type": "Feature",
      "geometry": {
        "type": "Point",
        "coordinates": [
          -81.489977,
          35.279523
        ]
      },
      "properties": {
        "id": "osm-way-770911927",
        "name": "Jim & Patsy Rose Library",
        "type": "library",
        "close_hour": 17,
        "hours_source": "default"
      }
    },
    {
      "type": "Feature",
      "geometry": {
        "type": "Point",
        "coordinates": [
          -81.495748,
          35.847775
        ]
      },
      "properties": {
        "id": "osm-way-770925114",
        "name": "Caldwell County Library - Hudson Branch",
        "type": "library",
        "close_hour": 17,
        "hours_source": "default"
      }
    },
    {
      "type": "Feature",
      "geometry": {
        "type": "Point",
        "coordinates": [
          -80.119352,
          35.225958
        ]
      },
      "properties": {
        "id": "osm-way-779144645",
        "name": "Norwood Branch Library",
        "type": "library",
        "close_hour": 17,
        "hours_source": "default"
      }
    },
    {
      "type": "Feature",
      "geometry": {
        "type": "Point",
        "coordinates": [
          -80.545852,
          34.980955
        ]
      },
      "properties": {
        "id": "osm-way-784450011",
        "name": "Union County Library - Main Branch",
        "type": "library",
        "close_hour": 17,
        "hours_source": "default"
      }
    },
    {
      "type": "Feature",
      "geometry": {
        "type": "Point",
        "coordinates": [
          -79.569604,
          35.849131
        ]
      },
      "properties": {
        "id": "osm-way-833953770",
        "name": "Liberty Public Library",
        "type": "library",
        "close_hour": 17,
        "hours_source": "default"
      }
    },
    {
      "type": "Feature",
      "geometry": {
        "type": "Point",
        "coordinates": [
          -81.283633,
          35.286586
        ]
      },
      "properties": {
        "id": "osm-way-835397290",
        "name": "Builders & Creators @ Bessemer City Library",
        "type": "library",
        "close_hour": 17,
        "hours_source": "default"
      }
    },
    {
      "type": "Feature",
      "geometry": {
        "type": "Point",
        "coordinates": [
          -80.827405,
          35.196456
        ]
      },
      "properties": {
        "id": "osm-way-836183789",
        "name": "PLCMC - Myers Park Branch",
        "type": "library",
        "close_hour": 17,
        "hours_source": "default"
      }
    },
    {
      "type": "Feature",
      "geometry": {
        "type": "Point",
        "coordinates": [
          -80.909309,
          35.190483
        ]
      },
      "properties": {
        "id": "osm-way-838824072",
        "name": "Billy Graham Library",
        "type": "library",
        "close_hour": 17,
        "hours_source": "default"
      }
    },
    {
      "type": "Feature",
      "geometry": {
        "type": "Point",
        "coordinates": [
          -80.896181,
          35.211214
        ]
      },
      "properties": {
        "id": "osm-way-851736488",
        "name": "Charlotte-Mecklenburg Library - West Boulevard Branch",
        "type": "library",
        "close_hour": 17,
        "hours_source": "osm"
      }
    },
    {
      "type": "Feature",
      "geometry": {
        "type": "Point",
        "coordinates": [
          -80.728157,
          35.222982
        ]
      },
      "properties": {
        "id": "osm-way-858326878",
        "name": "Hickory Grove Branch",
        "type": "library",
        "close_hour": 17,
        "hours_source": "osm"
      }
    },
    {
      "type": "Feature",
      "geometry": {
        "type": "Point",
        "coordinates": [
          -80.755432,
          35.176477
        ]
      },
      "properties": {
        "id": "osm-way-858723993",
        "name": "Independence Regional Branch",
        "type": "library",
        "close_hour": 17,
        "hours_source": "default"
      }
    },
    {
      "type": "Feature",
      "geometry": {
        "type": "Point",
        "coordinates": [
          -79.771464,
          36.064071
        ]
      },
      "properties": {
        "id": "osm-way-865434792",
        "name": "Vance H. Chavis Lifelong Learning Center",
        "type": "library",
        "close_hour": 18,
        "hours_source": "osm"
      }
    },
    {
      "type": "Feature",
      "geometry": {
        "type": "Point",
        "coordinates": [
          -80.960403,
          35.335094
        ]
      },
      "properties": {
        "id": "osm-way-865784994",
        "name": "Charlotte Mecklenburg Library",
        "type": "library",
        "close_hour": 17,
        "hours_source": "default"
      }
    },
    {
      "type": "Feature",
      "geometry": {
        "type": "Point",
        "coordinates": [
          -81.43081,
          35.79721
        ]
      },
      "properties": {
        "id": "osm-way-866047596",
        "name": "Caldwell County Public Library - Granite Falls Branch",
        "type": "library",
        "close_hour": 17,
        "hours_source": "default"
      }
    },
    {
      "type": "Feature",
      "geometry": {
        "type": "Point",
        "coordinates": [
          -80.833548,
          35.189035
        ]
      },
      "properties": {
        "id": "osm-way-868495611",
        "name": "Everett Library",
        "type": "library",
        "close_hour": 17,
        "hours_source": "default"
      }
    },
    {
      "type": "Feature",
      "geometry": {
        "type": "Point",
        "coordinates": [
          -79.830136,
          36.103505
        ]
      },
      "properties": {
        "id": "osm-way-877319921",
        "name": "Benjamin Public Library",
        "type": "library",
        "close_hour": 18,
        "hours_source": "osm"
      }
    },
    {
      "type": "Feature",
      "geometry": {
        "type": "Point",
        "coordinates": [
          -80.664854,
          35.077531
        ]
      },
      "properties": {
        "id": "osm-way-882600592",
        "name": "Union West Regional Library",
        "type": "library",
        "close_hour": 17,
        "hours_source": "default"
      }
    },
    {
      "type": "Feature",
      "geometry": {
        "type": "Point",
        "coordinates": [
          -79.223757,
          34.982581
        ]
      },
      "properties": {
        "id": "osm-way-883426560",
        "name": "Hoke County Public Library",
        "type": "library",
        "close_hour": 17,
        "hours_source": "default"
      }
    },
    {
      "type": "Feature",
      "geometry": {
        "type": "Point",
        "coordinates": [
          -79.812975,
          36.143504
        ]
      },
      "properties": {
        "id": "osm-way-887591013",
        "name": "Glenn McNairy Branch Library",
        "type": "library",
        "close_hour": 18,
        "hours_source": "osm"
      }
    },
    {
      "type": "Feature",
      "geometry": {
        "type": "Point",
        "coordinates": [
          -80.363677,
          34.991164
        ]
      },
      "properties": {
        "id": "osm-way-891339145",
        "name": "Lois Morgan Edwards Memorial Library",
        "type": "library",
        "close_hour": 17,
        "hours_source": "default"
      }
    },
    {
      "type": "Feature",
      "geometry": {
        "type": "Point",
        "coordinates": [
          -80.740702,
          34.921937
        ]
      },
      "properties": {
        "id": "osm-way-916075791",
        "name": "Waxhaw Library",
        "type": "library",
        "close_hour": 17,
        "hours_source": "default"
      }
    },
    {
      "type": "Feature",
      "geometry": {
        "type": "Point",
        "coordinates": [
          -79.937791,
          35.893246
        ]
      },
      "properties": {
        "id": "osm-way-922635414",
        "name": "Archdale Public Library",
        "type": "library",
        "close_hour": 0,
        "hours_source": "osm"
      }
    },
    {
      "type": "Feature",
      "geometry": {
        "type": "Point",
        "coordinates": [
          -79.820842,
          36.051995
        ]
      },
      "properties": {
        "id": "osm-way-929010813",
        "name": "Glenwood Branch Library",
        "type": "library",
        "close_hour": 18,
        "hours_source": "osm"
      }
    },
    {
      "type": "Feature",
      "geometry": {
        "type": "Point",
        "coordinates": [
          -81.157876,
          35.252272
        ]
      },
      "properties": {
        "id": "osm-way-929041399",
        "name": "Gaston County Public Library",
        "type": "library",
        "close_hour": 17,
        "hours_source": "default"
      }
    },
    {
      "type": "Feature",
      "geometry": {
        "type": "Point",
        "coordinates": [
          -79.390439,
          35.176084
        ]
      },
      "properties": {
        "id": "osm-way-993084496",
        "name": "Southern Pines Public Library",
        "type": "library",
        "close_hour": 0,
        "hours_source": "osm"
      }
    },
    {
      "type": "Feature",
      "geometry": {
        "type": "Point",
        "coordinates": [
          -80.377918,
          36.029158
        ]
      },
      "properties": {
        "id": "osm-way-1000719867",
        "name": "Clemmons Branch Library",
        "type": "library",
        "close_hour": 18,
        "hours_source": "osm"
      }
    },
    {
      "type": "Feature",
      "geometry": {
        "type": "Point",
        "coordinates": [
          -80.2315,
          36.102131
        ]
      },
      "properties": {
        "id": "osm-way-1029177333",
        "name": "Malloy / Jordan East Winston Heritage Center",
        "type": "library",
        "close_hour": 17,
        "hours_source": "default"
      }
    },
    {
      "type": "Feature",
      "geometry": {
        "type": "Point",
        "coordinates": [
          -80.212373,
          34.999933
        ]
      },
      "properties": {
        "id": "osm-way-1030093918",
        "name": "Horne Library",
        "type": "library",
        "close_hour": 17,
        "hours_source": "default"
      }
    },
    {
      "type": "Feature",
      "geometry": {
        "type": "Point",
        "coordinates": [
          -80.405757,
          35.551613
        ]
      },
      "properties": {
        "id": "osm-way-1069451403",
        "name": "East Branch Library",
        "type": "library",
        "close_hour": 17,
        "hours_source": "default"
      }
    },
    {
      "type": "Feature",
      "geometry": {
        "type": "Point",
        "coordinates": [
          -80.376261,
          35.81022
        ]
      },
      "properties": {
        "id": "osm-way-1103974804",
        "name": "West Davidson Public Library",
        "type": "library",
        "close_hour": 0,
        "hours_source": "osm"
      }
    },
    {
      "type": "Feature",
      "geometry": {
        "type": "Point",
        "coordinates": [
          -80.212311,
          36.150354
        ]
      },
      "properties": {
        "id": "osm-way-1123246601",
        "name": "Carver School Road Branch Library",
        "type": "library",
        "close_hour": 17,
        "hours_source": "default"
      }
    },
    {
      "type": "Feature",
      "geometry": {
        "type": "Point",
        "coordinates": [
          -80.06955,
          36.115275
        ]
      },
      "properties": {
        "id": "osm-way-1123752004",
        "name": "Paddison Memorial Branch Library",
        "type": "library",
        "close_hour": 17,
        "hours_source": "default"
      }
    },
    {
      "type": "Feature",
      "geometry": {
        "type": "Point",
        "coordinates": [
          -80.286382,
          36.22613
        ]
      },
      "properties": {
        "id": "osm-way-1124154763",
        "name": "Rural Hall Branch Library",
        "type": "library",
        "close_hour": 17,
        "hours_source": "default"
      }
    },
    {
      "type": "Feature",
      "geometry": {
        "type": "Point",
        "coordinates": [
          -80.252859,
          36.05471
        ]
      },
      "properties": {
        "id": "osm-way-1124336163",
        "name": "Southside Branch Library",
        "type": "library",
        "close_hour": 18,
        "hours_source": "osm"
      }
    },
    {
      "type": "Feature",
      "geometry": {
        "type": "Point",
        "coordinates": [
          -79.544432,
          36.109476
        ]
      },
      "properties": {
        "id": "osm-way-1134789291",
        "name": "Gibsonville Public Library",
        "type": "library",
        "close_hour": 17,
        "hours_source": "default"
      }
    },
    {
      "type": "Feature",
      "geometry": {
        "type": "Point",
        "coordinates": [
          -81.098181,
          35.267369
        ]
      },
      "properties": {
        "id": "osm-way-1136035419",
        "name": "Lowell Branch Library",
        "type": "library",
        "close_hour": 17,
        "hours_source": "default"
      }
    },
    {
      "type": "Feature",
      "geometry": {
        "type": "Point",
        "coordinates": [
          -81.192618,
          35.273841
        ]
      },
      "properties": {
        "id": "osm-way-1136320449",
        "name": "Ferguson Branch Library",
        "type": "library",
        "close_hour": 17,
        "hours_source": "default"
      }
    },
    {
      "type": "Feature",
      "geometry": {
        "type": "Point",
        "coordinates": [
          -79.051806,
          35.454905
        ]
      },
      "properties": {
        "id": "osm-way-1148916086",
        "name": "Broadway Branch Library",
        "type": "library",
        "close_hour": 17,
        "hours_source": "default"
      }
    },
    {
      "type": "Feature",
      "geometry": {
        "type": "Point",
        "coordinates": [
          -80.822947,
          35.151739
        ]
      },
      "properties": {
        "id": "osm-way-1159224471",
        "name": "SouthPark Regional Branch",
        "type": "library",
        "close_hour": 17,
        "hours_source": "default"
      }
    },
    {
      "type": "Feature",
      "geometry": {
        "type": "Point",
        "coordinates": [
          -79.467601,
          35.195151
        ]
      },
      "properties": {
        "id": "osm-way-1192057936",
        "name": "Given Memorial Library",
        "type": "library",
        "close_hour": 17,
        "hours_source": "default"
      }
    },
    {
      "type": "Feature",
      "geometry": {
        "type": "Point",
        "coordinates": [
          -79.201773,
          34.685668
        ]
      },
      "properties": {
        "id": "osm-way-1196927918",
        "name": "Livermore Library",
        "type": "library",
        "close_hour": 17,
        "hours_source": "default"
      }
    },
    {
      "type": "Feature",
      "geometry": {
        "type": "Point",
        "coordinates": [
          -81.215317,
          35.576384
        ]
      },
      "properties": {
        "id": "osm-way-1214426787",
        "name": "Maiden Public Library",
        "type": "library",
        "close_hour": 17,
        "hours_source": "default"
      }
    },
    {
      "type": "Feature",
      "geometry": {
        "type": "Point",
        "coordinates": [
          -80.773499,
          35.079897
        ]
      },
      "properties": {
        "id": "osm-way-1229521086",
        "name": "Media Center",
        "type": "library",
        "close_hour": 17,
        "hours_source": "default"
      }
    },
    {
      "type": "Feature",
      "geometry": {
        "type": "Point",
        "coordinates": [
          -79.071779,
          35.909412
        ]
      },
      "properties": {
        "id": "osm-way-1242290465",
        "name": "Carrboro Branch of Orange County Public Library",
        "type": "library",
        "close_hour": 17,
        "hours_source": "default"
      }
    },
    {
      "type": "Feature",
      "geometry": {
        "type": "Point",
        "coordinates": [
          -81.308003,
          35.815692
        ]
      },
      "properties": {
        "id": "osm-way-1245943690",
        "name": "Bethlaham Libary",
        "type": "library",
        "close_hour": 17,
        "hours_source": "default"
      }
    },
    {
      "type": "Feature",
      "geometry": {
        "type": "Point",
        "coordinates": [
          -80.681595,
          35.729531
        ]
      },
      "properties": {
        "id": "osm-way-1265663967",
        "name": "Rowan Public Library West",
        "type": "library",
        "close_hour": 17,
        "hours_source": "osm"
      }
    },
    {
      "type": "Feature",
      "geometry": {
        "type": "Point",
        "coordinates": [
          -81.424423,
          35.709859
        ]
      },
      "properties": {
        "id": "osm-way-1296090618",
        "name": "CB Hildebrand Public Library",
        "type": "library",
        "close_hour": 17,
        "hours_source": "default"
      }
    },
    {
      "type": "Feature",
      "geometry": {
        "type": "Point",
        "coordinates": [
          -81.366403,
          35.685886
        ]
      },
      "properties": {
        "id": "osm-way-1296427609",
        "name": "Southwest Branch Library",
        "type": "library",
        "close_hour": 17,
        "hours_source": "default"
      }
    },
    {
      "type": "Feature",
      "geometry": {
        "type": "Point",
        "coordinates": [
          -79.906026,
          36.466875
        ]
      },
      "properties": {
        "id": "osm-way-1299384002",
        "name": "Stoneville Branch Library",
        "type": "library",
        "close_hour": 17,
        "hours_source": "default"
      }
    },
    {
      "type": "Feature",
      "geometry": {
        "type": "Point",
        "coordinates": [
          -80.285028,
          35.483609
        ]
      },
      "properties": {
        "id": "osm-way-1316522083",
        "name": "G. A. Pfeiffer Library",
        "type": "library",
        "close_hour": 17,
        "hours_source": "default"
      }
    },
    {
      "type": "Feature",
      "geometry": {
        "type": "Point",
        "coordinates": [
          -81.342843,
          35.240602
        ]
      },
      "properties": {
        "id": "osm-way-1319631637",
        "name": "J S Mauney Memorial Library",
        "type": "library",
        "close_hour": 17,
        "hours_source": "osm"
      }
    },
    {
      "type": "Feature",
      "geometry": {
        "type": "Point",
        "coordinates": [
          -79.333013,
          36.40426
        ]
      },
      "properties": {
        "id": "osm-way-1339594053",
        "name": "Gunn Memorial Public Library",
        "type": "library",
        "close_hour": 17,
        "hours_source": "osm"
      }
    },
    {
      "type": "Feature",
      "geometry": {
        "type": "Point",
        "coordinates": [
          -80.86902,
          36.529446
        ]
      },
      "properties": {
        "id": "osm-way-1339598962",
        "name": "Lowgap Public Library",
        "type": "library",
        "close_hour": 0,
        "hours_source": "osm"
      }
    },
    {
      "type": "Feature",
      "geometry": {
        "type": "Point",
        "coordinates": [
          -80.723146,
          36.394845
        ]
      },
      "properties": {
        "id": "osm-way-1339599404",
        "name": "Dobson Community Library",
        "type": "library",
        "close_hour": 18,
        "hours_source": "osm"
      }
    },
    {
      "type": "Feature",
      "geometry": {
        "type": "Point",
        "coordinates": [
          -81.054901,
          36.318586
        ]
      },
      "properties": {
        "id": "osm-way-1339599870",
        "name": "Traphill Branch Library",
        "type": "library",
        "close_hour": 0,
        "hours_source": "osm"
      }
    },
    {
      "type": "Feature",
      "geometry": {
        "type": "Point",
        "coordinates": [
          -81.373467,
          35.381037
        ]
      },
      "properties": {
        "id": "osm-way-1340150785",
        "name": "Cherryville Public Library",
        "type": "library",
        "close_hour": 14,
        "hours_source": "osm"
      }
    },
    {
      "type": "Feature",
      "geometry": {
        "type": "Point",
        "coordinates": [
          -79.694146,
          35.744005
        ]
      },
      "properties": {
        "id": "osm-way-1342563507",
        "name": "John W. Clark Public Library",
        "type": "library",
        "close_hour": 17,
        "hours_source": "default"
      }
    },
    {
      "type": "Feature",
      "geometry": {
        "type": "Point",
        "coordinates": [
          -79.805797,
          35.818481
        ]
      },
      "properties": {
        "id": "osm-way-1342563613",
        "name": "Randleman Public Library",
        "type": "library",
        "close_hour": 17,
        "hours_source": "default"
      }
    },
    {
      "type": "Feature",
      "geometry": {
        "type": "Point",
        "coordinates": [
          -80.242959,
          35.929217
        ]
      },
      "properties": {
        "id": "osm-way-1342563763",
        "name": "North Davidson Branch Library",
        "type": "library",
        "close_hour": 17,
        "hours_source": "default"
      }
    },
    {
      "type": "Feature",
      "geometry": {
        "type": "Point",
        "coordinates": [
          -80.431158,
          35.261358
        ]
      },
      "properties": {
        "id": "osm-way-1342564406",
        "name": "Locust Branch Library",
        "type": "library",
        "close_hour": 17,
        "hours_source": "default"
      }
    },
    {
      "type": "Feature",
      "geometry": {
        "type": "Point",
        "coordinates": [
          -80.501858,
          35.251903
        ]
      },
      "properties": {
        "id": "osm-way-1342564432",
        "name": "Midland Branch Library",
        "type": "library",
        "close_hour": 17,
        "hours_source": "default"
      }
    },
    {
      "type": "Feature",
      "geometry": {
        "type": "Point",
        "coordinates": [
          -81.381347,
          35.480729
        ]
      },
      "properties": {
        "id": "osm-way-1342574618",
        "name": "West Lincoln Branch Library",
        "type": "library",
        "close_hour": 17,
        "hours_source": "default"
      }
    },
    {
      "type": "Feature",
      "geometry": {
        "type": "Point",
        "coordinates": [
          -81.095288,
          35.361418
        ]
      },
      "properties": {
        "id": "osm-way-1342574910",
        "name": "Stanley Branch Library",
        "type": "library",
        "close_hour": 17,
        "hours_source": "default"
      }
    },
    {
      "type": "Feature",
      "geometry": {
        "type": "Point",
        "coordinates": [
          -81.177545,
          35.315278
        ]
      },
      "properties": {
        "id": "osm-way-1342574981",
        "name": "Dallas Branch Library",
        "type": "library",
        "close_hour": 17,
        "hours_source": "default"
      }
    },
    {
      "type": "Feature",
      "geometry": {
        "type": "Point",
        "coordinates": [
          -81.13266,
          35.178518
        ]
      },
      "properties": {
        "id": "osm-way-1342575050",
        "name": "Union Road Branch Library",
        "type": "library",
        "close_hour": 17,
        "hours_source": "default"
      }
    },
    {
      "type": "Feature",
      "geometry": {
        "type": "Point",
        "coordinates": [
          -80.323464,
          35.220558
        ]
      },
      "properties": {
        "id": "osm-way-1342576037",
        "name": "Oakboro Library",
        "type": "library",
        "close_hour": 17,
        "hours_source": "default"
      }
    },
    {
      "type": "Feature",
      "geometry": {
        "type": "Point",
        "coordinates": [
          -79.072024,
          35.91054
        ]
      },
      "properties": {
        "id": "osm-way-1342748925",
        "name": "Carrboro Cybrary",
        "type": "library",
        "close_hour": 16,
        "hours_source": "osm"
      }
    },
    {
      "type": "Feature",
      "geometry": {
        "type": "Point",
        "coordinates": [
          -79.422448,
          36.114485
        ]
      },
      "properties": {
        "id": "osm-way-1342749475",
        "name": "North Park Library / Community Center",
        "type": "library",
        "close_hour": 17,
        "hours_source": "default"
      }
    },
    {
      "type": "Feature",
      "geometry": {
        "type": "Point",
        "coordinates": [
          -79.282082,
          35.255963
        ]
      },
      "properties": {
        "id": "osm-way-1342753910",
        "name": "Vass Area Library",
        "type": "library",
        "close_hour": 17,
        "hours_source": "default"
      }
    },
    {
      "type": "Feature",
      "geometry": {
        "type": "Point",
        "coordinates": [
          -79.428476,
          35.132352
        ]
      },
      "properties": {
        "id": "osm-way-1342754048",
        "name": "Page Memorial Library",
        "type": "library",
        "close_hour": 17,
        "hours_source": "default"
      }
    },
    {
      "type": "Feature",
      "geometry": {
        "type": "Point",
        "coordinates": [
          -79.46821,
          35.108487
        ]
      },
      "properties": {
        "id": "osm-way-1342755652",
        "name": "Pinebluff Public Library",
        "type": "library",
        "close_hour": 17,
        "hours_source": "default"
      }
    },
    {
      "type": "Feature",
      "geometry": {
        "type": "Point",
        "coordinates": [
          -79.418596,
          35.344857
        ]
      },
      "properties": {
        "id": "osm-way-1342756118",
        "name": "Moore County Library",
        "type": "library",
        "close_hour": 18,
        "hours_source": "osm"
      }
    },
    {
      "type": "Feature",
      "geometry": {
        "type": "Point",
        "coordinates": [
          -79.587207,
          35.431601
        ]
      },
      "properties": {
        "id": "osm-way-1342756160",
        "name": "Robbins Area Branch Public Library",
        "type": "library",
        "close_hour": 17,
        "hours_source": "default"
      }
    },
    {
      "type": "Feature",
      "geometry": {
        "type": "Point",
        "coordinates": [
          -79.784313,
          35.398147
        ]
      },
      "properties": {
        "id": "osm-way-1342756512",
        "name": "Star Branch Public Library",
        "type": "library",
        "close_hour": 17,
        "hours_source": "default"
      }
    },
    {
      "type": "Feature",
      "geometry": {
        "type": "Point",
        "coordinates": [
          -79.74718,
          35.294067
        ]
      },
      "properties": {
        "id": "osm-way-1342756790",
        "name": "Candor Public Library",
        "type": "library",
        "close_hour": 17,
        "hours_source": "default"
      }
    },
    {
      "type": "Feature",
      "geometry": {
        "type": "Point",
        "coordinates": [
          -79.769484,
          34.937717
        ]
      },
      "properties": {
        "id": "osm-way-1342757984",
        "name": "Leath Memorial Library",
        "type": "library",
        "close_hour": 17,
        "hours_source": "default"
      }
    },
    {
      "type": "Feature",
      "geometry": {
        "type": "Point",
        "coordinates": [
          -79.704052,
          34.886329
        ]
      },
      "properties": {
        "id": "osm-way-1342758170",
        "name": "Hamlet Public Library",
        "type": "library",
        "close_hour": 17,
        "hours_source": "default"
      }
    },
    {
      "type": "Feature",
      "geometry": {
        "type": "Point",
        "coordinates": [
          -79.760722,
          35.073412
        ]
      },
      "properties": {
        "id": "osm-way-1342758416",
        "name": "Kemp Sugg Memorial Library",
        "type": "library",
        "close_hour": 17,
        "hours_source": "default"
      }
    },
    {
      "type": "Feature",
      "geometry": {
        "type": "Point",
        "coordinates": [
          -79.465783,
          34.775529
        ]
      },
      "properties": {
        "id": "osm-way-1342758501",
        "name": "Scotland County Memorial Library",
        "type": "library",
        "close_hour": 17,
        "hours_source": "default"
      }
    },
    {
      "type": "Feature",
      "geometry": {
        "type": "Point",
        "coordinates": [
          -79.349423,
          34.739022
        ]
      },
      "properties": {
        "id": "osm-way-1342758979",
        "name": "Gilbert Patterson Memorial Public Library",
        "type": "library",
        "close_hour": 17,
        "hours_source": "default"
      }
    },
    {
      "type": "Feature",
      "geometry": {
        "type": "Point",
        "coordinates": [
          -79.180735,
          34.817956
        ]
      },
      "properties": {
        "id": "osm-way-1342759539",
        "name": "Mcmillan Memorial Library",
        "type": "library",
        "close_hour": 17,
        "hours_source": "default"
      }
    },
    {
      "type": "Feature",
      "geometry": {
        "type": "Point",
        "coordinates": [
          -79.044396,
          35.011972
        ]
      },
      "properties": {
        "id": "osm-way-1342760752",
        "name": "West Regional Branch Library",
        "type": "library",
        "close_hour": 17,
        "hours_source": "default"
      }
    },
    {
      "type": "Feature",
      "geometry": {
        "type": "Point",
        "coordinates": [
          -80.150859,
          36.17026
        ]
      },
      "properties": {
        "id": "osm-way-1342765266",
        "name": "Walkertown Branch Library",
        "type": "library",
        "close_hour": 17,
        "hours_source": "default"
      }
    },
    {
      "type": "Feature",
      "geometry": {
        "type": "Point",
        "coordinates": [
          -79.972603,
          36.400583
        ]
      },
      "properties": {
        "id": "osm-way-1342765550",
        "name": "Madison-Mayodan Public Library",
        "type": "library",
        "close_hour": 17,
        "hours_source": "default"
      }
    },
    {
      "type": "Feature",
      "geometry": {
        "type": "Point",
        "coordinates": [
          -79.736035,
          36.494197
        ]
      },
      "properties": {
        "id": "osm-way-1342766626",
        "name": "Eden Branch Library",
        "type": "library",
        "close_hour": 17,
        "hours_source": "default"
      }
    },
    {
      "type": "Feature",
      "geometry": {
        "type": "Point",
        "coordinates": [
          -80.994453,
          35.502288
        ]
      },
      "properties": {
        "id": "osm-way-1342772815",
        "name": "Florence S. Shanklin Branch Library",
        "type": "library",
        "close_hour": 17,
        "hours_source": "default"
      }
    },
    {
      "type": "Feature",
      "geometry": {
        "type": "Point",
        "coordinates": [
          -81.045709,
          35.861988
        ]
      },
      "properties": {
        "id": "osm-way-1342773079",
        "name": "Stony Point Branch Library",
        "type": "library",
        "close_hour": 17,
        "hours_source": "default"
      }
    },
    {
      "type": "Feature",
      "geometry": {
        "type": "Point",
        "coordinates": [
          -81.175866,
          35.9207
        ]
      },
      "properties": {
        "id": "osm-way-1342773140",
        "name": "Alexander County Library",
        "type": "library",
        "close_hour": 17,
        "hours_source": "default"
      }
    },
    {
      "type": "Feature",
      "geometry": {
        "type": "Point",
        "coordinates": [
          -80.710074,
          36.232536
        ]
      },
      "properties": {
        "id": "osm-way-1342774837",
        "name": "Boonville Community Public Library",
        "type": "library",
        "close_hour": 17,
        "hours_source": "default"
      }
    },
    {
      "type": "Feature",
      "geometry": {
        "type": "Point",
        "coordinates": [
          -80.506089,
          36.211374
        ]
      },
      "properties": {
        "id": "osm-way-1342774950",
        "name": "East Bend Public Library",
        "type": "library",
        "close_hour": 17,
        "hours_source": "default"
      }
    },
    {
      "type": "Feature",
      "geometry": {
        "type": "Point",
        "coordinates": [
          -80.364279,
          36.282285
        ]
      },
      "properties": {
        "id": "osm-way-1342775207",
        "name": "King Public Library",
        "type": "library",
        "close_hour": 17,
        "hours_source": "default"
      }
    },
    {
      "type": "Feature",
      "geometry": {
        "type": "Point",
        "coordinates": [
          -80.470908,
          36.387309
        ]
      },
      "properties": {
        "id": "osm-way-1342775266",
        "name": "Charles H. Stone Memorial Library",
        "type": "library",
        "close_hour": 17,
        "hours_source": "default"
      }
    },
    {
      "type": "Feature",
      "geometry": {
        "type": "Point",
        "coordinates": [
          -80.772115,
          35.959297
        ]
      },
      "properties": {
        "id": "osm-way-1342775549",
        "name": "Harmony Branch Library",
        "type": "library",
        "close_hour": 17,
        "hours_source": "default"
      }
    },
    {
      "type": "Feature",
      "geometry": {
        "type": "Point",
        "coordinates": [
          -80.552278,
          35.814271
        ]
      },
      "properties": {
        "id": "osm-way-1342775710",
        "name": "Cooleemee Branch Library",
        "type": "library",
        "close_hour": 17,
        "hours_source": "default"
      }
    },
    {
      "type": "Feature",
      "geometry": {
        "type": "Point",
        "coordinates": [
          -79.030373,
          34.314799
        ]
      },
      "properties": {
        "id": "osm-way-1342778474",
        "name": "Fair Bluff Community Library",
        "type": "library",
        "close_hour": 17,
        "hours_source": "default"
      }
    },
    {
      "type": "Feature",
      "geometry": {
        "type": "Point",
        "coordinates": [
          -79.114522,
          34.497591
        ]
      },
      "properties": {
        "id": "osm-way-1342778580",
        "name": "Hector Maclean Public Library",
        "type": "library",
        "close_hour": 17,
        "hours_source": "default"
      }
    },
    {
      "type": "Feature",
      "geometry": {
        "type": "Point",
        "coordinates": [
          -79.777259,
          35.546173
        ]
      },
      "properties": {
        "id": "osm-way-1342780266",
        "name": "Seagrove Public Library",
        "type": "library",
        "close_hour": 17,
        "hours_source": "default"
      }
    },
    {
      "type": "Feature",
      "geometry": {
        "type": "Point",
        "coordinates": [
          -80.142558,
          36.298766
        ]
      },
      "properties": {
        "id": "osm-way-1342780369",
        "name": "Walnut Cove Public Library",
        "type": "library",
        "close_hour": 17,
        "hours_source": "default"
      }
    },
    {
      "type": "Feature",
      "geometry": {
        "type": "Point",
        "coordinates": [
          -80.679434,
          35.418862
        ]
      },
      "properties": {
        "id": "osm-way-1378621440",
        "name": "C K Afton Ridge Library and Active Living Center",
        "type": "library",
        "close_hour": 0,
        "hours_source": "osm"
      }
    },
    {
      "type": "Feature",
      "geometry": {
        "type": "Point",
        "coordinates": [
          -80.742647,
          34.96876
        ]
      },
      "properties": {
        "id": "osm-way-1385660146",
        "name": "Southwest Regional Library",
        "type": "library",
        "close_hour": 17,
        "hours_source": "osm"
      }
    },
    {
      "type": "Feature",
      "geometry": {
        "type": "Point",
        "coordinates": [
          -80.751448,
          35.310833
        ]
      },
      "properties": {
        "id": "osm-way-1449864893",
        "name": "Charlotte-Mecklenburg Library - University City",
        "type": "library",
        "close_hour": 17,
        "hours_source": "osm"
      }
    },
    {
      "type": "Feature",
      "geometry": {
        "type": "Point",
        "coordinates": [
          -79.782851,
          35.361609
        ]
      },
      "properties": {
        "id": "osm-way-1479399560",
        "name": "Biscoe Public Library",
        "type": "library",
        "close_hour": 17,
        "hours_source": "default"
      }
    },
    {
      "type": "Feature",
      "geometry": {
        "type": "Point",
        "coordinates": [
          -78.915348,
          36.007603
        ]
      },
      "properties": {
        "id": "osm-way-27435263",
        "name": "Lilly Library",
        "type": "library",
        "close_hour": 17,
        "hours_source": "default"
      }
    },
    {
      "type": "Feature",
      "geometry": {
        "type": "Point",
        "coordinates": [
          -78.82517,
          35.743829
        ]
      },
      "properties": {
        "id": "osm-way-32075289",
        "name": "Eva Perry Regional Library",
        "type": "library",
        "close_hour": 0,
        "hours_source": "osm"
      }
    },
    {
      "type": "Feature",
      "geometry": {
        "type": "Point",
        "coordinates": [
          -78.89664,
          35.994909
        ]
      },
      "properties": {
        "id": "osm-way-32348044",
        "name": "Durham County Library - Main Library",
        "type": "library",
        "close_hour": 18,
        "hours_source": "osm"
      }
    },
    {
      "type": "Feature",
      "geometry": {
        "type": "Point",
        "coordinates": [
          -78.938631,
          36.001775
        ]
      },
      "properties": {
        "id": "osm-way-44055991",
        "name": "Rubenstein Library",
        "type": "library",
        "close_hour": 17,
        "hours_source": "default"
      }
    },
    {
      "type": "Feature",
      "geometry": {
        "type": "Point",
        "coordinates": [
          -78.938293,
          36.002964
        ]
      },
      "properties": {
        "id": "osm-way-44055992",
        "name": "Bostock Library",
        "type": "library",
        "close_hour": 17,
        "hours_source": "default"
      }
    },
    {
      "type": "Feature",
      "geometry": {
        "type": "Point",
        "coordinates": [
          -78.618236,
          35.780307
        ]
      },
      "properties": {
        "id": "osm-way-47663680",
        "name": "Richard B. Harrison Library",
        "type": "library",
        "close_hour": 0,
        "hours_source": "osm"
      }
    },
    {
      "type": "Feature",
      "geometry": {
        "type": "Point",
        "coordinates": [
          -78.569685,
          35.76863
        ]
      },
      "properties": {
        "id": "osm-way-47732310",
        "name": "Olivia Raney Local History Library",
        "type": "library",
        "close_hour": 17,
        "hours_source": "default"
      }
    },
    {
      "type": "Feature",
      "geometry": {
        "type": "Point",
        "coordinates": [
          -78.670571,
          35.787737
        ]
      },
      "properties": {
        "id": "osm-way-47732447",
        "name": "Erdahl Cloyd Wing",
        "type": "library",
        "close_hour": 22,
        "hours_source": "osm"
      }
    },
    {
      "type": "Feature",
      "geometry": {
        "type": "Point",
        "coordinates": [
          -78.659437,
          35.778038
        ]
      },
      "properties": {
        "id": "osm-way-47776374",
        "name": "Governor Morehead School Library",
        "type": "library",
        "close_hour": 17,
        "hours_source": "default"
      }
    },
    {
      "type": "Feature",
      "geometry": {
        "type": "Point",
        "coordinates": [
          -78.621303,
          35.785444
        ]
      },
      "properties": {
        "id": "osm-way-47776788",
        "name": "Prezell R Robinson Library",
        "type": "library",
        "close_hour": 17,
        "hours_source": "default"
      }
    },
    {
      "type": "Feature",
      "geometry": {
        "type": "Point",
        "coordinates": [
          -78.689971,
          35.79931
        ]
      },
      "properties": {
        "id": "osm-way-47837465",
        "name": "Carlyle Cambell Library",
        "type": "library",
        "close_hour": 17,
        "hours_source": "default"
      }
    },
    {
      "type": "Feature",
      "geometry": {
        "type": "Point",
        "coordinates": [
          -78.628078,
          35.881001
        ]
      },
      "properties": {
        "id": "osm-way-47968763",
        "name": "North Regional Library",
        "type": "library",
        "close_hour": 18,
        "hours_source": "osm"
      }
    },
    {
      "type": "Feature",
      "geometry": {
        "type": "Point",
        "coordinates": [
          -78.591864,
          35.839295
        ]
      },
      "properties": {
        "id": "osm-way-47969197",
        "name": "Green Road Library",
        "type": "library",
        "close_hour": 18,
        "hours_source": "osm"
      }
    },
    {
      "type": "Feature",
      "geometry": {
        "type": "Point",
        "coordinates": [
          -78.898856,
          35.974232
        ]
      },
      "properties": {
        "id": "osm-way-50264061",
        "name": "James E. Shepard Library",
        "type": "library",
        "close_hour": 17,
        "hours_source": "default"
      }
    },
    {
      "type": "Feature",
      "geometry": {
        "type": "Point",
        "coordinates": [
          -78.405342,
          36.327679
        ]
      },
      "properties": {
        "id": "osm-way-62028710",
        "name": "H Leslie Perry Library",
        "type": "library",
        "close_hour": 17,
        "hours_source": "default"
      }
    },
    {
      "type": "Feature",
      "geometry": {
        "type": "Point",
        "coordinates": [
          -77.680055,
          34.393424
        ]
      },
      "properties": {
        "id": "osm-way-68740852",
        "name": "Pender County Library Hampstead Branch",
        "type": "library",
        "close_hour": 17,
        "hours_source": "default"
      }
    },
    {
      "type": "Feature",
      "geometry": {
        "type": "Point",
        "coordinates": [
          -78.809586,
          35.978593
        ]
      },
      "properties": {
        "id": "osm-way-115577625",
        "name": "East Regional Branch Library",
        "type": "library",
        "close_hour": 18,
        "hours_source": "osm"
      }
    },
    {
      "type": "Feature",
      "geometry": {
        "type": "Point",
        "coordinates": [
          -78.510124,
          35.969888
        ]
      },
      "properties": {
        "id": "osm-way-162596791",
        "name": "Wake Forest Community Library",
        "type": "library",
        "close_hour": 18,
        "hours_source": "osm"
      }
    },
    {
      "type": "Feature",
      "geometry": {
        "type": "Point",
        "coordinates": [
          -78.888322,
          35.902408
        ]
      },
      "properties": {
        "id": "osm-way-167090821",
        "name": "South Regional Branch, Durham County Public Library",
        "type": "library",
        "close_hour": 17,
        "hours_source": "default"
      }
    },
    {
      "type": "Feature",
      "geometry": {
        "type": "Point",
        "coordinates": [
          -78.676443,
          35.769296
        ]
      },
      "properties": {
        "id": "osm-way-177166351",
        "name": "James B. Hunt Jr. Library",
        "type": "library",
        "close_hour": 22,
        "hours_source": "osm"
      }
    },
    {
      "type": "Feature",
      "geometry": {
        "type": "Point",
        "coordinates": [
          -78.578917,
          33.922528
        ]
      },
      "properties": {
        "id": "osm-way-192680659",
        "name": "Southwest Brunswick Branch Library",
        "type": "library",
        "close_hour": 17,
        "hours_source": "default"
      }
    },
    {
      "type": "Feature",
      "geometry": {
        "type": "Point",
        "coordinates": [
          -78.881636,
          35.974736
        ]
      },
      "properties": {
        "id": "osm-way-204985079",
        "name": "DTCC Library",
        "type": "library",
        "close_hour": 17,
        "hours_source": "osm"
      }
    },
    {
      "type": "Feature",
      "geometry": {
        "type": "Point",
        "coordinates": [
          -78.459313,
          35.652257
        ]
      },
      "properties": {
        "id": "osm-way-221417066",
        "name": "Hocutt Ellington Memorial Library",
        "type": "library",
        "close_hour": 17,
        "hours_source": "default"
      }
    },
    {
      "type": "Feature",
      "geometry": {
        "type": "Point",
        "coordinates": [
          -78.246601,
          35.95369
        ]
      },
      "properties": {
        "id": "osm-way-232196410",
        "name": "Bunn Branch Library",
        "type": "library",
        "close_hour": 17,
        "hours_source": "default"
      }
    },
    {
      "type": "Feature",
      "geometry": {
        "type": "Point",
        "coordinates": [
          -78.670084,
          35.787546
        ]
      },
      "properties": {
        "id": "osm-way-234727994",
        "name": "D. H. Hill Library",
        "type": "library",
        "close_hour": 22,
        "hours_source": "osm"
      }
    },
    {
      "type": "Feature",
      "geometry": {
        "type": "Point",
        "coordinates": [
          -78.157198,
          36.397712
        ]
      },
      "properties": {
        "id": "osm-way-263139684",
        "name": "Warren County Memorial Library",
        "type": "library",
        "close_hour": 17,
        "hours_source": "default"
      }
    },
    {
      "type": "Feature",
      "geometry": {
        "type": "Point",
        "coordinates": [
          -78.587597,
          36.309525
        ]
      },
      "properties": {
        "id": "osm-way-280277430",
        "name": "Richard H Thornton Library",
        "type": "library",
        "close_hour": 17,
        "hours_source": "default"
      }
    },
    {
      "type": "Feature",
      "geometry": {
        "type": "Point",
        "coordinates": [
          -78.60418,
          34.629501
        ]
      },
      "properties": {
        "id": "osm-way-310578613",
        "name": "Bladen County Public Library",
        "type": "library",
        "close_hour": 17,
        "hours_source": "default"
      }
    },
    {
      "type": "Feature",
      "geometry": {
        "type": "Point",
        "coordinates": [
          -77.637437,
          35.789704
        ]
      },
      "properties": {
        "id": "osm-way-317758984",
        "name": "Pinetops Branch Library",
        "type": "library",
        "close_hour": 17,
        "hours_source": "default"
      }
    },
    {
      "type": "Feature",
      "geometry": {
        "type": "Point",
        "coordinates": [
          -78.082565,
          33.909399
        ]
      },
      "properties": {
        "id": "osm-way-321136739",
        "name": "G V Barbee Sr Library",
        "type": "library",
        "close_hour": 17,
        "hours_source": "default"
      }
    },
    {
      "type": "Feature",
      "geometry": {
        "type": "Point",
        "coordinates": [
          -78.345565,
          35.511463
        ]
      },
      "properties": {
        "id": "osm-way-338522742",
        "name": "Public Library Of Johnston Cnty & Smithfield",
        "type": "library",
        "close_hour": 17,
        "hours_source": "default"
      }
    },
    {
      "type": "Feature",
      "geometry": {
        "type": "Point",
        "coordinates": [
          -78.000918,
          33.875693
        ]
      },
      "properties": {
        "id": "osm-way-368027793",
        "name": "Judy S. Agner Memorial Library",
        "type": "library",
        "close_hour": 17,
        "hours_source": "default"
      }
    },
    {
      "type": "Feature",
      "geometry": {
        "type": "Point",
        "coordinates": [
          -78.864644,
          35.814669
        ]
      },
      "properties": {
        "id": "osm-way-378257128",
        "name": "West Regional Library",
        "type": "library",
        "close_hour": 17,
        "hours_source": "default"
      }
    },
    {
      "type": "Feature",
      "geometry": {
        "type": "Point",
        "coordinates": [
          -78.319786,
          35.836444
        ]
      },
      "properties": {
        "id": "osm-way-387995161",
        "name": "Zebulon Community Library",
        "type": "library",
        "close_hour": 17,
        "hours_source": "default"
      }
    },
    {
      "type": "Feature",
      "geometry": {
        "type": "Point",
        "coordinates": [
          -78.938614,
          36.002263
        ]
      },
      "properties": {
        "id": "osm-way-391474817",
        "name": "Perkins Library",
        "type": "library",
        "close_hour": 17,
        "hours_source": "default"
      }
    },
    {
      "type": "Feature",
      "geometry": {
        "type": "Point",
        "coordinates": [
          -77.828204,
          34.23284
        ]
      },
      "properties": {
        "id": "osm-way-392102162",
        "name": "New Hanover County Northeast Regional Library",
        "type": "library",
        "close_hour": 17,
        "hours_source": "osm"
      }
    },
    {
      "type": "Feature",
      "geometry": {
        "type": "Point",
        "coordinates": [
          -78.01994,
          33.91777
        ]
      },
      "properties": {
        "id": "osm-way-407835812",
        "name": "Harper Library",
        "type": "library",
        "close_hour": 17,
        "hours_source": "default"
      }
    },
    {
      "type": "Feature",
      "geometry": {
        "type": "Point",
        "coordinates": [
          -78.296112,
          36.109833
        ]
      },
      "properties": {
        "id": "osm-way-408480815",
        "name": "Franklin County Library",
        "type": "library",
        "close_hour": 19,
        "hours_source": "osm"
      }
    },
    {
      "type": "Feature",
      "geometry": {
        "type": "Point",
        "coordinates": [
          -77.596175,
          36.428796
        ]
      },
      "properties": {
        "id": "osm-way-475562950",
        "name": "Weldon Memorial Library",
        "type": "library",
        "close_hour": 17,
        "hours_source": "default"
      }
    },
    {
      "type": "Feature",
      "geometry": {
        "type": "Point",
        "coordinates": [
          -78.873033,
          35.133971
        ]
      },
      "properties": {
        "id": "osm-way-487837629",
        "name": "Davis Memorial Library",
        "type": "library",
        "close_hour": 17,
        "hours_source": "default"
      }
    },
    {
      "type": "Feature",
      "geometry": {
        "type": "Point",
        "coordinates": [
          -78.890886,
          35.075994
        ]
      },
      "properties": {
        "id": "osm-way-543863579",
        "name": "Charles W. Chesnutt Library",
        "type": "library",
        "close_hour": 17,
        "hours_source": "default"
      }
    },
    {
      "type": "Feature",
      "geometry": {
        "type": "Point",
        "coordinates": [
          -78.881299,
          35.055472
        ]
      },
      "properties": {
        "id": "osm-way-544082203",
        "name": "Cumberland County Library - Main Branch",
        "type": "library",
        "close_hour": 17,
        "hours_source": "default"
      }
    },
    {
      "type": "Feature",
      "geometry": {
        "type": "Point",
        "coordinates": [
          -78.927788,
          35.068044
        ]
      },
      "properties": {
        "id": "osm-way-544267810",
        "name": "Paul H. Thompson Library",
        "type": "library",
        "close_hour": 17,
        "hours_source": "default"
      }
    },
    {
      "type": "Feature",
      "geometry": {
        "type": "Point",
        "coordinates": [
          -77.587184,
          35.596906
        ]
      },
      "properties": {
        "id": "osm-way-547747014",
        "name": "Farmville Public Library",
        "type": "library",
        "close_hour": 17,
        "hours_source": "default"
      }
    },
    {
      "type": "Feature",
      "geometry": {
        "type": "Point",
        "coordinates": [
          -78.896955,
          35.128914
        ]
      },
      "properties": {
        "id": "osm-way-551567883",
        "name": "North Regional Branch Library",
        "type": "library",
        "close_hour": 17,
        "hours_source": "default"
      }
    },
    {
      "type": "Feature",
      "geometry": {
        "type": "Point",
        "coordinates": [
          -77.651935,
          36.467325
        ]
      },
      "properties": {
        "id": "osm-way-555748030",
        "name": "Roanoke Rapids Public Library",
        "type": "library",
        "close_hour": 17,
        "hours_source": "default"
      }
    },
    {
      "type": "Feature",
      "geometry": {
        "type": "Point",
        "coordinates": [
          -78.914442,
          36.08759
        ]
      },
      "properties": {
        "id": "osm-way-580559606",
        "name": "Durham County Library - North Regional Library",
        "type": "library",
        "close_hour": 17,
        "hours_source": "default"
      }
    },
    {
      "type": "Feature",
      "geometry": {
        "type": "Point",
        "coordinates": [
          -78.954463,
          35.958625
        ]
      },
      "properties": {
        "id": "osm-way-603484595",
        "name": "Southwest Branch Durham County Public Library",
        "type": "library",
        "close_hour": 17,
        "hours_source": "default"
      }
    },
    {
      "type": "Feature",
      "geometry": {
        "type": "Point",
        "coordinates": [
          -78.62111,
          35.706017
        ]
      },
      "properties": {
        "id": "osm-way-605969847",
        "name": "Southeast Regional Library",
        "type": "library",
        "close_hour": 0,
        "hours_source": "osm"
      }
    },
    {
      "type": "Feature",
      "geometry": {
        "type": "Point",
        "coordinates": [
          -78.985564,
          35.181651
        ]
      },
      "properties": {
        "id": "osm-way-618039992",
        "name": "Spring Lake Public Library",
        "type": "library",
        "close_hour": 0,
        "hours_source": "osm"
      }
    },
    {
      "type": "Feature",
      "geometry": {
        "type": "Point",
        "coordinates": [
          -78.758264,
          35.668372
        ]
      },
      "properties": {
        "id": "osm-way-665141271",
        "name": "Middle Creek Community Library",
        "type": "library",
        "close_hour": 0,
        "hours_source": "osm"
      }
    },
    {
      "type": "Feature",
      "geometry": {
        "type": "Point",
        "coordinates": [
          -78.715191,
          35.885416
        ]
      },
      "properties": {
        "id": "osm-way-674846514",
        "name": "Leesville Community Library",
        "type": "library",
        "close_hour": 18,
        "hours_source": "osm"
      }
    },
    {
      "type": "Feature",
      "geometry": {
        "type": "Point",
        "coordinates": [
          -78.116072,
          35.779246
        ]
      },
      "properties": {
        "id": "osm-way-683017476",
        "name": "Wesley Privette Memorial Library",
        "type": "library",
        "close_hour": 0,
        "hours_source": "osm"
      }
    },
    {
      "type": "Feature",
      "geometry": {
        "type": "Point",
        "coordinates": [
          -77.89325,
          34.17377
        ]
      },
      "properties": {
        "id": "osm-way-688733394",
        "name": "Pine Valley Library",
        "type": "library",
        "close_hour": 17,
        "hours_source": "osm"
      }
    },
    {
      "type": "Feature",
      "geometry": {
        "type": "Point",
        "coordinates": [
          -78.876333,
          34.149192
        ]
      },
      "properties": {
        "id": "osm-way-697666371",
        "name": "Tabor City Public Library",
        "type": "library",
        "close_hour": 17,
        "hours_source": "default"
      }
    },
    {
      "type": "Feature",
      "geometry": {
        "type": "Point",
        "coordinates": [
          -78.458454,
          36.103921
        ]
      },
      "properties": {
        "id": "osm-way-712327247",
        "name": "Franklinton Public Library",
        "type": "library",
        "close_hour": 17,
        "hours_source": "default"
      }
    },
    {
      "type": "Feature",
      "geometry": {
        "type": "Point",
        "coordinates": [
          -78.543728,
          35.954381
        ]
      },
      "properties": {
        "id": "osm-way-737114151",
        "name": "Northeast Regional Library",
        "type": "library",
        "close_hour": 17,
        "hours_source": "default"
      }
    },
    {
      "type": "Feature",
      "geometry": {
        "type": "Point",
        "coordinates": [
          -78.740535,
          35.507511
        ]
      },
      "properties": {
        "id": "osm-way-738028855",
        "name": "Angier Library",
        "type": "library",
        "close_hour": 17,
        "hours_source": "osm"
      }
    },
    {
      "type": "Feature",
      "geometry": {
        "type": "Point",
        "coordinates": [
          -78.780117,
          35.783053
        ]
      },
      "properties": {
        "id": "osm-way-758256968",
        "name": "Cary Regional Library",
        "type": "library",
        "close_hour": 18,
        "hours_source": "osm"
      }
    },
    {
      "type": "Feature",
      "geometry": {
        "type": "Point",
        "coordinates": [
          -78.486947,
          35.802893
        ]
      },
      "properties": {
        "id": "osm-way-761311535",
        "name": "East Regional Library",
        "type": "library",
        "close_hour": 17,
        "hours_source": "default"
      }
    },
    {
      "type": "Feature",
      "geometry": {
        "type": "Point",
        "coordinates": [
          -78.780136,
          35.585386
        ]
      },
      "properties": {
        "id": "osm-way-772817873",
        "name": "Fuquay-Varina Community Library",
        "type": "library",
        "close_hour": 18,
        "hours_source": "osm"
      }
    },
    {
      "type": "Feature",
      "geometry": {
        "type": "Point",
        "coordinates": [
          -78.898634,
          35.982574
        ]
      },
      "properties": {
        "id": "osm-way-775615717",
        "name": "Stanford L Warren Branch Library",
        "type": "library",
        "close_hour": 17,
        "hours_source": "default"
      }
    },
    {
      "type": "Feature",
      "geometry": {
        "type": "Point",
        "coordinates": [
          -78.485804,
          36.020043
        ]
      },
      "properties": {
        "id": "osm-way-819998187",
        "name": "Youngsville Public Library",
        "type": "library",
        "close_hour": 19,
        "hours_source": "osm"
      }
    },
    {
      "type": "Feature",
      "geometry": {
        "type": "Point",
        "coordinates": [
          -78.871788,
          36.037533
        ]
      },
      "properties": {
        "id": "osm-way-822335140",
        "name": "Braggtown Branch Durham County Public Library",
        "type": "library",
        "close_hour": 17,
        "hours_source": "default"
      }
    },
    {
      "type": "Feature",
      "geometry": {
        "type": "Point",
        "coordinates": [
          -78.611186,
          35.305991
        ]
      },
      "properties": {
        "id": "osm-way-827913355",
        "name": "Dunn Public Library",
        "type": "library",
        "close_hour": 17,
        "hours_source": "default"
      }
    },
    {
      "type": "Feature",
      "geometry": {
        "type": "Point",
        "coordinates": [
          -78.124165,
          35.591563
        ]
      },
      "properties": {
        "id": "osm-way-827954607",
        "name": "Kenly Public Library",
        "type": "library",
        "close_hour": 17,
        "hours_source": "default"
      }
    },
    {
      "type": "Feature",
      "geometry": {
        "type": "Point",
        "coordinates": [
          -78.204564,
          35.788517
        ]
      },
      "properties": {
        "id": "osm-way-830095476",
        "name": "Middlesex Public Library",
        "type": "library",
        "close_hour": 17,
        "hours_source": "default"
      }
    },
    {
      "type": "Feature",
      "geometry": {
        "type": "Point",
        "coordinates": [
          -77.901065,
          34.052082
        ]
      },
      "properties": {
        "id": "osm-way-832333474",
        "name": "New Hanover Public Library: Pleasure Island Branch",
        "type": "library",
        "close_hour": 17,
        "hours_source": "osm"
      }
    },
    {
      "type": "Feature",
      "geometry": {
        "type": "Point",
        "coordinates": [
          -78.366112,
          35.778593
        ]
      },
      "properties": {
        "id": "osm-way-835365459",
        "name": "Wendell Community Library",
        "type": "library",
        "close_hour": 17,
        "hours_source": "default"
      }
    },
    {
      "type": "Feature",
      "geometry": {
        "type": "Point",
        "coordinates": [
          -77.984802,
          35.497241
        ]
      },
      "properties": {
        "id": "osm-way-907184392",
        "name": "Wayne County Public Library - Pikeville Branch",
        "type": "library",
        "close_hour": 17,
        "hours_source": "default"
      }
    },
    {
      "type": "Feature",
      "geometry": {
        "type": "Point",
        "coordinates": [
          -77.589087,
          36.326594
        ]
      },
      "properties": {
        "id": "osm-way-909733287",
        "name": "Halifax County Library",
        "type": "library",
        "close_hour": 17,
        "hours_source": "default"
      }
    },
    {
      "type": "Feature",
      "geometry": {
        "type": "Point",
        "coordinates": [
          -78.069332,
          35.208119
        ]
      },
      "properties": {
        "id": "osm-way-924172966",
        "name": "Moye Library",
        "type": "library",
        "close_hour": 17,
        "hours_source": "default"
      }
    },
    {
      "type": "Feature",
      "geometry": {
        "type": "Point",
        "coordinates": [
          -78.8333,
          35.824734
        ]
      },
      "properties": {
        "id": "osm-way-931835283",
        "name": "Morrisville Community Library",
        "type": "library",
        "close_hour": 18,
        "hours_source": "osm"
      }
    },
    {
      "type": "Feature",
      "geometry": {
        "type": "Point",
        "coordinates": [
          -78.958909,
          34.974384
        ]
      },
      "properties": {
        "id": "osm-way-979709870",
        "name": "Hope Mills Public Library",
        "type": "library",
        "close_hour": 17,
        "hours_source": "default"
      }
    },
    {
      "type": "Feature",
      "geometry": {
        "type": "Point",
        "coordinates": [
          -77.980299,
          35.381925
        ]
      },
      "properties": {
        "id": "osm-way-1016290257",
        "name": "Wayne County Public Library",
        "type": "library",
        "close_hour": 17,
        "hours_source": "default"
      }
    },
    {
      "type": "Feature",
      "geometry": {
        "type": "Point",
        "coordinates": [
          -78.94025,
          35.026334
        ]
      },
      "properties": {
        "id": "osm-way-1074065171",
        "name": "Bordeaux Public Library",
        "type": "library",
        "close_hour": 17,
        "hours_source": "default"
      }
    },
    {
      "type": "Feature",
      "geometry": {
        "type": "Point",
        "coordinates": [
          -77.91432,
          35.727548
        ]
      },
      "properties": {
        "id": "osm-way-1113083930",
        "name": "Wilson County Public Library",
        "type": "library",
        "close_hour": 17,
        "hours_source": "default"
      }
    },
    {
      "type": "Feature",
      "geometry": {
        "type": "Point",
        "coordinates": [
          -78.283144,
          35.538367
        ]
      },
      "properties": {
        "id": "osm-way-1127396165",
        "name": "Selma Public Library",
        "type": "library",
        "close_hour": 17,
        "hours_source": "default"
      }
    },
    {
      "type": "Feature",
      "geometry": {
        "type": "Point",
        "coordinates": [
          -77.581491,
          35.26606
        ]
      },
      "properties": {
        "id": "osm-way-1130782456",
        "name": "Neuse Regional Library",
        "type": "library",
        "close_hour": 17,
        "hours_source": "default"
      }
    },
    {
      "type": "Feature",
      "geometry": {
        "type": "Point",
        "coordinates": [
          -78.513234,
          34.952492
        ]
      },
      "properties": {
        "id": "osm-way-1149279157",
        "name": "Roseboro Public Library",
        "type": "library",
        "close_hour": 17,
        "hours_source": "default"
      }
    },
    {
      "type": "Feature",
      "geometry": {
        "type": "Point",
        "coordinates": [
          -78.320523,
          34.997745
        ]
      },
      "properties": {
        "id": "osm-way-1149449262",
        "name": "J.C. Holliday Library",
        "type": "library",
        "close_hour": 17,
        "hours_source": "default"
      }
    },
    {
      "type": "Feature",
      "geometry": {
        "type": "Point",
        "coordinates": [
          -77.713642,
          36.106041
        ]
      },
      "properties": {
        "id": "osm-way-1174151428",
        "name": "Whitakers Public Library",
        "type": "library",
        "close_hour": 17,
        "hours_source": "default"
      }
    },
    {
      "type": "Feature",
      "geometry": {
        "type": "Point",
        "coordinates": [
          -77.665796,
          36.180792
        ]
      },
      "properties": {
        "id": "osm-way-1174153448",
        "name": "Enfield Library",
        "type": "library",
        "close_hour": 17,
        "hours_source": "default"
      }
    },
    {
      "type": "Feature",
      "geometry": {
        "type": "Point",
        "coordinates": [
          -78.108973,
          35.937908
        ]
      },
      "properties": {
        "id": "osm-way-1174894335",
        "name": "Spring Hope Public Library",
        "type": "library",
        "close_hour": 17,
        "hours_source": "default"
      }
    },
    {
      "type": "Feature",
      "geometry": {
        "type": "Point",
        "coordinates": [
          -77.966927,
          35.973969
        ]
      },
      "properties": {
        "id": "osm-way-1174913832",
        "name": "Harold D. Cooley Library",
        "type": "library",
        "close_hour": 17,
        "hours_source": "default"
      }
    },
    {
      "type": "Feature",
      "geometry": {
        "type": "Point",
        "coordinates": [
          -78.810343,
          35.419504
        ]
      },
      "properties": {
        "id": "osm-way-1189877116",
        "name": "Harnett County Public Library and Courthouse",
        "type": "library",
        "close_hour": 17,
        "hours_source": "default"
      }
    },
    {
      "type": "Feature",
      "geometry": {
        "type": "Point",
        "coordinates": [
          -78.008936,
          35.644547
        ]
      },
      "properties": {
        "id": "osm-way-1208858119",
        "name": "Lucama Public Library",
        "type": "library",
        "close_hour": 17,
        "hours_source": "default"
      }
    },
    {
      "type": "Feature",
      "geometry": {
        "type": "Point",
        "coordinates": [
          -78.357329,
          35.244125
        ]
      },
      "properties": {
        "id": "osm-way-1219390182",
        "name": "Bryan Memorial Library",
        "type": "library",
        "close_hour": 0,
        "hours_source": "osm"
      }
    },
    {
      "type": "Feature",
      "geometry": {
        "type": "Point",
        "coordinates": [
          -78.055904,
          34.896319
        ]
      },
      "properties": {
        "id": "osm-way-1220422173",
        "name": "Florence Gallier Library",
        "type": "library",
        "close_hour": 17,
        "hours_source": "default"
      }
    },
    {
      "type": "Feature",
      "geometry": {
        "type": "Point",
        "coordinates": [
          -78.092344,
          34.998917
        ]
      },
      "properties": {
        "id": "osm-way-1220652562",
        "name": "Warsaw-Kornegay Public Library",
        "type": "library",
        "close_hour": 17,
        "hours_source": "default"
      }
    },
    {
      "type": "Feature",
      "geometry": {
        "type": "Point",
        "coordinates": [
          -78.020635,
          34.826146
        ]
      },
      "properties": {
        "id": "osm-way-1222329538",
        "name": "Rose Hill Library",
        "type": "library",
        "close_hour": 17,
        "hours_source": "default"
      }
    },
    {
      "type": "Feature",
      "geometry": {
        "type": "Point",
        "coordinates": [
          -77.92313,
          34.551028
        ]
      },
      "properties": {
        "id": "osm-way-1247053820",
        "name": "Pander County Public Library - Central Branch",
        "type": "library",
        "close_hour": 17,
        "hours_source": "default"
      }
    },
    {
      "type": "Feature",
      "geometry": {
        "type": "Point",
        "coordinates": [
          -77.537173,
          35.902095
        ]
      },
      "properties": {
        "id": "osm-way-1279913056",
        "name": "Edgecombe County Memorial Library",
        "type": "library",
        "close_hour": 17,
        "hours_source": "default"
      }
    },
    {
      "type": "Feature",
      "geometry": {
        "type": "Point",
        "coordinates": [
          -78.13921,
          35.118491
        ]
      },
      "properties": {
        "id": "osm-way-1289404031",
        "name": "Faison Branch Library (Emily Hill Library)",
        "type": "library",
        "close_hour": 17,
        "hours_source": "default"
      }
    },
    {
      "type": "Feature",
      "geometry": {
        "type": "Point",
        "coordinates": [
          -78.736955,
          36.314862
        ]
      },
      "properties": {
        "id": "osm-way-1339351132",
        "name": "Berea Branch Library",
        "type": "library",
        "close_hour": 15,
        "hours_source": "osm"
      }
    },
    {
      "type": "Feature",
      "geometry": {
        "type": "Point",
        "coordinates": [
          -78.568036,
          36.447557
        ]
      },
      "properties": {
        "id": "osm-way-1339380928",
        "name": "Stovall Branch Library",
        "type": "library",
        "close_hour": 0,
        "hours_source": "osm"
      }
    },
    {
      "type": "Feature",
      "geometry": {
        "type": "Point",
        "coordinates": [
          -78.961111,
          35.418198
        ]
      },
      "properties": {
        "id": "osm-way-1342563424",
        "name": "Boone Trail Recreation Center And Library",
        "type": "library",
        "close_hour": 17,
        "hours_source": "default"
      }
    },
    {
      "type": "Feature",
      "geometry": {
        "type": "Point",
        "coordinates": [
          -77.787555,
          35.305095
        ]
      },
      "properties": {
        "id": "osm-way-1342694449",
        "name": "La Grange Public Library",
        "type": "library",
        "close_hour": 17,
        "hours_source": "default"
      }
    },
    {
      "type": "Feature",
      "geometry": {
        "type": "Point",
        "coordinates": [
          -77.934337,
          35.63534
        ]
      },
      "properties": {
        "id": "osm-way-1342694822",
        "name": "Black Creek Branch Library",
        "type": "library",
        "close_hour": 17,
        "hours_source": "default"
      }
    },
    {
      "type": "Feature",
      "geometry": {
        "type": "Point",
        "coordinates": [
          -77.86129,
          35.80653
        ]
      },
      "properties": {
        "id": "osm-way-1342695465",
        "name": "Elm City Branch Public Library",
        "type": "library",
        "close_hour": 17,
        "hours_source": "default"
      }
    },
    {
      "type": "Feature",
      "geometry": {
        "type": "Point",
        "coordinates": [
          -77.796158,
          35.949055
        ]
      },
      "properties": {
        "id": "osm-way-1342696027",
        "name": "Braswell Memorial Public Library",
        "type": "library",
        "close_hour": 17,
        "hours_source": "default"
      }
    },
    {
      "type": "Feature",
      "geometry": {
        "type": "Point",
        "coordinates": [
          -78.615386,
          35.754911
        ]
      },
      "properties": {
        "id": "osm-way-1342697235",
        "name": "Southgate Community Library",
        "type": "library",
        "close_hour": 17,
        "hours_source": "default"
      }
    },
    {
      "type": "Feature",
      "geometry": {
        "type": "Point",
        "coordinates": [
          -78.639645,
          35.775853
        ]
      },
      "properties": {
        "id": "osm-way-1342745978",
        "name": "Express Library Fayetteville Street",
        "type": "library",
        "close_hour": 17,
        "hours_source": "default"
      }
    },
    {
      "type": "Feature",
      "geometry": {
        "type": "Point",
        "coordinates": [
          -78.657908,
          35.789688
        ]
      },
      "properties": {
        "id": "osm-way-1342746194",
        "name": "Oberlin Regional Library",
        "type": "library",
        "close_hour": 18,
        "hours_source": "osm"
      }
    },
    {
      "type": "Feature",
      "geometry": {
        "type": "Point",
        "coordinates": [
          -78.710956,
          35.768056
        ]
      },
      "properties": {
        "id": "osm-way-1342746942",
        "name": "Athens Drive Community Library",
        "type": "library",
        "close_hour": 17,
        "hours_source": "default"
      }
    },
    {
      "type": "Feature",
      "geometry": {
        "type": "Point",
        "coordinates": [
          -78.71175,
          35.857469
        ]
      },
      "properties": {
        "id": "osm-way-1342747667",
        "name": "West Popular Lending Library",
        "type": "library",
        "close_hour": 18,
        "hours_source": "osm"
      }
    },
    {
      "type": "Feature",
      "geometry": {
        "type": "Point",
        "coordinates": [
          -78.396852,
          34.785468
        ]
      },
      "properties": {
        "id": "osm-way-1342750255",
        "name": "Miriam B. Lamb Memorial Library",
        "type": "library",
        "close_hour": 17,
        "hours_source": "default"
      }
    },
    {
      "type": "Feature",
      "geometry": {
        "type": "Point",
        "coordinates": [
          -78.068128,
          35.195643
        ]
      },
      "properties": {
        "id": "osm-way-1342750924",
        "name": "Steele Memorial Library",
        "type": "library",
        "close_hour": 17,
        "hours_source": "default"
      }
    },
    {
      "type": "Feature",
      "geometry": {
        "type": "Point",
        "coordinates": [
          -77.964799,
          34.963534
        ]
      },
      "properties": {
        "id": "osm-way-1342751286",
        "name": "Duplin County - Dorothy Wightman Library",
        "type": "library",
        "close_hour": 17,
        "hours_source": "default"
      }
    },
    {
      "type": "Feature",
      "geometry": {
        "type": "Point",
        "coordinates": [
          -77.765513,
          34.920835
        ]
      },
      "properties": {
        "id": "osm-way-1342751311",
        "name": "Duplin County Library - Phillip Leff Memorial Branch",
        "type": "library",
        "close_hour": 17,
        "hours_source": "default"
      }
    },
    {
      "type": "Feature",
      "geometry": {
        "type": "Point",
        "coordinates": [
          -77.745957,
          35.055248
        ]
      },
      "properties": {
        "id": "osm-way-1342751354",
        "name": "Neuse Regional Library - Pink Hill Branch Library",
        "type": "library",
        "close_hour": 17,
        "hours_source": "default"
      }
    },
    {
      "type": "Feature",
      "geometry": {
        "type": "Point",
        "coordinates": [
          -77.529492,
          35.002589
        ]
      },
      "properties": {
        "id": "osm-way-1342751423",
        "name": "Comfort Branch Library",
        "type": "library",
        "close_hour": 17,
        "hours_source": "default"
      }
    },
    {
      "type": "Feature",
      "geometry": {
        "type": "Point",
        "coordinates": [
          -77.548108,
          34.897658
        ]
      },
      "properties": {
        "id": "osm-way-1342751718",
        "name": "Richlands Branch Public Library",
        "type": "library",
        "close_hour": 17,
        "hours_source": "default"
      }
    },
    {
      "type": "Feature",
      "geometry": {
        "type": "Point",
        "coordinates": [
          -78.836397,
          35.64999
        ]
      },
      "properties": {
        "id": "osm-way-1342763288",
        "name": "Holly Springs Community Library",
        "type": "library",
        "close_hour": 17,
        "hours_source": "default"
      }
    },
    {
      "type": "Feature",
      "geometry": {
        "type": "Point",
        "coordinates": [
          -78.722079,
          36.142189
        ]
      },
      "properties": {
        "id": "osm-way-1342764319",
        "name": "South Branch Library",
        "type": "library",
        "close_hour": 17,
        "hours_source": "default"
      }
    },
    {
      "type": "Feature",
      "geometry": {
        "type": "Point",
        "coordinates": [
          -78.986032,
          36.390131
        ]
      },
      "properties": {
        "id": "osm-way-1342766932",
        "name": "Person County Public Library",
        "type": "library",
        "close_hour": 17,
        "hours_source": "default"
      }
    },
    {
      "type": "Feature",
      "geometry": {
        "type": "Point",
        "coordinates": [
          -78.158356,
          35.466153
        ]
      },
      "properties": {
        "id": "osm-way-1342767273",
        "name": "Princeton Public Library",
        "type": "library",
        "close_hour": 17,
        "hours_source": "default"
      }
    },
    {
      "type": "Feature",
      "geometry": {
        "type": "Point",
        "coordinates": [
          -77.911221,
          36.435152
        ]
      },
      "properties": {
        "id": "osm-way-1342767636",
        "name": "W.C. \"Billy\" Jones Junior Memorial Library",
        "type": "library",
        "close_hour": 17,
        "hours_source": "osm"
      }
    },
    {
      "type": "Feature",
      "geometry": {
        "type": "Point",
        "coordinates": [
          -78.82531,
          34.324942
        ]
      },
      "properties": {
        "id": "osm-way-1342777535",
        "name": "Chadbourn Community Library",
        "type": "library",
        "close_hour": 17,
        "hours_source": "default"
      }
    },
    {
      "type": "Feature",
      "geometry": {
        "type": "Point",
        "coordinates": [
          -78.655184,
          34.488568
        ]
      },
      "properties": {
        "id": "osm-way-1342777661",
        "name": "Clarkton Public Library",
        "type": "library",
        "close_hour": 17,
        "hours_source": "default"
      }
    },
    {
      "type": "Feature",
      "geometry": {
        "type": "Point",
        "coordinates": [
          -78.522964,
          34.318983
        ]
      },
      "properties": {
        "id": "osm-way-1342777804",
        "name": "Rube Mc Cray Memorial Library",
        "type": "library",
        "close_hour": 17,
        "hours_source": "default"
      }
    },
    {
      "type": "Feature",
      "geometry": {
        "type": "Point",
        "coordinates": [
          -78.228395,
          34.341904
        ]
      },
      "properties": {
        "id": "osm-way-1342777850",
        "name": "East Columbus Branch Library",
        "type": "library",
        "close_hour": 17,
        "hours_source": "default"
      }
    },
    {
      "type": "Feature",
      "geometry": {
        "type": "Point",
        "coordinates": [
          -78.009386,
          34.238996
        ]
      },
      "properties": {
        "id": "osm-way-1342777881",
        "name": "Leland Branch Library",
        "type": "library",
        "close_hour": 17,
        "hours_source": "default"
      }
    },
    {
      "type": "Feature",
      "geometry": {
        "type": "Point",
        "coordinates": [
          -78.395308,
          33.966025
        ]
      },
      "properties": {
        "id": "osm-way-1342778305",
        "name": "Rourk Branch Library",
        "type": "library",
        "close_hour": 17,
        "hours_source": "default"
      }
    },
    {
      "type": "Feature",
      "geometry": {
        "type": "Point",
        "coordinates": [
          -78.973535,
          34.806688
        ]
      },
      "properties": {
        "id": "osm-way-1342778800",
        "name": "St. Pauls Public Library",
        "type": "library",
        "close_hour": 17,
        "hours_source": "default"
      }
    },
    {
      "type": "Feature",
      "geometry": {
        "type": "Point",
        "coordinates": [
          -77.824213,
          35.606599
        ]
      },
      "properties": {
        "id": "osm-way-1342779471",
        "name": "Crocker Branch Library",
        "type": "library",
        "close_hour": 17,
        "hours_source": "default"
      }
    },
    {
      "type": "Feature",
      "geometry": {
        "type": "Point",
        "coordinates": [
          -78.434961,
          35.45027
        ]
      },
      "properties": {
        "id": "osm-way-1342779482",
        "name": "James Bryan Creech Public Library",
        "type": "library",
        "close_hour": 17,
        "hours_source": "default"
      }
    },
    {
      "type": "Feature",
      "geometry": {
        "type": "Point",
        "coordinates": [
          -78.548,
          35.381712
        ]
      },
      "properties": {
        "id": "osm-way-1342779531",
        "name": "Mary Duncan Public Library",
        "type": "library",
        "close_hour": 17,
        "hours_source": "default"
      }
    },
    {
      "type": "Feature",
      "geometry": {
        "type": "Point",
        "coordinates": [
          -78.677359,
          35.326195
        ]
      },
      "properties": {
        "id": "osm-way-1342779544",
        "name": "Erwin Public Library",
        "type": "library",
        "close_hour": 17,
        "hours_source": "default"
      }
    },
    {
      "type": "Feature",
      "geometry": {
        "type": "Point",
        "coordinates": [
          -78.671761,
          35.408139
        ]
      },
      "properties": {
        "id": "osm-way-1342779808",
        "name": "Coats Public Library",
        "type": "library",
        "close_hour": 17,
        "hours_source": "default"
      }
    },
    {
      "type": "Feature",
      "geometry": {
        "type": "Point",
        "coordinates": [
          -78.760341,
          35.037022
        ]
      },
      "properties": {
        "id": "osm-way-1342779891",
        "name": "East Regional Branch Library",
        "type": "library",
        "close_hour": 17,
        "hours_source": "default"
      }
    },
    {
      "type": "Feature",
      "geometry": {
        "type": "Point",
        "coordinates": [
          -77.947147,
          34.238664
        ]
      },
      "properties": {
        "id": "osm-way-1485412155",
        "name": "New Hanover County Public Library - Main Branch",
        "type": "library",
        "close_hour": 17,
        "hours_source": "osm"
      }
    },
    {
      "type": "Feature",
      "geometry": {
        "type": "Point",
        "coordinates": [
          -77.422133,
          36.389145
        ]
      },
      "properties": {
        "id": "osm-way-320910902",
        "name": "Northampton County Memorial Library",
        "type": "library",
        "close_hour": 17,
        "hours_source": "default"
      }
    },
    {
      "type": "Feature",
      "geometry": {
        "type": "Point",
        "coordinates": [
          -77.373947,
          35.609719
        ]
      },
      "properties": {
        "id": "osm-way-379617547",
        "name": "Sheppard Memorial Library",
        "type": "library",
        "close_hour": 17,
        "hours_source": "default"
      }
    },
    {
      "type": "Feature",
      "geometry": {
        "type": "Point",
        "coordinates": [
          -77.420767,
          34.777817
        ]
      },
      "properties": {
        "id": "osm-way-469313637",
        "name": "Onslow County Public Library",
        "type": "library",
        "close_hour": 21,
        "hours_source": "osm"
      }
    },
    {
      "type": "Feature",
      "geometry": {
        "type": "Point",
        "coordinates": [
          -76.713966,
          34.720735
        ]
      },
      "properties": {
        "id": "osm-way-480855241",
        "name": "The Webb Library and Civic Center",
        "type": "library",
        "close_hour": 14,
        "hours_source": "osm"
      }
    },
    {
      "type": "Feature",
      "geometry": {
        "type": "Point",
        "coordinates": [
          -76.747719,
          35.865348
        ]
      },
      "properties": {
        "id": "osm-way-738969414",
        "name": "Pettigrew Regional Library and Washington County Library",
        "type": "library",
        "close_hour": 17,
        "hours_source": "default"
      }
    },
    {
      "type": "Feature",
      "geometry": {
        "type": "Point",
        "coordinates": [
          -77.057595,
          34.697048
        ]
      },
      "properties": {
        "id": "osm-way-779199746",
        "name": "Western Carteret Branch Public Library",
        "type": "library",
        "close_hour": 17,
        "hours_source": "default"
      }
    },
    {
      "type": "Feature",
      "geometry": {
        "type": "Point",
        "coordinates": [
          -76.672581,
          34.716518
        ]
      },
      "properties": {
        "id": "osm-way-836979648",
        "name": "Library & Auditorium",
        "type": "library",
        "close_hour": 17,
        "hours_source": "default"
      }
    },
    {
      "type": "Feature",
      "geometry": {
        "type": "Point",
        "coordinates": [
          -77.226412,
          35.005771
        ]
      },
      "properties": {
        "id": "osm-way-866651693",
        "name": "Pollocksville Branch Library",
        "type": "library",
        "close_hour": 17,
        "hours_source": "default"
      }
    },
    {
      "type": "Feature",
      "geometry": {
        "type": "Point",
        "coordinates": [
          -77.436358,
          34.523679
        ]
      },
      "properties": {
        "id": "osm-way-968254464",
        "name": "Sneads Ferry Branch Library",
        "type": "library",
        "close_hour": 17,
        "hours_source": "default"
      }
    },
    {
      "type": "Feature",
      "geometry": {
        "type": "Point",
        "coordinates": [
          -76.620064,
          35.537898
        ]
      },
      "properties": {
        "id": "osm-way-1015977283",
        "name": "Belhaven Public Library",
        "type": "library",
        "close_hour": 17,
        "hours_source": "default"
      }
    },
    {
      "type": "Feature",
      "geometry": {
        "type": "Point",
        "coordinates": [
          -76.560036,
          34.733061
        ]
      },
      "properties": {
        "id": "osm-way-1065165037",
        "name": "Down East Branch Public Library",
        "type": "library",
        "close_hour": 17,
        "hours_source": "default"
      }
    },
    {
      "type": "Feature",
      "geometry": {
        "type": "Point",
        "coordinates": [
          -77.387565,
          35.610755
        ]
      },
      "properties": {
        "id": "osm-way-1139706085",
        "name": "Sheppard Memorial Library - Carver Branch",
        "type": "library",
        "close_hour": 17,
        "hours_source": "default"
      }
    },
    {
      "type": "Feature",
      "geometry": {
        "type": "Point",
        "coordinates": [
          -77.345048,
          35.594276
        ]
      },
      "properties": {
        "id": "osm-way-1141352916",
        "name": "Sheppard Memorial Library - East Branch",
        "type": "library",
        "close_hour": 17,
        "hours_source": "default"
      }
    },
    {
      "type": "Feature",
      "geometry": {
        "type": "Point",
        "coordinates": [
          -77.352211,
          35.061545
        ]
      },
      "properties": {
        "id": "osm-way-1177110279",
        "name": "Trenton Branch Public Library",
        "type": "library",
        "close_hour": 17,
        "hours_source": "default"
      }
    },
    {
      "type": "Feature",
      "geometry": {
        "type": "Point",
        "coordinates": [
          -77.401968,
          35.527575
        ]
      },
      "properties": {
        "id": "osm-way-1185828767",
        "name": "Winterville Library",
        "type": "library",
        "close_hour": 17,
        "hours_source": "default"
      }
    },
    {
      "type": "Feature",
      "geometry": {
        "type": "Point",
        "coordinates": [
          -77.153116,
          35.300057
        ]
      },
      "properties": {
        "id": "osm-way-1221769212",
        "name": "Vanceboro - Craven County Public Library",
        "type": "library",
        "close_hour": 17,
        "hours_source": "default"
      }
    },
    {
      "type": "Feature",
      "geometry": {
        "type": "Point",
        "coordinates": [
          -77.44117,
          35.217642
        ]
      },
      "properties": {
        "id": "osm-way-1224506711",
        "name": "Dover Civic Center and Library",
        "type": "library",
        "close_hour": 17,
        "hours_source": "default"
      }
    },
    {
      "type": "Feature",
      "geometry": {
        "type": "Point",
        "coordinates": [
          -77.320294,
          35.187236
        ]
      },
      "properties": {
        "id": "osm-way-1227810633",
        "name": "Cove City Public Library",
        "type": "library",
        "close_hour": 17,
        "hours_source": "default"
      }
    },
    {
      "type": "Feature",
      "geometry": {
        "type": "Point",
        "coordinates": [
          -77.159653,
          34.706781
        ]
      },
      "properties": {
        "id": "osm-way-1247053283",
        "name": "Swansboro Library",
        "type": "library",
        "close_hour": 17,
        "hours_source": "default"
      }
    },
    {
      "type": "Feature",
      "geometry": {
        "type": "Point",
        "coordinates": [
          -77.232427,
          34.902488
        ]
      },
      "properties": {
        "id": "osm-way-1271433819",
        "name": "Maysville Public Library",
        "type": "library",
        "close_hour": 17,
        "hours_source": "default"
      }
    },
    {
      "type": "Feature",
      "geometry": {
        "type": "Point",
        "coordinates": [
          -76.864208,
          34.787966
        ]
      },
      "properties": {
        "id": "osm-way-1275317879",
        "name": "Newport Branch Public Library",
        "type": "library",
        "close_hour": 17,
        "hours_source": "default"
      }
    },
    {
      "type": "Feature",
      "geometry": {
        "type": "Point",
        "coordinates": [
          -77.055957,
          35.856978
        ]
      },
      "properties": {
        "id": "osm-way-1280190162",
        "name": "Martin Memorial Library",
        "type": "library",
        "close_hour": 17,
        "hours_source": "default"
      }
    },
    {
      "type": "Feature",
      "geometry": {
        "type": "Point",
        "coordinates": [
          -76.900565,
          34.879916
        ]
      },
      "properties": {
        "id": "osm-way-1308465749",
        "name": "Havelock-Craven County Public",
        "type": "library",
        "close_hour": 17,
        "hours_source": "default"
      }
    },
    {
      "type": "Feature",
      "geometry": {
        "type": "Point",
        "coordinates": [
          -77.253424,
          35.823087
        ]
      },
      "properties": {
        "id": "osm-way-1342691833",
        "name": "Robersonville Public Library",
        "type": "library",
        "close_hour": 17,
        "hours_source": "default"
      }
    },
    {
      "type": "Feature",
      "geometry": {
        "type": "Point",
        "coordinates": [
          -77.375127,
          35.808163
        ]
      },
      "properties": {
        "id": "osm-way-1342691911",
        "name": "Margaret Little Blount Memorial Library",
        "type": "library",
        "close_hour": 17,
        "hours_source": "default"
      }
    },
    {
      "type": "Feature",
      "geometry": {
        "type": "Point",
        "coordinates": [
          -77.039619,
          35.111226
        ]
      },
      "properties": {
        "id": "osm-way-1342752222",
        "name": "New Bern-Craven County Public Library",
        "type": "library",
        "close_hour": 17,
        "hours_source": "default"
      }
    },
    {
      "type": "Feature",
      "geometry": {
        "type": "Point",
        "coordinates": [
          -76.779586,
          35.142994
        ]
      },
      "properties": {
        "id": "osm-way-1342752381",
        "name": "Pamlico County Library",
        "type": "library",
        "close_hour": 17,
        "hours_source": "default"
      }
    },
    {
      "type": "Feature",
      "geometry": {
        "type": "Point",
        "coordinates": [
          -76.789102,
          35.304726
        ]
      },
      "properties": {
        "id": "osm-way-1342752424",
        "name": "Hazel W. Guilford Memorial Library",
        "type": "library",
        "close_hour": 17,
        "hours_source": "default"
      }
    },
    {
      "type": "Feature",
      "geometry": {
        "type": "Point",
        "coordinates": [
          -76.609903,
          36.057417
        ]
      },
      "properties": {
        "id": "osm-way-1342753076",
        "name": "Shepard-Pruden Memorial Library",
        "type": "library",
        "close_hour": 17,
        "hours_source": "default"
      }
    },
    {
      "type": "Feature",
      "geometry": {
        "type": "Point",
        "coordinates": [
          -77.420331,
          36.136827
        ]
      },
      "properties": {
        "id": "osm-way-1342768146",
        "name": "Scotland Neck Memorial Library",
        "type": "library",
        "close_hour": 17,
        "hours_source": "default"
      }
    },
    {
      "type": "Feature",
      "geometry": {
        "type": "Point",
        "coordinates": [
          -76.63906,
          34.728618
        ]
      },
      "properties": {
        "id": "osm-way-1342776717",
        "name": "Carteret County Public Library",
        "type": "library",
        "close_hour": 17,
        "hours_source": "default"
      }
    },
    {
      "type": "Feature",
      "geometry": {
        "type": "Point",
        "coordinates": [
          -76.82505,
          34.694967
        ]
      },
      "properties": {
        "id": "osm-way-1342776828",
        "name": "Bogue Banks Branch Public Library",
        "type": "library",
        "close_hour": 17,
        "hours_source": "default"
      }
    },
    {
      "type": "Feature",
      "geometry": {
        "type": "Point",
        "coordinates": [
          -77.054539,
          35.543209
        ]
      },
      "properties": {
        "id": "osm-way-1342779018",
        "name": "Bhm Regional Library",
        "type": "library",
        "close_hour": 17,
        "hours_source": "default"
      }
    },
    {
      "type": "Feature",
      "geometry": {
        "type": "Point",
        "coordinates": [
          -77.059536,
          35.54511
        ]
      },
      "properties": {
        "id": "osm-way-1342779076",
        "name": "George H. And Laura E. Brown Public Library",
        "type": "library",
        "close_hour": 17,
        "hours_source": "default"
      }
    },
    {
      "type": "Feature",
      "geometry": {
        "type": "Point",
        "coordinates": [
          -77.111818,
          36.226929
        ]
      },
      "properties": {
        "id": "osm-way-1342779971",
        "name": "Sallie H. Jenkins Memorial Library",
        "type": "library",
        "close_hour": 17,
        "hours_source": "default"
      }
    },
    {
      "type": "Feature",
      "geometry": {
        "type": "Point",
        "coordinates": [
          -76.985314,
          36.283708
        ]
      },
      "properties": {
        "id": "osm-way-1342779981",
        "name": "Ahoskie Public Library",
        "type": "library",
        "close_hour": 17,
        "hours_source": "default"
      }
    },
    {
      "type": "Feature",
      "geometry": {
        "type": "Point",
        "coordinates": [
          -76.935035,
          36.396859
        ]
      },
      "properties": {
        "id": "osm-way-1342780004",
        "name": "Hertford County Library",
        "type": "library",
        "close_hour": 17,
        "hours_source": "default"
      }
    },
    {
      "type": "Feature",
      "geometry": {
        "type": "Point",
        "coordinates": [
          -77.098733,
          36.442605
        ]
      },
      "properties": {
        "id": "osm-way-1342780005",
        "name": "Murfreesboro Public Library",
        "type": "library",
        "close_hour": 17,
        "hours_source": "default"
      }
    },
    {
      "type": "Feature",
      "geometry": {
        "type": "Point",
        "coordinates": [
          -76.710957,
          36.446465
        ]
      },
      "properties": {
        "id": "osm-way-1342780059",
        "name": "Gates County Library",
        "type": "library",
        "close_hour": 17,
        "hours_source": "default"
      }
    },
    {
      "type": "Feature",
      "geometry": {
        "type": "Point",
        "coordinates": [
          -76.919302,
          35.992264
        ]
      },
      "properties": {
        "id": "osm-way-1342780210",
        "name": "Bertie County Public Library",
        "type": "library",
        "close_hour": 17,
        "hours_source": "default"
      }
    },
    {
      "type": "Feature",
      "geometry": {
        "type": "Point",
        "coordinates": [
          -77.336554,
          34.672007
        ]
      },
      "properties": {
        "id": "osm-way-1343346981",
        "name": "Harriotte B. Smith Library",
        "type": "library",
        "close_hour": 17,
        "hours_source": "default"
      }
    },
    {
      "type": "Feature",
      "geometry": {
        "type": "Point",
        "coordinates": [
          -76.789441,
          35.143754
        ]
      },
      "properties": {
        "id": "osm-way-1409197838",
        "name": "Pamlico County Public Library",
        "type": "library",
        "close_hour": 17,
        "hours_source": "default"
      }
    },
    {
      "type": "Feature",
      "geometry": {
        "type": "Point",
        "coordinates": [
          -77.418966,
          35.47247
        ]
      },
      "properties": {
        "id": "osm-way-1419483664",
        "name": "Quinerly-Olschner Library",
        "type": "library",
        "close_hour": 17,
        "hours_source": "default"
      }
    },
    {
      "type": "Feature",
      "geometry": {
        "type": "Point",
        "coordinates": [
          -80.664708,
          35.284038
        ]
      },
      "properties": {
        "id": "nconemap- ",
        "name": "Harrisburg Medical",
        "type": "hospital",
        "close_hour": null,
        "hours_source": "nconemap"
      }
    },
    {
      "type": "Feature",
      "geometry": {
        "type": "Point",
        "coordinates": [
          -77.770573,
          34.31727
        ]
      },
      "properties": {
        "id": "nconemap- ",
        "name": "NHRMC North",
        "type": "hospital",
        "close_hour": null,
        "hours_source": "nconemap"
      }
    },
    {
      "type": "Feature",
      "geometry": {
        "type": "Point",
        "coordinates": [
          -80.824111,
          35.146493
        ]
      },
      "properties": {
        "id": "nconemap- ",
        "name": "SouthPark",
        "type": "hospital",
        "close_hour": null,
        "hours_source": "nconemap"
      }
    },
    {
      "type": "Feature",
      "geometry": {
        "type": "Point",
        "coordinates": [
          -79.108587,
          35.031677
        ]
      },
      "properties": {
        "id": "nconemap-H0288",
        "name": "Hoke Hospital",
        "type": "hospital",
        "close_hour": null,
        "hours_source": "nconemap"
      }
    },
    {
      "type": "Feature",
      "geometry": {
        "type": "Point",
        "coordinates": [
          -79.502294,
          36.061627
        ]
      },
      "properties": {
        "id": "nconemap-H0272",
        "name": "Alamance Regional Medical Center",
        "type": "hospital",
        "close_hour": null,
        "hours_source": "nconemap"
      }
    },
    {
      "type": "Feature",
      "geometry": {
        "type": "Point",
        "coordinates": [
          -82.467084,
          35.320321
        ]
      },
      "properties": {
        "id": "nconemap-H0161",
        "name": "Margaret R Pardee Memorial Hospital",
        "type": "hospital",
        "close_hour": null,
        "hours_source": "nconemap"
      }
    },
    {
      "type": "Feature",
      "geometry": {
        "type": "Point",
        "coordinates": [
          -78.449425,
          36.331336
        ]
      },
      "properties": {
        "id": "nconemap-H0267",
        "name": "Maria Parham Medical Center",
        "type": "hospital",
        "close_hour": null,
        "hours_source": "nconemap"
      }
    },
    {
      "type": "Feature",
      "geometry": {
        "type": "Point",
        "coordinates": [
          -77.072256,
          35.839798
        ]
      },
      "properties": {
        "id": "nconemap-H0078",
        "name": "Martin General Hospital",
        "type": "hospital",
        "close_hour": null,
        "hours_source": "nconemap"
      }
    },
    {
      "type": "Feature",
      "geometry": {
        "type": "Point",
        "coordinates": [
          -80.296198,
          36.078952
        ]
      },
      "properties": {
        "id": "nconemap-H0229",
        "name": "Novant - Medical Park Hospital",
        "type": "hospital",
        "close_hour": null,
        "hours_source": "nconemap"
      }
    },
    {
      "type": "Feature",
      "geometry": {
        "type": "Point",
        "coordinates": [
          -82.548635,
          35.57633
        ]
      },
      "properties": {
        "id": "nconemap-H0036",
        "name": "Mission Hospital",
        "type": "hospital",
        "close_hour": null,
        "hours_source": "nconemap"
      }
    },
    {
      "type": "Feature",
      "geometry": {
        "type": "Point",
        "coordinates": [
          -79.739447,
          36.494723
        ]
      },
      "properties": {
        "id": "nconemap-H0072",
        "name": "Morehead Memorial Hospital",
        "type": "hospital",
        "close_hour": null,
        "hours_source": "nconemap"
      }
    },
    {
      "type": "Feature",
      "geometry": {
        "type": "Point",
        "coordinates": [
          -79.78646,
          36.090892
        ]
      },
      "properties": {
        "id": "nconemap-H0159",
        "name": "Moses Cone Memorial Hospital",
        "type": "hospital",
        "close_hour": null,
        "hours_source": "nconemap"
      }
    },
    {
      "type": "Feature",
      "geometry": {
        "type": "Point",
        "coordinates": [
          -83.966115,
          35.072367
        ]
      },
      "properties": {
        "id": "nconemap-H0239",
        "name": "Murphy Medical Center",
        "type": "hospital",
        "close_hour": null,
        "hours_source": "nconemap"
      }
    },
    {
      "type": "Feature",
      "geometry": {
        "type": "Point",
        "coordinates": [
          -77.851659,
          35.975747
        ]
      },
      "properties": {
        "id": "nconemap-H0228",
        "name": "Nash General Hospital",
        "type": "hospital",
        "close_hour": null,
        "hours_source": "nconemap"
      }
    },
    {
      "type": "Feature",
      "geometry": {
        "type": "Point",
        "coordinates": [
          -77.921061,
          34.205483
        ]
      },
      "properties": {
        "id": "nconemap-H0221",
        "name": "New Hanover Regional Medical Center",
        "type": "hospital",
        "close_hour": null,
        "hours_source": "nconemap"
      }
    },
    {
      "type": "Feature",
      "geometry": {
        "type": "Point",
        "coordinates": [
          -80.268178,
          36.089657
        ]
      },
      "properties": {
        "id": "nconemap-H0011",
        "name": "North Carolina Baptist Hospital",
        "type": "hospital",
        "close_hour": null,
        "hours_source": "nconemap"
      }
    },
    {
      "type": "Feature",
      "geometry": {
        "type": "Point",
        "coordinates": [
          -78.896712,
          36.04271
        ]
      },
      "properties": {
        "id": "nconemap-H0075",
        "name": "North Carolina Specialty Hospital",
        "type": "hospital",
        "close_hour": null,
        "hours_source": "nconemap"
      }
    },
    {
      "type": "Feature",
      "geometry": {
        "type": "Point",
        "coordinates": [
          -80.611584,
          36.488809
        ]
      },
      "properties": {
        "id": "nconemap-H0184",
        "name": "Northern Hospital of Surry County",
        "type": "hospital",
        "close_hour": null,
        "hours_source": "nconemap"
      }
    },
    {
      "type": "Feature",
      "geometry": {
        "type": "Point",
        "coordinates": [
          -77.384775,
          34.762719
        ]
      },
      "properties": {
        "id": "nconemap-H0048",
        "name": "Onslow Memorial Hospital",
        "type": "hospital",
        "close_hour": null,
        "hours_source": "nconemap"
      }
    },
    {
      "type": "Feature",
      "geometry": {
        "type": "Point",
        "coordinates": [
          -77.429721,
          36.129149
        ]
      },
      "properties": {
        "id": "nconemap-H0004",
        "name": "Our Community Hospital",
        "type": "hospital",
        "close_hour": null,
        "hours_source": "nconemap"
      }
    },
    {
      "type": "Feature",
      "geometry": {
        "type": "Point",
        "coordinates": [
          -82.488197,
          35.39005
        ]
      },
      "properties": {
        "id": "nconemap-H0019",
        "name": "Park Ridge Hospital",
        "type": "hospital",
        "close_hour": null,
        "hours_source": "nconemap"
      }
    },
    {
      "type": "Feature",
      "geometry": {
        "type": "Point",
        "coordinates": [
          -77.91977,
          34.55027
        ]
      },
      "properties": {
        "id": "nconemap-H0115",
        "name": "Pender Memorial Hospital",
        "type": "hospital",
        "close_hour": null,
        "hours_source": "nconemap"
      }
    },
    {
      "type": "Feature",
      "geometry": {
        "type": "Point",
        "coordinates": [
          -78.9851,
          36.408211
        ]
      },
      "properties": {
        "id": "nconemap-H0066",
        "name": "Person Memorial Hospital",
        "type": "hospital",
        "close_hour": null,
        "hours_source": "nconemap"
      }
    },
    {
      "type": "Feature",
      "geometry": {
        "type": "Point",
        "coordinates": [
          -77.403819,
          35.608202
        ]
      },
      "properties": {
        "id": "nconemap-H0104",
        "name": "Pitt Memorial",
        "type": "hospital",
        "close_hour": null,
        "hours_source": "nconemap"
      }
    },
    {
      "type": "Feature",
      "geometry": {
        "type": "Point",
        "coordinates": [
          -80.824525,
          35.212181
        ]
      },
      "properties": {
        "id": "nconemap-H0010",
        "name": "Presbyterian Medical Center",
        "type": "hospital",
        "close_hour": null,
        "hours_source": "nconemap"
      }
    },
    {
      "type": "Feature",
      "geometry": {
        "type": "Point",
        "coordinates": [
          -80.86055,
          35.406641
        ]
      },
      "properties": {
        "id": "nconemap-H0282",
        "name": "Huntersville Medical Center",
        "type": "hospital",
        "close_hour": null,
        "hours_source": "nconemap"
      }
    },
    {
      "type": "Feature",
      "geometry": {
        "type": "Point",
        "coordinates": [
          -80.714688,
          35.120051
        ]
      },
      "properties": {
        "id": "nconemap-H0270",
        "name": "Matthews Medical Center",
        "type": "hospital",
        "close_hour": null,
        "hours_source": "nconemap"
      }
    },
    {
      "type": "Feature",
      "geometry": {
        "type": "Point",
        "coordinates": [
          -76.218946,
          36.322414
        ]
      },
      "properties": {
        "id": "nconemap-H0054",
        "name": "Albemarle Hospital",
        "type": "hospital",
        "close_hour": null,
        "hours_source": "nconemap"
      }
    },
    {
      "type": "Feature",
      "geometry": {
        "type": "Point",
        "coordinates": [
          -81.114567,
          36.509302
        ]
      },
      "properties": {
        "id": "nconemap-H0108",
        "name": "Alleghany Memorial Hospital",
        "type": "hospital",
        "close_hour": null,
        "hours_source": "nconemap"
      }
    },
    {
      "type": "Feature",
      "geometry": {
        "type": "Point",
        "coordinates": [
          -83.37899,
          35.184751
        ]
      },
      "properties": {
        "id": "nconemap-H0034",
        "name": "Angel Medical Center",
        "type": "hospital",
        "close_hour": null,
        "hours_source": "nconemap"
      }
    },
    {
      "type": "Feature",
      "geometry": {
        "type": "Point",
        "coordinates": [
          -79.66712,
          36.353074
        ]
      },
      "properties": {
        "id": "nconemap-H0023",
        "name": "Annie Penn Hospital",
        "type": "hospital",
        "close_hour": null,
        "hours_source": "nconemap"
      }
    },
    {
      "type": "Feature",
      "geometry": {
        "type": "Point",
        "coordinates": [
          -80.0758,
          34.961322
        ]
      },
      "properties": {
        "id": "nconemap-H0082",
        "name": "Anson Community Hospital",
        "type": "hospital",
        "close_hour": null,
        "hours_source": "nconemap"
      }
    },
    {
      "type": "Feature",
      "geometry": {
        "type": "Point",
        "coordinates": [
          -81.458645,
          36.42328
        ]
      },
      "properties": {
        "id": "nconemap-H0099",
        "name": "Ashe Memorial Hospital",
        "type": "hospital",
        "close_hour": null,
        "hours_source": "nconemap"
      }
    },
    {
      "type": "Feature",
      "geometry": {
        "type": "Point",
        "coordinates": [
          -82.549994,
          35.580564
        ]
      },
      "properties": {
        "id": "nconemap-H0279",
        "name": "Asheville Specialty Hospital",
        "type": "hospital",
        "close_hour": null,
        "hours_source": "nconemap"
      }
    },
    {
      "type": "Feature",
      "geometry": {
        "type": "Point",
        "coordinates": [
          -77.039934,
          35.549003
        ]
      },
      "properties": {
        "id": "nconemap-H0188",
        "name": "Beaufort County Hospital",
        "type": "hospital",
        "close_hour": null,
        "hours_source": "nconemap"
      }
    },
    {
      "type": "Feature",
      "geometry": {
        "type": "Point",
        "coordinates": [
          -76.928037,
          35.989
        ]
      },
      "properties": {
        "id": "nconemap-H0268",
        "name": "Bertie Hospital",
        "type": "hospital",
        "close_hour": null,
        "hours_source": "nconemap"
      }
    },
    {
      "type": "Feature",
      "geometry": {
        "type": "Point",
        "coordinates": [
          -78.634669,
          35.30704
        ]
      },
      "properties": {
        "id": "nconemap-H0224",
        "name": "Betsy Johnson Regional",
        "type": "hospital",
        "close_hour": null,
        "hours_source": "nconemap"
      }
    },
    {
      "type": "Feature",
      "geometry": {
        "type": "Point",
        "coordinates": [
          -78.608031,
          34.622726
        ]
      },
      "properties": {
        "id": "nconemap-H0154",
        "name": "Bladen County Hospital",
        "type": "hospital",
        "close_hour": null,
        "hours_source": "nconemap"
      }
    },
    {
      "type": "Feature",
      "geometry": {
        "type": "Point",
        "coordinates": [
          -82.063263,
          35.910954
        ]
      },
      "properties": {
        "id": "nconemap-H0169",
        "name": "Blue Ridge Regional Hospital",
        "type": "hospital",
        "close_hour": null,
        "hours_source": "nconemap"
      }
    },
    {
      "type": "Feature",
      "geometry": {
        "type": "Point",
        "coordinates": [
          -78.290897,
          34.009227
        ]
      },
      "properties": {
        "id": "nconemap-H0250",
        "name": "Brunswick Community Hospital",
        "type": "hospital",
        "close_hour": null,
        "hours_source": "nconemap"
      }
    },
    {
      "type": "Feature",
      "geometry": {
        "type": "Point",
        "coordinates": [
          -81.535415,
          35.910495
        ]
      },
      "properties": {
        "id": "nconemap-H0061",
        "name": "Caldwell Memorial Hospital",
        "type": "hospital",
        "close_hour": null,
        "hours_source": "nconemap"
      }
    },
    {
      "type": "Feature",
      "geometry": {
        "type": "Point",
        "coordinates": [
          -78.933056,
          35.031846
        ]
      },
      "properties": {
        "id": "nconemap-H0213",
        "name": "Cape Fear Valley Medical Center",
        "type": "hospital",
        "close_hour": null,
        "hours_source": "nconemap"
      }
    },
    {
      "type": "Feature",
      "geometry": {
        "type": "Point",
        "coordinates": [
          -82.531324,
          35.562278
        ]
      },
      "properties": {
        "id": "nconemap-H0081",
        "name": "CarePartners Rehabilitation Hospital",
        "type": "hospital",
        "close_hour": null,
        "hours_source": "nconemap"
      }
    },
    {
      "type": "Feature",
      "geometry": {
        "type": "Point",
        "coordinates": [
          -81.203495,
          35.489699
        ]
      },
      "properties": {
        "id": "nconemap-H0225",
        "name": "Lincoln Medical Center",
        "type": "hospital",
        "close_hour": null,
        "hours_source": "nconemap"
      }
    },
    {
      "type": "Feature",
      "geometry": {
        "type": "Point",
        "coordinates": [
          -80.82127,
          35.210222
        ]
      },
      "properties": {
        "id": "nconemap-H0042",
        "name": "Carolinas Medical Center-Mercy",
        "type": "hospital",
        "close_hour": null,
        "hours_source": "nconemap"
      }
    },
    {
      "type": "Feature",
      "geometry": {
        "type": "Point",
        "coordinates": [
          -80.602511,
          35.436113
        ]
      },
      "properties": {
        "id": "nconemap-H0031",
        "name": "NorthEast Medical",
        "type": "hospital",
        "close_hour": null,
        "hours_source": "nconemap"
      }
    },
    {
      "type": "Feature",
      "geometry": {
        "type": "Point",
        "coordinates": [
          -80.522501,
          34.975214
        ]
      },
      "properties": {
        "id": "nconemap-H0050",
        "name": "Carolinas Medical Center-Union",
        "type": "hospital",
        "close_hour": null,
        "hours_source": "nconemap"
      }
    },
    {
      "type": "Feature",
      "geometry": {
        "type": "Point",
        "coordinates": [
          -80.747051,
          35.306886
        ]
      },
      "properties": {
        "id": "nconemap-H0255",
        "name": "Carolinas Medical Center-University",
        "type": "hospital",
        "close_hour": null,
        "hours_source": "nconemap"
      }
    },
    {
      "type": "Feature",
      "geometry": {
        "type": "Point",
        "coordinates": [
          -80.83862,
          35.204364
        ]
      },
      "properties": {
        "id": "nconemap-H0071",
        "name": "Carolinas Medical Center",
        "type": "hospital",
        "close_hour": null,
        "hours_source": "nconemap"
      }
    },
    {
      "type": "Feature",
      "geometry": {
        "type": "Point",
        "coordinates": [
          -80.838036,
          35.202941
        ]
      },
      "properties": {
        "id": "nconemap-H0071-C",
        "name": "Carolinas Rehabilitation",
        "type": "hospital",
        "close_hour": null,
        "hours_source": "nconemap"
      }
    },
    {
      "type": "Feature",
      "geometry": {
        "type": "Point",
        "coordinates": [
          -81.026813,
          35.263022
        ]
      },
      "properties": {
        "id": "nconemap-H0283",
        "name": "Carolinas Rehabilitation Mt. Holly",
        "type": "hospital",
        "close_hour": null,
        "hours_source": "nconemap"
      }
    },
    {
      "type": "Feature",
      "geometry": {
        "type": "Point",
        "coordinates": [
          -76.754448,
          34.725978
        ]
      },
      "properties": {
        "id": "nconemap-H0222",
        "name": "Carteret General Hospital",
        "type": "hospital",
        "close_hour": null,
        "hours_source": "nconemap"
      }
    },
    {
      "type": "Feature",
      "geometry": {
        "type": "Point",
        "coordinates": [
          -81.267119,
          35.713886
        ]
      },
      "properties": {
        "id": "nconemap-H0223",
        "name": "Catawba Valley Medical Center",
        "type": "hospital",
        "close_hour": null,
        "hours_source": "nconemap"
      }
    },
    {
      "type": "Feature",
      "geometry": {
        "type": "Point",
        "coordinates": [
          -79.187208,
          35.469081
        ]
      },
      "properties": {
        "id": "nconemap-H0243",
        "name": "Central Carolina Hospital",
        "type": "hospital",
        "close_hour": null,
        "hours_source": "nconemap"
      }
    },
    {
      "type": "Feature",
      "geometry": {
        "type": "Point",
        "coordinates": [
          -81.893011,
          36.06457
        ]
      },
      "properties": {
        "id": "nconemap-H0037",
        "name": "Charles A. Cannon Jr. Memorial Hospital",
        "type": "hospital",
        "close_hour": null,
        "hours_source": "nconemap"
      }
    },
    {
      "type": "Feature",
      "geometry": {
        "type": "Point",
        "coordinates": [
          -79.419966,
          35.723521
        ]
      },
      "properties": {
        "id": "nconemap-H0007",
        "name": "Chatham Hospital",
        "type": "hospital",
        "close_hour": null,
        "hours_source": "nconemap"
      }
    },
    {
      "type": "Feature",
      "geometry": {
        "type": "Point",
        "coordinates": [
          -76.609421,
          36.070308
        ]
      },
      "properties": {
        "id": "nconemap-H0063",
        "name": "Chowan Hospital",
        "type": "hospital",
        "close_hour": null,
        "hours_source": "nconemap"
      }
    },
    {
      "type": "Feature",
      "geometry": {
        "type": "Point",
        "coordinates": [
          -81.536481,
          35.302792
        ]
      },
      "properties": {
        "id": "nconemap-H0024",
        "name": "Cleveland Regional Medical Center",
        "type": "hospital",
        "close_hour": null,
        "hours_source": "nconemap"
      }
    },
    {
      "type": "Feature",
      "geometry": {
        "type": "Point",
        "coordinates": [
          -78.694362,
          34.337684
        ]
      },
      "properties": {
        "id": "nconemap-H0045",
        "name": "Columbus Regional Hospital",
        "type": "hospital",
        "close_hour": null,
        "hours_source": "nconemap"
      }
    },
    {
      "type": "Feature",
      "geometry": {
        "type": "Point",
        "coordinates": [
          -77.065888,
          35.113516
        ]
      },
      "properties": {
        "id": "nconemap-H0201",
        "name": "Craven Regional Medical Center",
        "type": "hospital",
        "close_hour": null,
        "hours_source": "nconemap"
      }
    },
    {
      "type": "Feature",
      "geometry": {
        "type": "Point",
        "coordinates": [
          -80.571766,
          35.899348
        ]
      },
      "properties": {
        "id": "nconemap-H0171",
        "name": "Davie County Hospital",
        "type": "hospital",
        "close_hour": null,
        "hours_source": "nconemap"
      }
    },
    {
      "type": "Feature",
      "geometry": {
        "type": "Point",
        "coordinates": [
          -80.828718,
          35.818436
        ]
      },
      "properties": {
        "id": "nconemap-H0248",
        "name": "Davis Regional Medical Center",
        "type": "hospital",
        "close_hour": null,
        "hours_source": "nconemap"
      }
    },
    {
      "type": "Feature",
      "geometry": {
        "type": "Point",
        "coordinates": [
          -78.618438,
          35.828326
        ]
      },
      "properties": {
        "id": "nconemap-H0238",
        "name": "Duke Raleigh Hospital",
        "type": "hospital",
        "close_hour": null,
        "hours_source": "nconemap"
      }
    },
    {
      "type": "Feature",
      "geometry": {
        "type": "Point",
        "coordinates": [
          -78.93752,
          36.007723
        ]
      },
      "properties": {
        "id": "nconemap-H0015",
        "name": "Duke University Medical Center",
        "type": "hospital",
        "close_hour": null,
        "hours_source": "nconemap"
      }
    },
    {
      "type": "Feature",
      "geometry": {
        "type": "Point",
        "coordinates": [
          -77.960985,
          34.964996
        ]
      },
      "properties": {
        "id": "nconemap-H0166",
        "name": "Duplin General Hospital",
        "type": "hospital",
        "close_hour": null,
        "hours_source": "nconemap"
      }
    },
    {
      "type": "Feature",
      "geometry": {
        "type": "Point",
        "coordinates": [
          -78.898883,
          36.037396
        ]
      },
      "properties": {
        "id": "nconemap-H0233",
        "name": "Duke Regional Hospital",
        "type": "hospital",
        "close_hour": null,
        "hours_source": "nconemap"
      }
    },
    {
      "type": "Feature",
      "geometry": {
        "type": "Point",
        "coordinates": [
          -79.890371,
          35.364818
        ]
      },
      "properties": {
        "id": "nconemap-H0003",
        "name": "FirstHealth Montgomery Memorial Hospital",
        "type": "hospital",
        "close_hour": null,
        "hours_source": "nconemap"
      }
    },
    {
      "type": "Feature",
      "geometry": {
        "type": "Point",
        "coordinates": [
          -79.456441,
          35.205306
        ]
      },
      "properties": {
        "id": "nconemap-H0100",
        "name": "FirstHealth Moore Regional",
        "type": "hospital",
        "close_hour": null,
        "hours_source": "nconemap"
      }
    },
    {
      "type": "Feature",
      "geometry": {
        "type": "Point",
        "coordinates": [
          -79.749568,
          34.92866
        ]
      },
      "properties": {
        "id": "nconemap-H0158",
        "name": "FirstHealth Richmond Memorial",
        "type": "hospital",
        "close_hour": null,
        "hours_source": "nconemap"
      }
    },
    {
      "type": "Feature",
      "geometry": {
        "type": "Point",
        "coordinates": [
          -80.29729,
          36.075557
        ]
      },
      "properties": {
        "id": "nconemap-H0209",
        "name": "Forsyth Medical Center",
        "type": "hospital",
        "close_hour": null,
        "hours_source": "nconemap"
      }
    },
    {
      "type": "Feature",
      "geometry": {
        "type": "Point",
        "coordinates": [
          -81.337096,
          35.737353
        ]
      },
      "properties": {
        "id": "nconemap-H0053",
        "name": "Frye Regional Medical Center",
        "type": "hospital",
        "close_hour": null,
        "hours_source": "nconemap"
      }
    },
    {
      "type": "Feature",
      "geometry": {
        "type": "Point",
        "coordinates": [
          -81.139231,
          35.272811
        ]
      },
      "properties": {
        "id": "nconemap-H0105",
        "name": "Gaston Memorial",
        "type": "hospital",
        "close_hour": null,
        "hours_source": "nconemap"
      }
    },
    {
      "type": "Feature",
      "geometry": {
        "type": "Point",
        "coordinates": [
          -81.65866,
          35.723947
        ]
      },
      "properties": {
        "id": "nconemap-H0062",
        "name": "Grace Hospital",
        "type": "hospital",
        "close_hour": null,
        "hours_source": "nconemap"
      }
    },
    {
      "type": "Feature",
      "geometry": {
        "type": "Point",
        "coordinates": [
          -78.593366,
          36.32628
        ]
      },
      "properties": {
        "id": "nconemap-H0098",
        "name": "Granville Medical Center",
        "type": "hospital",
        "close_hour": null,
        "hours_source": "nconemap"
      }
    },
    {
      "type": "Feature",
      "geometry": {
        "type": "Point",
        "coordinates": [
          -77.646214,
          36.432085
        ]
      },
      "properties": {
        "id": "nconemap-H0230",
        "name": "Halifax Regional Medical Center",
        "type": "hospital",
        "close_hour": null,
        "hours_source": "nconemap"
      }
    },
    {
      "type": "Feature",
      "geometry": {
        "type": "Point",
        "coordinates": [
          -83.202268,
          35.385851
        ]
      },
      "properties": {
        "id": "nconemap-H0087",
        "name": "Harris Regional Hospital",
        "type": "hospital",
        "close_hour": null,
        "hours_source": "nconemap"
      }
    },
    {
      "type": "Feature",
      "geometry": {
        "type": "Point",
        "coordinates": [
          -82.942513,
          35.525388
        ]
      },
      "properties": {
        "id": "nconemap-H0025",
        "name": "Haywood Regional Medical Center",
        "type": "hospital",
        "close_hour": null,
        "hours_source": "nconemap"
      }
    },
    {
      "type": "Feature",
      "geometry": {
        "type": "Point",
        "coordinates": [
          -77.555918,
          35.921039
        ]
      },
      "properties": {
        "id": "nconemap-H0258",
        "name": "Edgecombe Hospital",
        "type": "hospital",
        "close_hour": null,
        "hours_source": "nconemap"
      }
    },
    {
      "type": "Feature",
      "geometry": {
        "type": "Point",
        "coordinates": [
          -80.012969,
          35.963021
        ]
      },
      "properties": {
        "id": "nconemap-H0052",
        "name": "High Point Regional Hospital",
        "type": "hospital",
        "close_hour": null,
        "hours_source": "nconemap"
      }
    },
    {
      "type": "Feature",
      "geometry": {
        "type": "Point",
        "coordinates": [
          -83.185253,
          35.086796
        ]
      },
      "properties": {
        "id": "nconemap-H0193",
        "name": "Highlands-Cashiers Hospital",
        "type": "hospital",
        "close_hour": null,
        "hours_source": "nconemap"
      }
    },
    {
      "type": "Feature",
      "geometry": {
        "type": "Point",
        "coordinates": [
          -78.888157,
          35.05431
        ]
      },
      "properties": {
        "id": "nconemap-H0275",
        "name": "Highsmith-Rainey Specialty Hospital",
        "type": "hospital",
        "close_hour": null,
        "hours_source": "nconemap"
      }
    },
    {
      "type": "Feature",
      "geometry": {
        "type": "Point",
        "coordinates": [
          -80.838306,
          36.261872
        ]
      },
      "properties": {
        "id": "nconemap-H0049",
        "name": "Hugh Chatham Memorial",
        "type": "hospital",
        "close_hour": null,
        "hours_source": "nconemap"
      }
    },
    {
      "type": "Feature",
      "geometry": {
        "type": "Point",
        "coordinates": [
          -80.878172,
          35.799518
        ]
      },
      "properties": {
        "id": "nconemap-H0164",
        "name": "Iredell Memorial",
        "type": "hospital",
        "close_hour": null,
        "hours_source": "nconemap"
      }
    },
    {
      "type": "Feature",
      "geometry": {
        "type": "Point",
        "coordinates": [
          -78.022354,
          33.930316
        ]
      },
      "properties": {
        "id": "nconemap-H0150",
        "name": "J. Arthur Dosher Memorial Hospital",
        "type": "hospital",
        "close_hour": null,
        "hours_source": "nconemap"
      }
    },
    {
      "type": "Feature",
      "geometry": {
        "type": "Point",
        "coordinates": [
          -78.334983,
          35.514422
        ]
      },
      "properties": {
        "id": "nconemap-H0151",
        "name": "Johnston Memorial Hospital",
        "type": "hospital",
        "close_hour": null,
        "hours_source": "nconemap"
      }
    },
    {
      "type": "Feature",
      "geometry": {
        "type": "Point",
        "coordinates": [
          -79.770368,
          36.049271
        ]
      },
      "properties": {
        "id": "nconemap-H0073",
        "name": "Kindred Specialty Hospital",
        "type": "hospital",
        "close_hour": null,
        "hours_source": "nconemap"
      }
    },
    {
      "type": "Feature",
      "geometry": {
        "type": "Point",
        "coordinates": [
          -81.35718,
          35.241603
        ]
      },
      "properties": {
        "id": "nconemap-H0113",
        "name": "Kings Mountain Hospital",
        "type": "hospital",
        "close_hour": null,
        "hours_source": "nconemap"
      }
    },
    {
      "type": "Feature",
      "geometry": {
        "type": "Point",
        "coordinates": [
          -80.853576,
          35.549212
        ]
      },
      "properties": {
        "id": "nconemap-H0259",
        "name": "Lake Norman Regional Medical Center",
        "type": "hospital",
        "close_hour": null,
        "hours_source": "nconemap"
      }
    },
    {
      "type": "Feature",
      "geometry": {
        "type": "Point",
        "coordinates": [
          -77.586533,
          35.294083
        ]
      },
      "properties": {
        "id": "nconemap-H0043",
        "name": "Lenoir Memorial",
        "type": "hospital",
        "close_hour": null,
        "hours_source": "nconemap"
      }
    },
    {
      "type": "Feature",
      "geometry": {
        "type": "Point",
        "coordinates": [
          -80.287857,
          35.806026
        ]
      },
      "properties": {
        "id": "nconemap-H0027",
        "name": "Lexington Memorial Hospital",
        "type": "hospital",
        "close_hour": null,
        "hours_source": "nconemap"
      }
    },
    {
      "type": "Feature",
      "geometry": {
        "type": "Point",
        "coordinates": [
          -77.820675,
          35.974347
        ]
      },
      "properties": {
        "id": "nconemap-H0242",
        "name": "LifeCare Hospitals of North Carolina",
        "type": "hospital",
        "close_hour": null,
        "hours_source": "nconemap"
      }
    },
    {
      "type": "Feature",
      "geometry": {
        "type": "Point",
        "coordinates": [
          -80.824274,
          35.210721
        ]
      },
      "properties": {
        "id": "nconemap-H0251",
        "name": "Novant - Charlotte Orthopedic Hospital",
        "type": "hospital",
        "close_hour": null,
        "hours_source": "nconemap"
      }
    },
    {
      "type": "Feature",
      "geometry": {
        "type": "Point",
        "coordinates": [
          -79.814231,
          35.711452
        ]
      },
      "properties": {
        "id": "nconemap-H0013",
        "name": "Randolph Hospital",
        "type": "hospital",
        "close_hour": null,
        "hours_source": "nconemap"
      }
    },
    {
      "type": "Feature",
      "geometry": {
        "type": "Point",
        "coordinates": [
          -78.703175,
          35.817496
        ]
      },
      "properties": {
        "id": "nconemap-H0065",
        "name": "Rex Healthcare",
        "type": "hospital",
        "close_hour": null,
        "hours_source": "nconemap"
      }
    },
    {
      "type": "Feature",
      "geometry": {
        "type": "Point",
        "coordinates": [
          -76.994392,
          36.285474
        ]
      },
      "properties": {
        "id": "nconemap-H0001",
        "name": "Roanoke-Chowan Hospital",
        "type": "hospital",
        "close_hour": null,
        "hours_source": "nconemap"
      }
    },
    {
      "type": "Feature",
      "geometry": {
        "type": "Point",
        "coordinates": [
          -80.470687,
          35.681485
        ]
      },
      "properties": {
        "id": "nconemap-H0040",
        "name": "Rowan Medical Center",
        "type": "hospital",
        "close_hour": null,
        "hours_source": "nconemap"
      }
    },
    {
      "type": "Feature",
      "geometry": {
        "type": "Point",
        "coordinates": [
          -81.965338,
          35.362632
        ]
      },
      "properties": {
        "id": "nconemap-H0039",
        "name": "Rutherford Regional Medical Center",
        "type": "hospital",
        "close_hour": null,
        "hours_source": "nconemap"
      }
    },
    {
      "type": "Feature",
      "geometry": {
        "type": "Point",
        "coordinates": [
          -78.324276,
          35.007642
        ]
      },
      "properties": {
        "id": "nconemap-H0067",
        "name": "Sampson Regional Medical Center",
        "type": "hospital",
        "close_hour": null,
        "hours_source": "nconemap"
      }
    },
    {
      "type": "Feature",
      "geometry": {
        "type": "Point",
        "coordinates": [
          -79.709,
          34.901819
        ]
      },
      "properties": {
        "id": "nconemap-H0265",
        "name": "Sandhills Regional Medical Center",
        "type": "hospital",
        "close_hour": null,
        "hours_source": "nconemap"
      }
    },
    {
      "type": "Feature",
      "geometry": {
        "type": "Point",
        "coordinates": [
          -77.35657,
          34.717847
        ]
      },
      "properties": {
        "id": "nconemap- ",
        "name": "Naval Hospital",
        "type": "hospital",
        "close_hour": null,
        "hours_source": "nconemap"
      }
    },
    {
      "type": "Feature",
      "geometry": {
        "type": "Point",
        "coordinates": [
          -79.469043,
          34.752812
        ]
      },
      "properties": {
        "id": "nconemap-H0107",
        "name": "Scotland Memorial Hospital",
        "type": "hospital",
        "close_hour": null,
        "hours_source": "nconemap"
      }
    },
    {
      "type": "Feature",
      "geometry": {
        "type": "Point",
        "coordinates": [
          -78.898976,
          36.037471
        ]
      },
      "properties": {
        "id": "nconemap-H0280",
        "name": "Select Specialty Hospital - Durham",
        "type": "hospital",
        "close_hour": null,
        "hours_source": "nconemap"
      }
    },
    {
      "type": "Feature",
      "geometry": {
        "type": "Point",
        "coordinates": [
          -80.298426,
          36.073799
        ]
      },
      "properties": {
        "id": "nconemap-H0277",
        "name": "Select Specialty Hospital - Winston Salem",
        "type": "hospital",
        "close_hour": null,
        "hours_source": "nconemap"
      }
    },
    {
      "type": "Feature",
      "geometry": {
        "type": "Point",
        "coordinates": [
          -79.012132,
          34.636918
        ]
      },
      "properties": {
        "id": "nconemap-H0064",
        "name": "Southeastern Regional Medical Center",
        "type": "hospital",
        "close_hour": null,
        "hours_source": "nconemap"
      }
    },
    {
      "type": "Feature",
      "geometry": {
        "type": "Point",
        "coordinates": [
          -82.213377,
          35.240284
        ]
      },
      "properties": {
        "id": "nconemap-H0079",
        "name": "Saint Lukes Hospital",
        "type": "hospital",
        "close_hour": null,
        "hours_source": "nconemap"
      }
    },
    {
      "type": "Feature",
      "geometry": {
        "type": "Point",
        "coordinates": [
          -80.194623,
          35.364046
        ]
      },
      "properties": {
        "id": "nconemap-H0008",
        "name": "Stanly Regional Medical Center",
        "type": "hospital",
        "close_hour": null,
        "hours_source": "nconemap"
      }
    },
    {
      "type": "Feature",
      "geometry": {
        "type": "Point",
        "coordinates": [
          -80.228652,
          36.419681
        ]
      },
      "properties": {
        "id": "nconemap-H0165",
        "name": "Pioneer Community Hospital of Stokes",
        "type": "hospital",
        "close_hour": null,
        "hours_source": "nconemap"
      }
    },
    {
      "type": "Feature",
      "geometry": {
        "type": "Point",
        "coordinates": [
          -83.444791,
          35.434665
        ]
      },
      "properties": {
        "id": "nconemap-H0069",
        "name": "Swain Community Hospital",
        "type": "hospital",
        "close_hour": null,
        "hours_source": "nconemap"
      }
    },
    {
      "type": "Feature",
      "geometry": {
        "type": "Point",
        "coordinates": [
          -82.027647,
          35.662237
        ]
      },
      "properties": {
        "id": "nconemap-H0097",
        "name": "McDowell Hospital",
        "type": "hospital",
        "close_hour": null,
        "hours_source": "nconemap"
      }
    },
    {
      "type": "Feature",
      "geometry": {
        "type": "Point",
        "coordinates": [
          -75.617687,
          35.939894
        ]
      },
      "properties": {
        "id": "nconemap-H0273",
        "name": "The Outer Banks Hospital",
        "type": "hospital",
        "close_hour": null,
        "hours_source": "nconemap"
      }
    },
    {
      "type": "Feature",
      "geometry": {
        "type": "Point",
        "coordinates": [
          -80.111483,
          35.879892
        ]
      },
      "properties": {
        "id": "nconemap-H0112",
        "name": "Thomasville Medical Center",
        "type": "hospital",
        "close_hour": null,
        "hours_source": "nconemap"
      }
    },
    {
      "type": "Feature",
      "geometry": {
        "type": "Point",
        "coordinates": [
          -82.711914,
          35.256146
        ]
      },
      "properties": {
        "id": "nconemap-H0111",
        "name": "Transylvania Regional",
        "type": "hospital",
        "close_hour": null,
        "hours_source": "nconemap"
      }
    },
    {
      "type": "Feature",
      "geometry": {
        "type": "Point",
        "coordinates": [
          -79.051679,
          35.905121
        ]
      },
      "properties": {
        "id": "nconemap-H0157",
        "name": "University of North Carolina HealthCare",
        "type": "hospital",
        "close_hour": null,
        "hours_source": "nconemap"
      }
    },
    {
      "type": "Feature",
      "geometry": {
        "type": "Point",
        "coordinates": [
          -81.526088,
          35.741564
        ]
      },
      "properties": {
        "id": "nconemap-H0091",
        "name": "Valdese Hospital",
        "type": "hospital",
        "close_hour": null,
        "hours_source": "nconemap"
      }
    },
    {
      "type": "Feature",
      "geometry": {
        "type": "Point",
        "coordinates": [
          -78.588059,
          35.784982
        ]
      },
      "properties": {
        "id": "nconemap-H0199",
        "name": "WakeMed",
        "type": "hospital",
        "close_hour": null,
        "hours_source": "nconemap"
      }
    },
    {
      "type": "Feature",
      "geometry": {
        "type": "Point",
        "coordinates": [
          -78.78138,
          35.740138
        ]
      },
      "properties": {
        "id": "nconemap-H0276",
        "name": "WakeMed Cary Hospital",
        "type": "hospital",
        "close_hour": null,
        "hours_source": "nconemap"
      }
    },
    {
      "type": "Feature",
      "geometry": {
        "type": "Point",
        "coordinates": [
          -76.729286,
          35.862789
        ]
      },
      "properties": {
        "id": "nconemap-H0006",
        "name": "Washington County Hospital",
        "type": "hospital",
        "close_hour": null,
        "hours_source": "nconemap"
      }
    },
    {
      "type": "Feature",
      "geometry": {
        "type": "Point",
        "coordinates": [
          -81.651533,
          36.198476
        ]
      },
      "properties": {
        "id": "nconemap-H0077",
        "name": "Watauga Medical Center",
        "type": "hospital",
        "close_hour": null,
        "hours_source": "nconemap"
      }
    },
    {
      "type": "Feature",
      "geometry": {
        "type": "Point",
        "coordinates": [
          -77.953018,
          35.398396
        ]
      },
      "properties": {
        "id": "nconemap-H0257",
        "name": "Wayne Memorial Hospital",
        "type": "hospital",
        "close_hour": null,
        "hours_source": "nconemap"
      }
    },
    {
      "type": "Feature",
      "geometry": {
        "type": "Point",
        "coordinates": [
          -81.158331,
          36.159057
        ]
      },
      "properties": {
        "id": "nconemap-H0153",
        "name": "Wilkes Regional Medical Center",
        "type": "hospital",
        "close_hour": null,
        "hours_source": "nconemap"
      }
    },
    {
      "type": "Feature",
      "geometry": {
        "type": "Point",
        "coordinates": [
          -77.943732,
          35.718709
        ]
      },
      "properties": {
        "id": "nconemap-H0210",
        "name": "Wilson Medical Center",
        "type": "hospital",
        "close_hour": null,
        "hours_source": "nconemap"
      }
    },
    {
      "type": "Feature",
      "geometry": {
        "type": "Point",
        "coordinates": [
          -78.873933,
          35.743651
        ]
      },
      "properties": {
        "id": "nconemap- ",
        "name": "WakeMed Apex Healthplex",
        "type": "hospital",
        "close_hour": null,
        "hours_source": "nconemap"
      }
    },
    {
      "type": "Feature",
      "geometry": {
        "type": "Point",
        "coordinates": [
          -78.599358,
          35.909394
        ]
      },
      "properties": {
        "id": "nconemap- ",
        "name": "WakeMed North Healthplex",
        "type": "hospital",
        "close_hour": null,
        "hours_source": "nconemap"
      }
    },
    {
      "type": "Feature",
      "geometry": {
        "type": "Point",
        "coordinates": [
          -79.825196,
          36.083278
        ]
      },
      "properties": {
        "id": "nconemap-H0159",
        "name": "Wesley Long Hospital",
        "type": "hospital",
        "close_hour": null,
        "hours_source": "nconemap"
      }
    },
    {
      "type": "Feature",
      "geometry": {
        "type": "Point",
        "coordinates": [
          -78.992815,
          35.13475
        ]
      },
      "properties": {
        "id": "nconemap- ",
        "name": "Womack Army Medical Center",
        "type": "hospital",
        "close_hour": null,
        "hours_source": "nconemap"
      }
    },
    {
      "type": "Feature",
      "geometry": {
        "type": "Point",
        "coordinates": [
          -80.871621,
          35.092019
        ]
      },
      "properties": {
        "id": "nconemap-H0042",
        "name": "Carolinas Medical Center-Pineville",
        "type": "hospital",
        "close_hour": null,
        "hours_source": "nconemap"
      }
    },
    {
      "type": "Feature",
      "geometry": {
        "type": "Point",
        "coordinates": [
          -78.808227,
          35.425213
        ]
      },
      "properties": {
        "id": "nconemap- ",
        "name": "Central Harnett Hospital",
        "type": "hospital",
        "close_hour": null,
        "hours_source": "nconemap"
      }
    },
    {
      "type": "Feature",
      "geometry": {
        "type": "Point",
        "coordinates": [
          -80.043672,
          36.091478
        ]
      },
      "properties": {
        "id": "nconemap- ",
        "name": "Kernersville Medical Center",
        "type": "hospital",
        "close_hour": null,
        "hours_source": "nconemap"
      }
    },
    {
      "type": "Feature",
      "geometry": {
        "type": "Point",
        "coordinates": [
          -82.489278,
          35.587424
        ]
      },
      "properties": {
        "id": "nconemap- ",
        "name": "Asheville VA Medical Center",
        "type": "hospital",
        "close_hour": null,
        "hours_source": "nconemap"
      }
    },
    {
      "type": "Feature",
      "geometry": {
        "type": "Point",
        "coordinates": [
          -78.937952,
          36.008869
        ]
      },
      "properties": {
        "id": "nconemap- ",
        "name": "Durham VA Medical Center",
        "type": "hospital",
        "close_hour": null,
        "hours_source": "nconemap"
      }
    },
    {
      "type": "Feature",
      "geometry": {
        "type": "Point",
        "coordinates": [
          -78.876799,
          35.08847
        ]
      },
      "properties": {
        "id": "nconemap- ",
        "name": "Fayetteville VA Medical Center",
        "type": "hospital",
        "close_hour": null,
        "hours_source": "nconemap"
      }
    },
    {
      "type": "Feature",
      "geometry": {
        "type": "Point",
        "coordinates": [
          -80.487978,
          35.684235
        ]
      },
      "properties": {
        "id": "nconemap- ",
        "name": "Salisbury - W.G. (Bill) Hefner VA Medical Center",
        "type": "hospital",
        "close_hour": null,
        "hours_source": "nconemap"
      }
    },
    {
      "type": "Feature",
      "geometry": {
        "type": "Point",
        "coordinates": [
          -80.570154,
          35.500659
        ]
      },
      "properties": {
        "id": "nconemap- ",
        "name": "Kannapolis Medical",
        "type": "hospital",
        "close_hour": null,
        "hours_source": "nconemap"
      }
    },
    {
      "type": "Feature",
      "geometry": {
        "type": "Point",
        "coordinates": [
          -80.99339,
          35.098163
        ]
      },
      "properties": {
        "id": "nconemap- ",
        "name": "Carolinas Medical Center-Steele Creek",
        "type": "hospital",
        "close_hour": null,
        "hours_source": "nconemap"
      }
    },
    {
      "type": "Feature",
      "geometry": {
        "type": "Point",
        "coordinates": [
          -80.763451,
          34.963859
        ]
      },
      "properties": {
        "id": "nconemap- ",
        "name": "Carolinas Medical Center-Waxhaw",
        "type": "hospital",
        "close_hour": null,
        "hours_source": "nconemap"
      }
    },
    {
      "type": "Feature",
      "geometry": {
        "type": "Point",
        "coordinates": [
          -79.96737,
          36.04538
        ]
      },
      "properties": {
        "id": "nconemap- ",
        "name": "MedCenter High Point",
        "type": "hospital",
        "close_hour": null,
        "hours_source": "nconemap"
      }
    },
    {
      "type": "Feature",
      "geometry": {
        "type": "Point",
        "coordinates": [
          -79.148762,
          35.023668
        ]
      },
      "properties": {
        "id": "nconemap-H0287",
        "name": "FirstHealth Moore Regional Hospital Hoke Campus",
        "type": "hospital",
        "close_hour": null,
        "hours_source": "nconemap"
      }
    },
    {
      "type": "Feature",
      "geometry": {
        "type": "Point",
        "coordinates": [
          -77.863561,
          34.211795
        ]
      },
      "properties": {
        "id": "nconemap- ",
        "name": "New Hanover Regional Medical Center - Orthopedic Hospital",
        "type": "hospital",
        "close_hour": null,
        "hours_source": "nconemap"
      }
    },
    {
      "type": "Feature",
      "geometry": {
        "type": "Point",
        "coordinates": [
          -80.398475,
          36.029923
        ]
      },
      "properties": {
        "id": "nconemap- ",
        "name": "Clemmons Medical Center",
        "type": "hospital",
        "close_hour": null,
        "hours_source": "nconemap"
      }
    },
    {
      "type": "Feature",
      "geometry": {
        "type": "Point",
        "coordinates": [
          -78.785336,
          35.918727
        ]
      },
      "properties": {
        "id": "nconemap- ",
        "name": "WakeMed Brier Creek Healthplex",
        "type": "hospital",
        "close_hour": null,
        "hours_source": "nconemap"
      }
    },
    {
      "type": "Feature",
      "geometry": {
        "type": "Point",
        "coordinates": [
          -78.596074,
          35.699962
        ]
      },
      "properties": {
        "id": "nconemap- ",
        "name": "WakeMed Garner Healthplex",
        "type": "hospital",
        "close_hour": null,
        "hours_source": "nconemap"
      }
    },
    {
      "type": "Feature",
      "geometry": {
        "type": "Point",
        "coordinates": [
          -79.818458,
          36.092264
        ]
      },
      "properties": {
        "id": "nconemap-H0159",
        "name": "Cone Health-Womens Hospital of Greensboro",
        "type": "hospital",
        "close_hour": null,
        "hours_source": "nconemap"
      }
    },
    {
      "type": "Feature",
      "geometry": {
        "type": "Point",
        "coordinates": [
          -83.325418,
          35.479212
        ]
      },
      "properties": {
        "id": "nconemap- ",
        "name": "Cherokee Indian Hospital",
        "type": "hospital",
        "close_hour": null,
        "hours_source": "nconemap"
      }
    },
    {
      "type": "Feature",
      "geometry": {
        "type": "Point",
        "coordinates": [
          -80.446251,
          36.010394
        ]
      },
      "properties": {
        "id": "nconemap- ",
        "name": "Davie Medical Center Bermuda Run",
        "type": "hospital",
        "close_hour": null,
        "hours_source": "nconemap"
      }
    },
    {
      "type": "Feature",
      "geometry": {
        "type": "Point",
        "coordinates": [
          -78.502145,
          35.629802
        ]
      },
      "properties": {
        "id": "nconemap- ",
        "name": "Johnston Health-Clayton",
        "type": "hospital",
        "close_hour": null,
        "hours_source": "nconemap"
      }
    },
    {
      "type": "Feature",
      "geometry": {
        "type": "Point",
        "coordinates": [
          -80.599613,
          35.442416
        ]
      },
      "properties": {
        "id": "nconemap-H0286",
        "name": "Carolinas Rehabilitation-NorthEast",
        "type": "hospital",
        "close_hour": null,
        "hours_source": "nconemap"
      }
    },
    {
      "type": "Feature",
      "geometry": {
        "type": "Point",
        "coordinates": [
          -81.356343,
          35.240829
        ]
      },
      "properties": {
        "id": "nconemap-H0236",
        "name": "Carolinas ContinuedCare-Kings Mountain",
        "type": "hospital",
        "close_hour": null,
        "hours_source": "nconemap"
      }
    },
    {
      "type": "Feature",
      "geometry": {
        "type": "Point",
        "coordinates": [
          -80.855555,
          35.118192
        ]
      },
      "properties": {
        "id": "nconemap-H0278",
        "name": "Carolinas ContinuedCare-Pineville",
        "type": "hospital",
        "close_hour": null,
        "hours_source": "nconemap"
      }
    },
    {
      "type": "Feature",
      "geometry": {
        "type": "Point",
        "coordinates": [
          -80.748084,
          35.307941
        ]
      },
      "properties": {
        "id": "nconemap-H0289",
        "name": "Carolinas ContinuedCare-University",
        "type": "hospital",
        "close_hour": null,
        "hours_source": "nconemap"
      }
    },
    {
      "type": "Feature",
      "geometry": {
        "type": "Point",
        "coordinates": [
          -79.788944,
          36.08918
        ]
      },
      "properties": {
        "id": "nconemap-H0284",
        "name": "Select Specialty Hospital-Greensboro",
        "type": "hospital",
        "close_hour": null,
        "hours_source": "nconemap"
      }
    },
    {
      "type": "Feature",
      "geometry": {
        "type": "Point",
        "coordinates": [
          -77.374289,
          34.747021
        ]
      },
      "properties": {
        "id": "nconemap-MHH0190",
        "name": " ",
        "type": "hospital",
        "close_hour": null,
        "hours_source": "nconemap"
      }
    },
    {
      "type": "Feature",
      "geometry": {
        "type": "Point",
        "coordinates": [
          -79.731785,
          36.147246
        ]
      },
      "properties": {
        "id": "nconemap-MHH0001",
        "name": " ",
        "type": "hospital",
        "close_hour": null,
        "hours_source": "nconemap"
      }
    },
    {
      "type": "Feature",
      "geometry": {
        "type": "Point",
        "coordinates": [
          -78.586195,
          35.781519
        ]
      },
      "properties": {
        "id": "nconemap-MHH0113",
        "name": " ",
        "type": "hospital",
        "close_hour": null,
        "hours_source": "nconemap"
      }
    },
    {
      "type": "Feature",
      "geometry": {
        "type": "Point",
        "coordinates": [
          -80.317728,
          36.077721
        ]
      },
      "properties": {
        "id": "nconemap-MHH0188",
        "name": " ",
        "type": "hospital",
        "close_hour": null,
        "hours_source": "nconemap"
      }
    },
    {
      "type": "Feature",
      "geometry": {
        "type": "Point",
        "coordinates": [
          -78.562672,
          35.680943
        ]
      },
      "properties": {
        "id": "nconemap-MHH0973",
        "name": " ",
        "type": "hospital",
        "close_hour": null,
        "hours_source": "nconemap"
      }
    },
    {
      "type": "Feature",
      "geometry": {
        "type": "Point",
        "coordinates": [
          -78.063417,
          34.26061
        ]
      },
      "properties": {
        "id": "nconemap-MHH0976",
        "name": " ",
        "type": "hospital",
        "close_hour": null,
        "hours_source": "nconemap"
      }
    },
    {
      "type": "Feature",
      "geometry": {
        "type": "Point",
        "coordinates": [
          -77.928664,
          34.195289
        ]
      },
      "properties": {
        "id": "nconemap-MHH0961",
        "name": " ",
        "type": "hospital",
        "close_hour": null,
        "hours_source": "nconemap"
      }
    },
    {
      "type": "Feature",
      "geometry": {
        "type": "Point",
        "coordinates": [
          -79.051361,
          35.903257
        ]
      },
      "properties": {
        "id": "nconemap-MHH0975",
        "name": " ",
        "type": "hospital",
        "close_hour": null,
        "hours_source": "nconemap"
      }
    },
    {
      "type": "Feature",
      "geometry": {
        "type": "Point",
        "coordinates": [
          -78.942628,
          36.00986
        ]
      },
      "properties": {
        "id": "nconemap-MHH0972",
        "name": " ",
        "type": "hospital",
        "close_hour": null,
        "hours_source": "nconemap"
      }
    },
    {
      "type": "Feature",
      "geometry": {
        "type": "Point",
        "coordinates": [
          -81.673227,
          35.732577
        ]
      },
      "properties": {
        "id": "nconemap-NA",
        "name": " ",
        "type": "hospital",
        "close_hour": null,
        "hours_source": "nconemap"
      }
    },
    {
      "type": "Feature",
      "geometry": {
        "type": "Point",
        "coordinates": [
          -78.770968,
          36.146671
        ]
      },
      "properties": {
        "id": "nconemap-NA",
        "name": " ",
        "type": "hospital",
        "close_hour": null,
        "hours_source": "nconemap"
      }
    },
    {
      "type": "Feature",
      "geometry": {
        "type": "Point",
        "coordinates": [
          -78.028166,
          35.391218
        ]
      },
      "properties": {
        "id": "nconemap-NA",
        "name": " ",
        "type": "hospital",
        "close_hour": null,
        "hours_source": "nconemap"
      }
    },
    {
      "type": "Feature",
      "geometry": {
        "type": "Point",
        "coordinates": [
          -78.67079,
          35.326991
        ]
      },
      "properties": {
        "id": "nconemap-MHH0974",
        "name": " ",
        "type": "hospital",
        "close_hour": null,
        "hours_source": "nconemap"
      }
    }
  ]
}
